IS_AUDITED,COUNTY_NAME,PRECINCT_NAME,PRECINCT_CODE,USA_ND_20161108_GEN_PRE_REP_TRUMP,USA_ND_20161108_GEN_PRE_DEM_CLINTON,USA_ND_20161108_GEN_PRE_LIB_JOHNSON,USA_ND_20161108_GEN_PRE_GRE_STEIN,USA_ND_20161108_GEN_PRE_CON_CASTLE,USA_ND_20161108_GEN_PRE_DEL_FUENTE,USA_ND_20161108_GEN_PRE_OTH_WRITEIN,USA_ND_20161108_GEN_USS_REP_HOEVEN,USA_ND_20161108_GEN_USS_DEM_GLASSHEIM,USA_ND_20161108_GEN_USS_LIB_MARQUETTE,USA_ND_20161108_GEN_USS_IND_GERMANLIC,USA_ND_20161108_GEN_USS_OTH_WRITEIN,USA_ND_20161108_GEN_HAL_REP_CRAMER,USA_ND_20161108_GEN_HAL_DEM_EYES,USA_ND_20161108_GEN_HAL_LIB_SEAMAN,USA_ND_20161108_GEN_HAL_OTH_WRITEIN,USA_ND_20161108_GEN_GOV_REP_BURGUM,USA_ND_20161108_GEN_GOV_DEM_NELSON,USA_ND_20161108_GEN_GOV_LIB_RISKE,USA_ND_20161108_GEN_GOV_OTH_WRITEIN,USA_ND_20161108_GEN_AUD_REP_GALLION,USA_ND_20161108_GEN_AUD_LIB_RIEMERS,USA_ND_20161108_GEN_AUD_OTH_WRITEIN,USA_ND_20161108_GEN_TRE_REP_SCHMIDT,USA_ND_20161108_GEN_TRE_DEM_MATHERN,USA_ND_20161108_GEN_TRE_LIB_OLSON,USA_ND_20161108_GEN_TRE_OTH_WRITEIN,USA_ND_20161108_GEN_INS_REP_GODFREAD,USA_ND_20161108_GEN_INS_DEM_BUFFALO,USA_ND_20161108_GEN_INS_LIB_BATA,USA_ND_20161108_GEN_INS_OTH_WRITEIN,USA_ND_20161108_GEN_PSC_REP_FEDORCHAK,USA_ND_20161108_GEN_PSC_DEM_HUNTE_BEAUBRUN,USA_ND_20161108_GEN_PSC_LIB_SKADELAND,USA_ND_20161108_GEN_PSC_OTH_WRITEIN
0,_001,_Adams County,_Adams County,909,216,65,8,13,0,7,1067,114,23,17,2,1003,151,58,0,1049,135,33,0,974,163,1,874,216,78,0,880,203,65,1,926,163,72,2
0,_003,_Precinct 2401-00,_Precinct 2401-00,240,141,29,2,2,0,5,346,63,7,3,0,269,127,22,0,333,78,9,0,297,77,3,243,134,23,2,236,126,34,2,262,103,29,2
0,_003,_Precinct 2402-00,_Precinct 2402-00,372,233,53,9,3,1,11,526,131,15,2,0,395,229,38,2,526,131,14,1,426,173,2,342,252,53,1,339,231,54,2,376,197,57,0
0,_003,_Precinct 2403-00,_Precinct 2403-00,230,164,40,8,3,2,12,335,92,14,13,3,274,160,20,2,337,92,25,1,289,129,2,239,158,40,1,241,140,49,1,254,124,49,1
0,_003,_Precinct 2404-00,_Precinct 2404-00,347,205,51,5,3,1,11,494,103,21,8,1,366,206,46,2,477,116,31,2,400,159,7,341,217,46,1,340,181,66,1,377,154,53,2
0,_003,_Precinct 2405-00,_Precinct 2405-00,451,289,66,10,3,2,18,674,140,23,8,0,514,267,50,0,643,164,31,0,588,171,2,497,266,46,1,464,253,85,1,518,205,70,1
0,_003,_Precinct 2406-00,_Precinct 2406-00,206,91,19,3,3,0,5,252,52,10,6,0,203,92,28,0,247,56,18,0,219,74,2,176,103,27,0,181,84,39,0,191,85,28,0
0,_003,_Precinct 2407-00,_Precinct 2407-00,80,31,15,0,5,0,3,110,19,4,2,0,91,30,11,0,109,15,7,0,92,31,0,82,34,15,0,75,40,14,0,90,31,10,0
0,_003,_Precinct 2408-00,_Precinct 2408-00,114,28,10,0,0,0,3,143,12,0,2,1,120,23,13,0,136,17,2,0,116,24,0,106,35,5,0,98,30,15,0,110,22,12,1
0,_003,_Precinct 2409-00,_Precinct 2409-00,151,46,24,0,4,0,0,193,19,8,2,0,152,48,16,0,188,19,15,0,154,47,0,129,50,22,0,123,49,24,1,142,31,22,0
0,_003,_Precinct 2410-00,_Precinct 2410-00,54,28,5,0,0,0,1,62,17,4,2,0,50,25,9,0,66,17,4,0,53,16,1,50,26,6,0,51,20,6,0,50,20,5,0
0,_003,_Precinct 2411-00,_Precinct 2411-00,380,144,39,5,7,0,11,490,78,10,3,0,402,148,24,1,490,85,10,0,418,98,2,362,172,24,0,353,137,52,0,409,104,27,1
0,_003,_Precinct 2412-00,_Precinct 2412-00,168,59,17,4,2,0,0,214,29,8,1,0,182,57,13,0,212,38,3,0,183,56,0,166,67,10,2,155,65,19,1,185,37,20,0
0,_003,_Precinct 2413-00,_Precinct 2413-00,156,68,25,1,6,0,4,209,39,11,3,0,168,62,29,1,212,41,10,0,175,64,0,134,94,21,0,136,74,37,1,161,61,26,1
0,_003,_Precinct 2414-00,_Precinct 2414-00,65,25,7,0,0,0,0,76,18,3,0,0,65,27,6,0,73,21,4,0,60,22,0,55,29,7,0,53,27,7,0,58,24,8,0
0,_003,_Precinct 2415-00,_Precinct 2415-00,146,45,7,0,0,0,2,178,23,2,1,0,150,37,12,0,168,27,5,1,144,39,1,136,51,12,0,135,47,11,0,142,37,13,0
0,_005,_Precinct 1,_Precinct 1,626,314,77,5,8,0,21,833,204,20,15,0,738,259,60,1,726,315,24,2,716,245,1,586,379,74,0,623,328,76,1,672,283,68,0
0,_005,_Precinct 2,_Precinct 2,146,79,17,2,3,0,5,200,50,4,5,0,164,72,15,2,164,85,6,0,178,49,1,145,80,22,0,145,70,27,0,172,54,21,1
0,_005,_Precinct 3,_Precinct 3,81,372,15,29,4,1,38,203,270,39,13,2,74,450,14,0,137,344,42,0,152,324,4,107,339,63,2,65,433,26,2,96,369,49,1
0,_005,_Precinct 4,_Precinct 4,76,77,3,5,2,0,5,104,50,5,5,0,77,76,9,0,82,73,6,1,97,50,3,73,66,18,1,67,83,9,1,76,70,9,1
0,_007,_Precinct 01,_Precinct 01,133,31,14,0,1,0,4,156,22,6,1,0,143,34,7,0,160,16,9,0,148,25,0,139,26,14,0,137,25,14,0,141,18,16,0
0,_007,_Precinct 02,_Precinct 02,267,21,14,2,5,1,3,285,18,9,1,0,268,26,14,2,280,23,11,0,268,31,0,256,31,19,0,261,24,19,0,262,16,23,0
0,_007,_Precinct 03,_Precinct 03,95,7,5,2,0,0,0,102,3,1,1,0,94,8,4,0,97,9,2,0,93,11,0,88,11,6,0,90,9,4,1,93,6,6,0
0,_009,_Precinct 01,_Precinct 01,421,175,34,7,3,0,10,551,76,18,5,0,485,119,42,0,506,124,14,0,466,125,1,397,182,43,0,389,171,48,1,429,122,59,0
0,_009,_Precinct 02,_Precinct 02,539,177,56,3,2,0,6,662,98,21,7,0,584,134,60,0,610,140,27,3,571,144,2,524,178,58,2,516,164,71,2,539,149,63,2
0,_009,_Precinct 03,_Precinct 03,480,130,27,5,2,0,15,557,71,20,9,0,503,101,44,0,526,111,16,1,491,123,1,447,144,45,0,428,136,59,0,456,114,51,0
0,_009,_Precinct 04,_Precinct 04,533,151,32,8,1,0,6,645,75,10,7,0,567,127,34,0,585,131,12,1,552,114,0,496,176,33,0,480,152,52,0,530,129,36,0
0,_009,_Precinct 05,_Precinct 05,521,103,28,7,3,3,6,583,63,11,9,1,533,97,34,0,541,89,32,2,512,108,2,474,122,45,1,476,110,47,1,516,82,38,1
0,_011,_Bowman City,_Bowman City,629,136,48,8,0,1,9,732,80,12,8,2,671,101,54,0,711,99,19,1,654,123,1,607,145,39,0,622,134,36,0,633,104,61,0
0,_011,_Bowman Four Seasons,_Bowman Four Seasons,363,29,15,0,0,1,4,387,19,9,1,0,372,22,16,0,375,33,5,0,344,38,0,328,44,18,0,329,42,15,2,336,28,19,0
0,_011,_Rhame,_Rhame,193,12,3,1,0,0,1,197,7,6,2,0,192,10,8,0,201,12,3,0,177,21,0,169,22,10,0,173,17,7,1,174,13,15,0
0,_011,_Scranton,_Scranton,261,50,13,4,4,0,2,289,30,9,4,0,267,44,19,1,290,34,9,0,256,55,1,238,62,21,1,247,53,19,0,255,38,27,0
0,_013,_Precinct 01,_Precinct 01,48,6,1,0,0,0,0,51,5,0,1,0,47,7,2,0,50,6,0,0,42,10,1,42,9,4,0,41,9,5,0,44,7,4,0
0,_013,_Precinct 02,_Precinct 02,229,39,8,4,2,0,2,258,23,2,2,0,228,30,20,1,239,43,2,0,219,43,0,214,42,15,0,207,46,13,0,223,31,16,0
0,_013,_Precinct 03,_Precinct 03,314,31,10,0,0,0,2,340,13,3,0,0,320,27,6,0,311,32,4,3,311,22,0,272,53,15,1,280,35,18,0,283,38,17,1
0,_013,_Precinct 04,_Precinct 04,128,16,5,0,1,0,0,136,7,5,2,0,134,10,6,0,129,16,4,1,119,16,0,117,18,5,0,107,23,9,0,120,13,7,0
0,_013,_Precinct 05,_Precinct 05,115,13,1,1,0,0,0,119,10,2,0,0,116,9,5,0,110,18,2,0,107,10,0,107,14,3,0,105,14,7,0,109,11,5,0
0,_013,_Precinct 06,_Precinct 06,61,14,1,0,0,0,0,66,8,2,0,0,65,7,4,0,66,7,3,0,59,11,0,55,10,8,0,56,9,7,0,61,8,5,0
0,_015,_Bismarck Civic Center,_Bismarck Civic Center,332,201,42,15,6,1,9,419,133,22,25,0,344,190,54,1,392,167,27,2,350,180,3,311,195,56,1,298,191,67,1,319,166,65,1
0,_015,_Centennial (Century Baptist),_Centennial (Century Baptist),1470,536,93,19,10,2,55,1823,307,34,23,3,1619,443,99,3,1785,341,44,4,1645,352,6,1476,507,117,3,1572,398,104,3,1635,350,93,5
0,_015,_City of Lincoln,_City of Lincoln,1478,281,133,32,6,2,22,1603,218,76,35,2,1458,298,159,3,1571,263,75,2,1363,427,8,1240,390,182,6,1312,329,175,5,1311,293,192,8
0,_015,_County 4-H Building 28,_County 4-H Building 28,675,100,28,5,6,0,15,736,64,19,13,1,678,102,45,2,709,81,28,4,642,113,4,591,134,55,2,638,85,49,1,642,76,51,1
0,_015,_County 4-H Building 7,_County 4-H Building 7,600,125,34,3,2,0,11,667,76,16,8,1,606,110,48,0,654,85,19,0,605,109,1,538,156,45,1,578,111,47,0,598,93,45,0
0,_015,_County 4-H Building 8,_County 4-H Building 8,1232,210,59,3,8,3,19,1350,136,29,21,0,1248,177,91,1,1345,141,36,3,1216,214,1,1112,262,89,0,1159,189,94,2,1198,155,96,3
0,_015,_Evangel Assembly of God 7,_Evangel Assembly of God 7,657,128,34,5,3,0,11,724,84,15,9,1,676,112,46,0,726,85,18,1,642,125,4,588,152,48,0,614,111,45,2,636,104,28,0
0,_015,_Evangel Assembly of God 8,_Evangel Assembly of God 8,1059,200,54,1,9,3,24,1167,121,27,24,0,1086,163,90,3,1149,148,35,7,1022,223,6,970,230,94,1,1001,178,86,2,1047,147,89,1
0,_015,_GracePoint Church 47,_GracePoint Church 47,1888,779,145,18,4,6,61,2345,451,64,29,1,2068,623,169,5,2310,499,52,4,2145,441,10,1864,749,134,4,1979,629,122,4,2030,558,138,2
0,_015,_GracePoint Church 7,_GracePoint Church 7,867,251,71,5,5,0,27,1063,128,26,7,2,947,184,68,4,1029,143,32,6,946,160,7,835,238,75,5,881,177,83,5,932,149,70,4
0,_015,_Grimsrud School,_Grimsrud School,764,354,102,28,5,1,38,962,235,50,29,2,830,351,91,2,947,266,51,7,866,296,8,766,341,114,0,803,303,96,0,817,273,100,4
0,_015,_Highland Acres School,_Highland Acres School,652,311,89,7,3,0,43,854,203,35,8,1,706,305,69,2,819,222,32,6,746,203,6,638,295,77,0,685,258,66,1,716,213,72,0
0,_015,_Horizon (Century Baptist),_Horizon (Century Baptist),2087,680,153,17,16,4,60,2576,380,50,22,3,2327,500,161,10,2553,393,66,18,2417,373,16,2110,656,141,3,2271,457,136,7,2366,376,139,2
0,_015,_Legacy High School,_Legacy High School,934,274,73,6,5,2,24,1114,170,32,15,0,1006,246,77,2,1066,204,39,4,1002,206,4,898,284,80,3,939,256,62,2,961,207,85,2
0,_015,_Liberty School 7,_Liberty School 7,870,209,69,4,5,0,23,1010,129,30,11,1,901,192,75,3,1015,132,23,4,913,170,3,820,228,72,1,863,185,63,3,897,145,65,1
0,_015,_Liberty School 8,_Liberty School 8,646,131,44,5,3,0,19,731,79,22,16,1,678,112,45,2,709,97,28,1,634,137,1,601,133,66,1,621,115,58,2,653,86,62,1
0,_015,_Lord of Life Church,_Lord of Life Church,1356,440,87,13,5,4,48,1615,265,52,20,1,1446,364,126,3,1543,315,63,6,1429,311,7,1239,503,113,2,1303,376,131,1,1361,331,124,1
0,_015,_Menoken School,_Menoken School,311,47,17,0,4,1,2,332,31,10,4,2,303,42,34,1,333,34,11,1,285,63,4,279,57,33,1,282,46,29,1,288,42,27,1
0,_015,_Moses (Civic Center),_Moses (Civic Center),1219,383,93,18,8,0,32,1462,226,40,20,2,1292,336,96,3,1456,234,48,2,1314,273,9,1124,423,109,3,1199,327,115,3,1266,271,106,4
0,_015,_Myhre (Civic Center),_Myhre (Civic Center),468,181,67,19,7,1,15,575,130,34,18,0,474,221,57,2,524,155,68,2,459,239,3,415,206,107,1,433,210,73,2,445,168,102,2
0,_015,_ND State Capitol Building,_ND State Capitol Building,781,628,133,34,27,2,53,1063,453,81,33,4,857,616,152,3,1047,479,85,8,999,434,17,823,585,151,1,860,537,154,2,901,493,151,3
0,_015,_Northridge School,_Northridge School,890,380,92,13,7,1,37,1108,236,57,15,2,966,348,79,3,1091,259,46,4,1001,254,5,852,378,96,2,918,305,95,2,957,260,92,4
0,_015,_Pioneer School,_Pioneer School,676,326,95,27,8,4,34,854,216,60,23,1,744,322,79,3,822,259,63,7,733,297,7,632,343,115,4,655,310,116,5,704,258,107,6
0,_015,_Regan (Wilton County Shop),_Regan (Wilton County Shop),115,26,3,0,0,1,1,130,20,0,0,0,113,27,10,0,122,24,3,0,105,28,0,101,33,9,0,99,27,13,0,107,21,11,0
0,_015,_Riverwood (Civic Center),_Riverwood (Civic Center),542,205,41,7,6,1,18,657,130,23,12,5,567,191,51,6,626,158,29,4,584,160,7,504,215,64,5,525,170,58,3,571,148,55,4
0,_015,_Robert Miller School,_Robert Miller School,1018,375,77,11,16,0,32,1266,214,37,13,1,1116,300,100,1,1213,242,54,1,1123,247,6,959,374,100,3,1038,298,95,5,1082,242,105,2
0,_015,_Roosevelt School,_Roosevelt School,437,260,43,13,8,1,27,535,198,31,9,2,471,261,43,2,529,209,33,6,508,178,4,423,255,63,2,454,238,46,2,472,213,51,5
0,_015,_Senior Center,_Senior Center,1022,417,132,36,16,1,48,1216,326,84,41,3,1045,462,146,5,1180,348,129,4,1052,424,10,940,445,179,4,933,418,194,5,1020,352,173,7
0,_015,_Simle Middle School,_Simle Middle School,671,292,68,16,6,1,39,877,176,33,9,0,758,271,56,1,838,210,37,8,775,218,2,687,297,67,0,725,249,74,0,756,206,67,1
0,_015,_Solheim School,_Solheim School,1460,470,101,24,10,1,36,1745,263,59,20,3,1514,403,134,10,1724,284,65,4,1571,346,2,1383,453,146,3,1448,378,138,5,1531,297,154,2
0,_015,_South Central High School,_South Central High School,449,233,63,8,3,2,22,565,158,22,25,2,482,230,52,1,551,175,31,0,483,198,2,420,233,71,2,444,197,74,0,460,182,70,0
0,_015,_Sterling School,_Sterling School,206,33,12,0,1,0,4,216,23,10,6,1,198,38,22,0,216,26,8,2,189,42,0,174,51,16,0,168,41,24,1,176,35,22,0
0,_015,_Sunrise School,_Sunrise School,1278,339,104,11,6,0,19,1471,203,60,18,2,1322,290,117,5,1392,273,52,3,1283,316,5,1141,371,134,1,1199,296,129,3,1202,269,144,3
0,_015,_The Element,_The Element,885,330,78,13,4,0,33,1043,222,40,31,0,948,278,97,2,1008,259,44,8,924,274,12,804,341,113,3,851,299,95,3,891,263,97,2
0,_015,_United Tribes Tech College,_United Tribes Tech College,1174,345,80,19,13,1,50,1357,234,45,20,1,1211,356,76,2,1301,274,63,1,1227,291,8,1091,368,108,2,1117,342,99,3,1167,283,108,2
0,_015,_Wachter (Civic Center),_Wachter (Civic Center),934,338,95,21,8,3,33,1135,227,32,31,3,988,330,97,4,1062,279,66,5,982,321,8,878,347,137,3,900,327,120,2,930,284,131,3
0,_015,_Wilton County Shop,_Wilton County Shop,231,46,12,0,1,0,5,252,26,10,5,1,228,48,16,0,238,34,20,0,200,65,2,188,59,32,0,192,51,32,1,198,45,34,1
0,_015,_Wing Fire Hall,_Wing Fire Hall,198,17,6,4,3,0,3,212,13,5,2,0,192,21,17,0,195,24,9,0,171,39,0,173,29,18,1,170,21,17,0,160,30,20,0
0,_017,_1101 Olivet Lutheran Church,_1101 Olivet Lutheran Church,1459,1642,239,57,18,5,66,2227,1005,161,57,5,1744,1329,328,6,2300,972,167,12,2059,960,19,1496,1593,234,7,1557,1392,277,8,1733,1189,271,16
0,_017,_1102 Baymont Inn,_1102 Baymont Inn,1522,1648,291,72,27,6,96,2291,1043,185,65,5,1731,1406,396,5,2289,1065,229,7,2019,1126,28,1402,1675,353,9,1468,1496,365,7,1693,1238,378,9
0,_017,_1301 Westside Elem School,_1301 Westside Elem School,1455,846,162,30,7,6,51,1941,462,94,38,6,1592,656,256,2,1955,458,106,8,1696,618,8,1324,883,204,2,1417,742,222,2,1561,587,220,5
0,_017,_1302 West Fargo City Hall,_1302 West Fargo City Hall,889,733,170,34,4,3,35,1303,407,96,33,0,994,586,214,5,1300,427,108,2,1115,552,9,837,746,167,3,845,659,218,6,954,535,217,6
0,_017,_1303 Cambria Suites,_1303 Cambria Suites,1826,1198,175,29,18,3,57,2639,550,75,38,6,2166,838,244,0,2611,593,102,5,2361,643,13,1841,1199,151,3,1934,983,194,2,2152,793,180,4
0,_017,_1601 Meadowridge Bible Chapel,_1601 Meadowridge Bible Chapel,1024,1054,195,48,14,5,60,1493,677,120,59,2,1169,901,253,7,1456,716,157,3,1274,846,21,996,1015,234,4,951,997,263,7,1074,816,304,6
0,_017,_1602 Lutheran Church of the Cross,_1602 Lutheran Church of the Cross,997,966,171,39,8,2,56,1506,535,92,52,10,1180,741,231,7,1463,582,115,7,1326,600,15,1021,858,188,5,1012,797,220,6,1108,660,232,8
0,_017,_1603 Scheels Arena,_1603 Scheels Arena,1502,1089,261,34,9,4,77,2074,662,134,56,6,1708,887,299,6,2072,704,131,3,1845,764,17,1490,1005,261,3,1424,975,325,11,1619,777,307,7
0,_017,_1604 Journey In Faith Church,_1604 Journey In Faith Church,714,340,79,16,5,0,36,983,164,42,7,1,831,244,90,2,986,161,35,1,873,210,1,732,322,69,0,722,266,105,1,808,199,92,0
0,_017,_2001 Northern Cass PSD,_2001 Northern Cass PSD,260,125,46,5,3,1,10,377,50,21,4,1,281,113,57,1,374,59,18,2,297,102,2,244,154,36,1,249,119,53,1,281,94,41,1
0,_017,_2101 Robert D Johnson Rec Ctr,_2101 Robert D Johnson Rec Ctr,1125,1714,260,101,18,3,82,1724,1219,194,63,8,1277,1525,368,5,1812,1158,231,10,1517,1218,41,1187,1554,328,6,1136,1526,350,9,1289,1292,393,11
0,_017,_2102 Fargo Public Library,_2102 Fargo Public Library,1207,1251,251,75,13,4,72,1659,819,167,54,12,1310,1043,270,19,1643,799,205,8,1364,844,17,1072,988,312,13,1034,977,294,15,1063,890,307,8
0,_017,_2201 Page Senior Ctr,_2201 Page Senior Ctr,148,57,18,4,2,0,2,187,30,6,6,2,153,55,20,0,188,32,10,2,152,57,1,140,63,18,0,136,61,20,0,155,43,20,0
0,_017,_2202 Arthur Community Hall,_2202 Arthur Community Hall,297,126,48,1,4,0,5,396,60,18,6,1,298,135,43,1,419,57,9,1,339,97,6,291,142,29,2,289,122,41,1,315,103,34,1
0,_017,_2203 Buffalo Community Center,_2203 Buffalo Community Center,186,82,29,2,1,0,4,254,37,9,4,0,189,87,21,1,245,50,7,3,188,80,1,170,94,22,0,153,108,19,1,188,67,21,1
0,_017,_2204 Days Inn Casselton,_2204 Days Inn Casselton,924,463,114,12,11,1,26,1277,229,30,18,0,1001,394,132,6,1278,250,35,2,1073,312,9,892,502,84,2,861,443,128,2,1002,328,109,1
0,_017,_2205 Mapleton Community Ctr,_2205 Mapleton Community Ctr,499,213,62,10,1,2,22,647,126,25,10,1,519,184,92,2,617,142,40,4,552,190,1,470,249,56,2,447,217,93,3,512,163,81,1
0,_017,_2206 Triumph West,_2206 Triumph West,1941,1078,274,30,20,5,79,2655,581,140,22,8,2253,781,316,5,2683,552,162,3,2295,744,17,1882,1051,263,3,1964,880,295,0,2160,717,264,1
0,_017,_2207 Davenport Community Ctr,_2207 Davenport Community Ctr,310,124,27,7,6,1,6,388,82,12,6,0,327,125,33,0,382,88,15,0,340,109,1,285,147,38,0,293,134,36,0,309,113,34,1
0,_017,_2208 Horace Senior Center,_2208 Horace Senior Center,1221,641,141,13,12,6,35,1612,325,79,27,4,1340,481,185,6,1644,328,72,1,1339,503,9,1143,626,168,3,1155,525,202,4,1242,439,201,4
0,_017,_2401 Tower City Community Ctr,_2401 Tower City Community Ctr,146,44,12,1,2,0,3,180,20,5,0,0,140,43,16,1,170,27,8,0,145,40,0,123,58,13,0,127,47,18,0,130,36,19,1
0,_017,_2402 Alice Nu Tech Office,_2402 Alice Nu Tech Office,212,87,34,2,3,0,9,289,41,15,8,0,221,97,33,0,271,61,19,0,233,88,0,205,112,29,0,197,99,34,0,225,70,37,0
0,_017,_2501 Hickson Community Center,_2501 Hickson Community Center,294,94,24,5,1,0,6,342,51,20,10,0,306,68,47,0,355,52,15,1,297,72,0,266,103,24,0,276,78,30,0,298,58,24,1
0,_017,_2502 Kindred City Hall,_2502 Kindred City Hall,369,123,47,3,6,2,10,474,63,16,6,0,375,108,66,4,450,79,24,3,415,97,1,350,137,43,1,350,119,47,1,381,103,37,1
0,_017,_2701 West Acres-Main Entrance,_2701 West Acres-Main Entrance,471,533,99,26,9,1,28,710,327,70,17,4,569,433,108,8,660,358,91,1,582,368,8,469,441,121,5,469,444,96,4,496,393,107,2
0,_017,_2702 Living Waters Church,_2702 Living Waters Church,1684,1341,269,39,13,3,68,2508,711,113,30,4,2035,984,281,7,2537,687,138,7,2266,732,17,1703,1207,261,12,1726,1105,289,5,1975,869,254,7
0,_017,_2703 Calvary United Methodist,_2703 Calvary United Methodist,2664,1695,398,65,20,6,106,3730,920,192,50,10,3088,1252,482,12,3775,914,196,10,3366,1076,16,2728,1538,383,9,2791,1330,449,9,3016,1113,422,15
0,_017,_4101 Bethel Evangelical Church,_4101 Bethel Evangelical Church,2085,1689,287,57,29,4,114,3011,986,160,60,13,2431,1343,383,8,3057,944,218,7,2720,1040,25,2137,1595,306,7,2214,1425,333,5,2463,1165,305,8
0,_017,_4102 First Assembly of God,_4102 First Assembly of God,1719,1241,253,29,20,0,79,2531,663,108,23,1,2101,887,284,7,2493,671,126,10,2294,679,17,1834,1120,204,1,1918,951,218,3,2010,829,232,8
0,_017,_4401 El Zagal Shrine,_4401 El Zagal Shrine,1656,2026,371,103,22,6,116,2558,1389,179,78,6,1902,1789,432,13,2502,1407,250,9,2175,1313,33,1639,1850,419,8,1674,1705,404,8,1826,1513,423,14
0,_017,_4402 Knollbrook Covenant Chrch,_4402 Knollbrook Covenant Chrch,1506,1415,245,48,17,4,88,2366,814,103,27,1,1816,1143,297,9,2266,879,117,4,2015,839,14,1612,1328,194,1,1578,1193,262,4,1793,989,236,6
0,_017,_4501 FargoDome,_4501 FargoDome,1964,1721,322,75,18,7,107,2892,1030,150,54,2,2302,1362,372,16,2831,1061,184,9,2607,1035,19,2075,1527,283,6,2013,1473,338,8,2295,1151,340,8
0,_017,_4502 Reiles Acres Community Cn,_4502 Reiles Acres Community Cn,659,274,65,9,4,1,21,826,147,36,11,1,700,231,81,1,826,166,34,3,733,204,1,603,285,76,0,635,229,80,0,658,196,82,6
0,_017,_4503 Harwood Community Center,_4503 Harwood Community Center,712,311,89,15,5,1,13,936,150,46,8,1,758,256,109,1,941,155,41,4,775,273,4,647,362,81,4,691,279,93,2,771,200,91,2
0,_017,_4504 Argusville Fire Hall,_4504 Argusville Fire Hall,303,103,38,3,2,0,9,393,44,17,5,0,306,95,53,1,410,41,8,0,329,87,0,268,129,27,1,270,100,45,0,306,74,35,0
0,_017,_4601 The Bowler,_4601 The Bowler,1004,1018,157,41,8,3,72,1512,653,86,29,5,1206,839,196,11,1484,672,119,3,1346,671,9,1040,976,173,4,1054,906,182,5,1157,794,177,5
0,_017,_4602 Atonement Lutheran Church,_4602 Atonement Lutheran Church,1718,1388,231,43,11,1,91,2581,750,111,27,0,2062,1052,298,7,2626,728,107,2,2278,779,14,1841,1250,216,3,1860,1089,274,4,2071,888,250,6
0,_017,_4603 Riverview Place,_4603 Riverview Place,1144,868,131,26,8,3,35,1679,446,56,22,4,1333,640,192,5,1653,464,72,5,1430,509,15,1150,824,128,4,1183,710,172,4,1344,590,130,5
0,_019,_Precinct 1,_Precinct 1,1357,476,110,19,7,2,35,1707,290,31,18,2,1528,367,102,4,1598,374,37,5,1428,352,3,1222,548,118,1,1179,431,239,3,1329,377,134,1
0,_021,_Precinct 01,_Precinct 01,724,181,51,11,12,0,9,857,115,17,20,0,794,162,42,0,814,152,27,1,751,157,0,718,208,44,0,694,186,63,1,711,159,62,0
0,_021,_Precinct 02,_Precinct 02,108,31,8,1,1,2,2,125,29,3,0,0,108,41,6,0,122,33,2,0,99,35,0,98,48,6,0,89,42,14,0,100,37,7,0
0,_021,_Precinct 03,_Precinct 03,835,342,64,11,2,4,8,1040,191,23,9,2,899,292,62,2,1009,219,26,0,954,200,3,788,384,48,2,768,319,112,0,819,279,82,0
0,_023,_Precinct 1,_Precinct 1,425,121,32,5,1,3,9,502,73,14,9,1,460,97,37,1,468,105,18,1,430,99,2,412,125,27,1,372,125,51,1,415,93,40,1
0,_023,_Precinct 2,_Precinct 2,198,70,20,2,1,0,9,252,35,13,1,0,217,62,19,0,223,67,9,0,215,44,0,193,75,13,0,178,80,17,0,200,56,21,1
0,_023,_Precinct 3,_Precinct 3,123,37,3,1,0,0,1,142,20,4,1,0,135,21,9,0,127,32,3,2,134,11,0,114,32,7,0,117,28,4,0,117,22,13,0
0,_023,_Precinct 4,_Precinct 4,121,17,16,1,0,0,3,143,12,5,3,0,123,23,14,0,121,28,8,0,120,31,0,106,30,22,0,108,27,18,0,108,23,21,0
0,_025,_Antelope - Twin Buttes,_Antelope - Twin Buttes,24,91,2,5,1,0,4,40,73,7,5,0,18,109,0,0,34,84,7,2,33,81,3,26,88,13,0,15,114,0,0,24,95,8,0
0,_025,_Collins/Halliday,_Collins/Halliday,182,20,9,0,1,0,2,192,12,7,1,0,176,17,14,1,187,14,7,0,166,34,0,161,24,18,0,153,27,20,0,164,20,17,0
0,_025,_Dodge/Loring,_Dodge/Loring,75,14,1,1,0,0,2,88,6,1,0,0,76,11,4,0,74,17,1,0,75,10,1,68,21,1,0,65,18,3,0,72,12,2,0
0,_025,_Dunn Center/Decorah,_Dunn Center/Decorah,268,33,11,0,2,0,1,280,24,4,4,1,263,37,9,0,272,31,6,0,256,34,0,249,39,11,0,254,34,7,0,257,28,13,0
0,_025,_Killdeer City 36,_Killdeer City 36,22,1,1,0,0,0,0,19,1,3,1,0,20,1,3,0,21,1,2,0,18,5,0,19,1,3,0,18,2,4,0,20,1,3,0
0,_025,_Killdeer City 39,_Killdeer City 39,399,52,14,4,1,0,3,426,27,9,6,0,399,47,21,0,412,37,12,0,384,47,0,366,55,26,0,367,58,19,1,378,38,24,1
0,_025,_Killdeer Unorganized,_Killdeer Unorganized,146,12,2,0,2,0,3,150,10,2,0,0,139,18,4,0,152,8,2,0,139,16,0,136,17,5,1,131,19,8,0,139,11,6,0
0,_025,_Kyseth,_Kyseth,78,11,0,0,0,0,2,87,4,0,0,0,83,6,2,0,82,7,0,0,74,6,0,70,11,3,0,70,9,4,0,76,5,2,0
0,_025,_Manning,_Manning,263,29,12,2,2,0,2,273,23,7,4,0,254,33,14,0,274,30,7,0,234,39,0,240,45,11,0,229,35,17,1,246,29,14,0
0,_025,_New Hradec,_New Hradec,197,23,6,0,3,1,2,213,15,5,4,0,208,19,6,0,212,17,6,0,196,22,2,184,31,14,0,185,27,12,1,202,14,10,0
0,_025,_North Fox,_North Fox,10,65,1,2,0,0,1,24,52,1,1,0,10,69,0,0,26,51,2,0,23,46,2,17,57,4,0,10,69,0,0,13,59,5,0
0,_025,_Oakdale,_Oakdale,107,7,1,0,3,0,2,117,4,0,0,0,111,8,1,0,114,5,0,0,104,12,1,106,11,3,0,109,8,2,1,110,6,2,0
0,_027,_Precinct 01,_Precinct 01,434,194,35,10,3,1,8,536,114,18,7,0,456,173,39,0,353,310,16,0,448,165,1,396,212,46,0,370,188,92,0,412,165,62,0
0,_027,_Precinct 02,_Precinct 02,357,161,18,5,3,0,2,426,105,17,3,0,370,135,45,0,363,179,12,3,378,103,6,314,164,46,0,302,143,74,0,338,131,45,0
0,_029,_Precinct 1,_Precinct 1,379,53,14,3,3,0,3,403,35,11,7,1,373,49,36,0,391,45,17,0,352,70,0,336,77,26,0,338,59,26,1,351,56,25,0
0,_029,_Precinct 2,_Precinct 2,334,44,7,1,2,1,3,340,31,9,6,2,321,41,19,1,336,39,11,1,303,55,1,289,56,28,1,293,49,20,1,291,41,31,1
0,_029,_Precinct 3,_Precinct 3,343,43,12,1,1,0,7,372,29,6,4,0,354,32,20,1,366,38,6,0,331,59,0,311,73,18,1,318,46,27,1,329,44,22,1
0,_029,_Precinct 4,_Precinct 4,287,49,16,1,1,0,1,314,25,6,6,0,313,24,12,0,306,35,8,0,274,41,0,244,72,21,1,243,55,21,0,249,46,26,1
0,_029,_Precinct 5,_Precinct 5,334,26,3,4,2,0,3,345,16,4,6,0,331,33,7,2,339,28,7,0,315,29,0,306,39,10,0,310,26,8,0,315,21,13,0
0,_031,_Precinct 01,_Precinct 01,75,29,1,0,0,0,1,89,16,1,4,0,78,22,7,0,77,29,4,0,75,24,0,58,38,9,0,41,23,41,0,64,23,12,0
0,_031,_Precinct 02,_Precinct 02,36,21,3,0,0,0,0,50,9,3,0,0,42,13,4,0,48,15,0,0,46,7,0,38,20,1,0,39,13,4,0,43,14,2,0
0,_031,_Precinct 03,_Precinct 03,70,19,5,0,3,0,2,81,13,8,0,0,74,12,14,0,66,27,10,0,71,24,0,58,24,15,0,56,18,22,0,64,13,18,0
0,_031,_Precinct 04,_Precinct 04,330,45,32,2,0,0,3,381,21,10,3,0,347,46,17,0,362,41,10,0,317,65,1,305,70,18,0,278,44,67,0,325,32,32,0
0,_031,_Precinct 05,_Precinct 05,372,119,30,4,2,1,7,465,52,18,8,2,411,80,43,1,437,85,14,2,370,127,2,355,126,31,1,345,96,62,0,366,88,49,2
0,_031,_Precinct 06,_Precinct 06,358,114,25,4,4,0,2,425,59,19,6,0,387,90,30,0,407,89,15,0,364,95,0,317,143,29,0,311,101,64,0,341,101,34,0
0,_033,_Precinct #1,_Precinct #1,796,99,40,4,7,0,11,857,62,28,8,1,811,96,46,0,795,128,26,2,753,145,0,732,119,59,2,724,105,68,1,744,85,71,5
0,_035,_Alerus 01,_Alerus 01,450,191,20,6,1,0,3,512,135,15,5,0,487,157,23,0,515,126,22,0,530,81,3,434,160,34,0,450,144,35,0,445,144,35,0
0,_035,_Alerus 05,_Alerus 05,1209,862,159,25,11,2,53,1651,548,57,23,2,1464,637,127,5,1596,533,110,1,1555,434,8,1226,734,151,4,1264,647,161,2,1262,619,150,4
0,_035,_Alerus 24,_Alerus 24,614,506,61,12,7,1,28,802,372,27,5,1,742,385,60,5,815,336,37,1,836,225,5,649,424,61,4,668,379,70,6,662,358,86,2
0,_035,_Alerus 25,_Alerus 25,376,356,72,15,3,0,21,531,250,24,15,0,468,285,49,1,518,249,29,1,523,172,5,391,319,52,2,391,295,58,0,408,270,53,0
0,_035,_Alerus 26,_Alerus 26,920,672,94,20,7,4,37,1225,446,43,23,2,1079,507,94,2,1199,430,63,1,1173,295,7,937,564,88,2,980,505,83,2,982,445,96,3
0,_035,_Alerus 27,_Alerus 27,762,656,87,23,11,3,21,1013,473,31,15,0,890,523,84,0,970,475,56,0,1018,277,11,763,563,84,1,769,518,95,5,776,478,88,2
0,_035,_Bible Baptist Church,_Bible Baptist Church,351,130,37,7,1,1,8,390,99,21,9,0,363,108,34,0,384,87,35,0,358,90,4,293,133,46,1,295,120,52,0,310,102,46,2
0,_035,_Emerado Community Hall,_Emerado Community Hall,414,147,59,7,7,1,13,470,103,32,17,2,427,136,53,1,448,104,47,0,443,112,1,363,142,68,1,359,144,63,0,354,140,59,0
0,_035,_First Presbyterian Church,_First Presbyterian Church,962,660,77,17,5,3,47,1250,465,34,10,1,1114,512,76,5,1224,434,45,6,1267,257,8,985,572,69,2,1031,498,87,1,1031,468,82,0
0,_035,_Gilby Presbyterian Church,_Gilby Presbyterian Church,255,83,37,1,2,0,7,320,47,13,8,0,275,81,28,1,294,55,35,0,296,62,2,244,90,35,2,247,76,47,0,265,63,37,0
0,_035,_Gorecki Alumni Center,_Gorecki Alumni Center,475,575,140,34,3,4,37,677,428,77,28,1,558,522,111,1,624,446,95,1,611,387,12,497,455,149,1,461,492,127,2,488,441,132,0
0,_035,_Grand Forks City Hall 08,_Grand Forks City Hall 08,380,307,63,15,2,1,19,482,256,29,6,1,421,271,70,1,490,228,42,0,475,189,4,365,280,62,0,358,283,64,0,384,246,67,1
0,_035,_Grand Forks City Hall 09,_Grand Forks City Hall 09,346,320,76,19,4,1,16,448,258,44,15,1,400,292,69,0,441,258,55,2,454,222,5,332,299,95,2,340,277,98,1,338,265,99,2
0,_035,_Holy Family,_Holy Family,1112,871,151,29,6,5,54,1469,649,61,27,2,1345,708,121,2,1504,576,93,1,1534,415,12,1155,771,145,1,1227,652,171,0,1244,613,144,1
0,_035,_Hope Evangelical Church,_Hope Evangelical Church,808,576,103,24,7,0,20,1037,422,35,24,0,923,462,95,1,1016,408,67,0,1042,293,12,768,543,118,2,832,455,107,2,822,438,121,1
0,_035,_ICON Arena/Park District Office 04,_ICON Arena/Park District Office 04,1263,708,90,10,7,2,36,1691,400,14,12,1,1490,501,64,5,1683,363,44,0,1597,249,8,1280,613,65,1,1370,485,81,1,1339,450,85,1
0,_035,_ICON Arena/Park District Office 23,_ICON Arena/Park District Office 23,96,98,16,5,1,0,5,116,78,11,5,0,108,84,20,0,105,87,12,0,117,62,1,87,90,21,0,85,90,26,0,96,71,29,0
0,_035,_Larimore Senior Citizens Center,_Larimore Senior Citizens Center,818,259,68,10,6,1,30,978,159,30,24,1,878,229,68,1,964,172,47,3,947,163,4,780,274,91,0,776,242,101,1,797,223,85,0
0,_035,_Manvel Public School,_Manvel Public School,355,132,28,7,1,1,7,414,97,12,5,0,375,104,41,0,390,92,35,2,366,104,2,295,143,44,0,315,114,51,1,322,106,39,2
0,_035,_Northwood Community Center,_Northwood Community Center,469,153,46,6,0,2,16,574,100,16,3,1,496,139,47,1,548,115,22,4,520,125,2,458,164,45,0,454,142,57,1,463,129,59,0
0,_035,_Public Works,_Public Works,562,363,76,7,11,1,20,731,249,36,16,0,660,298,62,0,681,271,58,1,705,201,8,545,324,98,0,546,320,95,2,562,286,101,3
0,_035,_St. Paul's Episcopal Church 10,_St. Paul's Episcopal Church 10,653,628,125,31,10,0,25,853,525,56,14,1,764,553,108,2,853,484,91,1,870,381,19,643,587,130,3,663,553,139,2,669,526,126,3
0,_035,_St. Paul's Episcopal Church 11,_St. Paul's Episcopal Church 11,64,101,10,2,1,0,7,87,85,8,2,0,66,97,13,3,91,78,8,0,99,36,8,67,91,14,1,71,86,12,0,77,77,11,0
0,_035,_Thompson Community Center,_Thompson Community Center,1081,375,88,12,10,0,24,1288,258,34,18,0,1194,306,72,2,1293,241,39,3,1219,250,10,998,430,94,2,1016,346,128,3,1021,321,134,4
0,_035,_UND Wellness Center 21,_UND Wellness Center 21,680,411,88,21,3,2,15,773,265,55,22,1,694,301,80,2,747,240,51,3,633,216,10,560,258,101,4,553,246,87,4,544,237,86,3
0,_035,_UND Wellness Center 22,_UND Wellness Center 22,617,517,103,15,7,0,27,774,387,45,15,1,693,421,82,1,757,369,68,3,751,258,8,571,441,95,5,566,409,113,2,566,389,103,2
0,_035,_Wesley United Church,_Wesley United Church,248,194,30,3,4,2,16,304,160,13,8,0,297,160,24,1,308,135,31,1,291,122,4,216,186,46,1,223,180,39,0,233,159,36,0
0,_037,_Carson,_Carson,117,29,6,0,0,0,1,131,13,5,3,0,130,15,6,0,127,20,3,0,120,20,0,120,19,8,0,113,23,8,0,118,17,9,0
0,_037,_Elgin,_Elgin,238,57,14,2,5,0,2,280,35,4,5,0,263,51,6,1,270,44,6,1,247,49,1,233,60,21,0,233,56,17,1,243,40,20,1
0,_037,_New Leipzig,_New Leipzig,105,16,9,0,0,0,2,123,11,1,0,1,119,10,7,0,123,11,2,0,107,22,0,110,15,7,0,111,15,6,0,112,13,7,0
0,_037,_Rural Grant County,_Rural Grant County,648,83,36,5,1,0,5,717,49,17,11,0,677,77,31,2,689,77,20,1,636,110,0,611,115,41,0,613,90,49,1,632,79,44,0
0,_039,_Precinct 01,_Precinct 01,175,57,26,3,0,1,6,207,42,10,3,1,181,73,11,0,191,66,8,0,190,47,1,156,77,23,1,156,61,33,0,178,49,25,0
0,_039,_Precinct 02,_Precinct 02,189,77,19,1,1,0,1,241,46,6,3,0,215,60,13,2,221,64,7,0,214,52,0,174,88,19,0,181,74,20,0,192,64,16,0
0,_039,_Precinct 03,_Precinct 03,141,57,13,1,0,1,6,185,36,5,0,0,164,47,11,1,168,50,7,0,170,34,1,138,72,10,0,137,65,15,0,140,62,13,0
0,_039,_Precinct 04,_Precinct 04,193,33,16,1,0,0,2,226,18,2,2,0,206,24,14,1,205,34,5,1,187,44,0,169,53,11,1,171,44,16,1,197,29,11,0
0,_039,_Precinct 05,_Precinct 05,149,74,19,0,0,0,3,187,52,5,4,0,150,79,16,0,176,64,6,0,153,62,0,126,94,13,0,126,77,25,0,148,68,16,1
0,_041,_Indian Creek #4,_Indian Creek #4,120,9,8,0,0,0,3,132,3,2,1,0,123,5,8,0,120,13,2,0,118,9,0,114,16,3,0,111,11,8,1,115,8,7,0
0,_041,_Mott #1,_Mott #1,520,84,19,1,6,0,4,563,46,18,8,1,533,52,40,0,526,73,23,1,485,90,1,440,93,64,1,457,69,57,1,480,62,46,1
0,_041,_New England #3,_New England #3,316,64,15,2,2,0,10,361,34,10,6,0,340,49,23,0,355,50,13,0,324,62,0,297,87,17,1,324,42,30,2,313,41,32,2
0,_041,_Regent #2,_Regent #2,94,11,4,2,1,1,0,104,5,0,2,0,93,9,6,0,103,7,1,0,90,13,1,87,11,7,1,92,9,4,1,90,9,5,0
0,_043,_Dawson,_Dawson,118,10,6,0,0,0,1,127,4,5,0,1,122,5,8,0,122,10,4,0,100,28,1,104,13,15,1,111,7,12,1,111,7,15,0
0,_043,_Pettibone,_Pettibone,54,14,5,0,0,0,1,63,10,1,3,0,57,15,2,0,59,15,2,0,53,7,0,46,20,1,0,49,13,5,0,54,12,1,0
0,_043,_Robinson,_Robinson,60,19,6,0,0,0,0,71,12,3,0,0,67,11,4,1,63,21,2,0,59,15,1,56,23,5,0,50,18,9,0,53,16,9,0
0,_043,_Steele,_Steele,534,79,31,3,0,1,5,591,44,24,6,0,556,74,26,0,553,86,17,0,487,110,1,466,114,47,0,469,84,59,1,492,73,50,1
0,_043,_Tappen,_Tappen,265,26,11,2,0,0,2,275,24,7,2,0,270,27,9,0,273,24,10,0,248,33,0,230,42,23,1,238,28,25,0,253,26,17,0
0,_043,_Tuttle,_Tuttle,80,31,5,2,2,0,3,97,23,3,2,0,92,20,9,1,97,22,5,0,90,17,0,77,33,8,0,78,29,10,0,88,23,9,0
0,_045,_Precinct 1,_Precinct 1,260,132,16,2,2,2,5,330,79,9,9,0,270,131,21,0,314,99,12,0,273,89,3,230,158,18,0,234,125,35,0,257,107,27,0
0,_045,_Precinct 2,_Precinct 2,549,190,39,10,6,1,3,677,115,13,7,0,592,164,47,0,650,138,15,0,572,149,2,486,257,34,0,493,205,56,0,529,168,45,0
0,_045,_Precinct 3,_Precinct 3,159,29,12,0,0,0,1,192,9,3,3,0,177,19,7,0,186,17,3,0,157,40,0,146,46,11,0,151,25,20,0,159,24,14,0
0,_045,_Precinct 4,_Precinct 4,513,151,42,1,8,1,17,619,89,24,3,1,539,153,32,0,598,114,19,0,553,118,3,464,234,29,0,482,158,59,1,512,136,50,0
0,_047,_Precinct 01 - American Legion,_Precinct 01 - American Legion,242,17,12,1,2,2,3,263,11,6,3,0,252,19,16,0,263,18,5,2,228,31,0,206,51,14,0,220,23,21,0,215,26,19,0
0,_047,_Precinct 02 - American Legion,_Precinct 02 - American Legion,347,46,13,1,2,0,3,392,27,3,2,0,372,30,15,0,375,37,7,0,313,55,0,304,69,21,0,304,46,26,0,314,42,24,0
0,_047,_Precinct 03 - Gackle School,_Precinct 03 - Gackle School,172,41,8,3,1,0,6,198,27,10,3,0,178,42,13,3,191,32,14,0,171,48,1,155,60,19,0,158,43,26,1,165,35,27,0
0,_047,_Precinct 04 - Lehr Com Cent.,_Precinct 04 - Lehr Com Cent.,57,3,2,0,0,0,0,63,1,1,0,0,58,5,2,0,58,6,0,0,52,8,0,50,12,1,0,51,4,5,0,53,2,5,0
0,_047,_Precinct 05 - Fredonia Mini Ml,_Precinct 05 - Fredonia Mini Ml,70,7,3,0,1,0,2,73,6,1,2,0,69,6,6,0,77,3,2,0,65,7,0,62,12,2,0,65,4,6,0,64,6,5,0
0,_049,_Precinct 16,_Precinct 16,159,14,19,1,2,0,3,180,10,6,7,0,170,16,17,0,176,18,8,0,167,31,0,156,27,17,0,153,30,15,0,160,17,19,0
0,_049,_Precinct 18,_Precinct 18,441,95,34,4,7,0,12,515,70,15,9,0,463,98,38,0,492,93,17,1,436,113,2,392,148,37,0,384,124,51,1,435,93,43,1
0,_049,_Precinct 27,_Precinct 27,134,33,10,4,0,0,2,156,17,5,5,0,145,27,6,0,148,30,6,0,132,36,0,111,48,16,0,111,47,12,0,128,32,12,0
0,_049,_Precinct 41,_Precinct 41,241,34,33,2,1,2,7,273,25,9,10,1,249,39,30,0,269,34,11,3,239,64,1,225,49,32,2,229,40,37,0,232,38,37,0
0,_049,_Precinct 47,_Precinct 47,628,191,63,3,3,1,15,787,101,19,4,2,707,145,44,2,746,145,24,3,677,165,3,600,234,56,2,597,202,67,1,660,168,51,1
0,_049,_Precinct 55,_Precinct 55,138,61,10,3,4,1,2,167,39,9,7,0,152,54,13,1,160,50,9,0,138,47,1,124,74,13,0,125,59,20,0,133,56,18,0
0,_049,_Precinct 58,_Precinct 58,169,32,12,2,0,0,5,198,15,6,4,0,190,24,8,0,193,25,5,2,178,31,0,158,40,14,0,162,32,15,0,169,23,17,0
0,_049,_Precinct 62,_Precinct 62,140,30,8,1,2,0,2,157,19,6,3,0,141,28,8,2,151,32,2,0,131,37,0,123,36,15,0,118,30,25,0,132,25,16,0
0,_051,_Precinct 1-City of Ashley,_Precinct 1-City of Ashley,324,56,17,2,5,0,2,366,30,6,8,0,341,48,18,0,355,46,8,1,323,58,2,305,69,21,0,304,53,27,0,312,45,25,0
0,_051,_Precinct 2-Rural Ashley,_Precinct 2-Rural Ashley,160,35,3,2,3,1,4,181,21,4,2,0,137,47,17,2,166,36,2,1,158,34,0,137,52,7,0,135,41,15,0,151,33,7,0
0,_051,_Precinct 3-Lehr/Rural Lehr,_Precinct 3-Lehr/Rural Lehr,40,23,5,0,0,0,0,61,5,3,0,0,52,14,2,0,57,13,0,1,44,14,0,44,19,1,0,42,16,2,0,42,15,3,0
0,_051,_Precinct 4-City of Wishek,_Precinct 4-City of Wishek,315,82,32,6,3,1,9,429,36,4,2,0,381,63,20,0,398,56,10,1,376,54,0,352,82,21,0,346,69,30,0,366,61,19,1
0,_051,_Precinct 5-Rural Wishek,_Precinct 5-Rural Wishek,120,22,7,0,1,0,1,145,7,2,0,0,132,19,3,0,136,13,5,0,121,20,0,108,36,5,0,107,21,15,0,123,17,6,0
0,_051,_Precinct 6-Zeeland/Rural,_Precinct 6-Zeeland/Rural,141,17,7,0,0,0,0,145,11,3,2,0,137,14,5,0,141,10,3,0,124,18,0,111,29,9,0,120,16,5,0,125,14,6,0
0,_053,_04-01 Four Bears,_04-01 Four Bears,41,183,5,8,1,0,7,85,132,13,5,1,24,213,6,0,61,163,8,2,66,140,2,39,163,25,2,17,217,7,0,39,172,19,1
0,_053,_04-02 Mandaree,_04-02 Mandaree,21,132,2,12,2,1,7,54,104,9,5,0,16,159,4,0,41,120,13,0,41,125,1,28,124,21,0,12,159,6,0,30,128,14,0
0,_053,_39-03 Yellowstone,_39-03 Yellowstone,144,17,3,0,0,0,2,156,7,1,2,0,142,17,3,0,144,13,2,0,133,12,1,122,27,3,0,121,23,4,0,133,14,7,0
0,_053,_39-04 Sioux,_39-04 Sioux,104,13,2,0,2,0,1,109,10,2,1,0,106,11,4,0,107,11,4,0,96,13,0,98,14,7,0,94,15,7,0,97,13,8,0
0,_053,_39-05 Alexander,_39-05 Alexander,342,33,16,0,5,0,7,357,21,14,8,1,341,37,19,3,358,26,18,1,331,44,4,322,31,27,3,314,39,27,3,312,32,30,3
0,_053,_39-06 Arnegard,_39-06 Arnegard,231,15,13,2,1,0,2,239,15,9,1,0,231,22,9,0,237,18,7,0,219,28,0,210,21,18,0,204,25,14,0,209,14,26,0
0,_053,_39-07 Bennie Pierre,_39-07 Bennie Pierre,84,2,5,0,2,0,0,88,2,2,2,0,83,5,4,0,85,6,1,0,79,7,0,75,5,6,0,73,7,4,0,76,6,4,0
0,_053,_39-08 Rhoades,_39-08 Rhoades,157,5,9,1,1,0,2,166,4,3,0,0,150,16,6,0,155,8,10,0,140,23,0,144,7,17,0,141,13,11,0,142,8,15,0
0,_053,_39-09 Ideal/Schafer,_39-09 Ideal/Schafer,1169,98,44,1,8,1,15,1196,65,46,16,1,1163,90,64,2,1225,63,33,1,1124,125,1,1077,108,85,0,1067,119,69,1,1082,83,83,2
0,_053,_39-11 Watford City,_39-11 Watford City,1162,176,62,10,6,1,19,1216,121,37,22,3,1137,157,81,3,1258,108,34,2,1102,175,3,1033,172,108,7,1015,174,104,7,1052,121,112,3
0,_053,_39-12 Blue Buttes,_39-12 Blue Buttes,215,24,11,1,0,0,4,237,13,4,0,0,217,25,7,2,218,27,5,1,207,28,0,203,26,14,0,195,26,19,0,205,23,14,0
0,_055,_LEGISLATIVE 4-McLEAN LESS 0402,_LEGISLATIVE 4-McLEAN LESS 0402,495,119,37,1,3,2,4,568,82,16,8,1,529,114,24,0,549,105,17,1,501,113,3,441,164,41,5,472,135,35,0,499,112,40,1
0,_055,_LEGISLATIVE 8-McLEAN COUNTY,_LEGISLATIVE 8-McLEAN COUNTY,3341,777,216,14,19,3,41,3746,518,88,75,3,3422,718,234,4,3647,642,108,10,3233,847,14,2987,979,297,4,3080,790,333,7,3262,666,296,4
0,_055,_WHITE SHIELD/ZIEGLER RURAL,_WHITE SHIELD/ZIEGLER RURAL,24,185,3,14,2,3,12,77,132,12,9,1,22,216,3,0,43,171,16,1,59,142,2,42,156,24,2,14,215,7,1,33,167,23,1
0,_057,_Precinct 0401,_Precinct 0401,4,5,0,0,0,0,0,6,3,0,0,0,3,6,0,0,5,4,0,0,3,6,0,3,6,0,0,3,6,0,0,3,5,1,0
0,_057,_Precinct 3301,_Precinct 3301,233,85,18,1,0,0,6,253,79,12,2,1,222,97,22,2,241,88,13,1,244,69,1,188,122,21,2,199,106,25,1,216,88,25,0
0,_057,_Precinct 3303,_Precinct 3303,299,62,8,0,0,2,9,313,62,6,2,0,292,74,13,0,304,68,4,1,298,45,2,261,87,14,1,275,73,14,0,279,71,14,0
0,_057,_Precinct 3313,_Precinct 3313,308,37,13,2,3,1,2,337,22,6,5,0,320,37,10,0,326,32,7,2,316,32,0,281,56,14,0,291,39,22,0,300,30,22,0
0,_057,_Precinct 3314,_Precinct 3314,199,21,13,2,3,0,1,208,18,8,2,0,190,32,15,0,199,25,8,0,199,33,0,179,39,14,0,182,33,12,0,191,25,10,1
0,_057,_Precinct 3316,_Precinct 3316,165,28,5,1,0,0,4,175,14,10,5,0,166,23,12,0,176,22,6,0,162,32,0,141,43,12,0,155,31,10,0,153,31,13,1
0,_057,_Precinct 3320,_Precinct 3320,210,16,2,0,2,0,0,210,11,1,2,0,203,15,6,0,203,15,4,0,204,17,0,187,25,9,0,190,15,13,0,185,14,21,0
0,_057,_Precinct 3321,_Precinct 3321,420,37,16,2,2,1,9,452,26,7,3,1,436,31,20,1,444,31,13,1,428,45,1,393,57,23,2,404,49,22,1,414,31,26,1
0,_057,_Precinct 3322,_Precinct 3322,342,30,9,0,3,0,4,355,18,6,6,1,342,31,12,1,352,24,9,1,349,27,2,312,44,15,1,320,38,13,1,334,25,12,1
0,_057,_Precinct 3323,_Precinct 3323,364,41,17,5,2,0,7,390,35,5,7,0,361,52,22,0,374,45,13,0,367,53,0,324,78,17,0,337,57,27,0,351,45,21,0
0,_057,_Precinct 3324,_Precinct 3324,247,29,14,1,2,0,3,257,22,8,4,0,249,30,11,0,256,19,11,0,244,29,0,227,32,19,0,228,30,20,0,227,29,23,0
0,_057,_Precinct 3381,_Precinct 3381,277,61,24,2,2,0,8,318,42,6,10,0,296,50,25,0,311,51,6,0,312,40,0,261,87,14,0,270,70,17,0,281,57,21,0
0,_057,_Precinct 3382,_Precinct 3382,400,98,27,1,2,0,8,443,65,17,9,1,416,89,24,1,438,74,13,1,427,69,5,363,123,30,1,386,99,26,1,398,85,28,3
0,_057,_Precinct 3383,_Precinct 3383,291,71,24,4,0,0,5,324,53,7,5,1,310,65,13,0,325,54,4,0,308,56,0,256,98,20,1,282,73,18,0,294,67,14,0
0,_059,_Precinct 01,_Precinct 01,1257,362,99,16,8,1,45,1463,240,48,26,4,1299,348,120,1,1391,282,74,8,1266,346,7,1160,408,118,3,1181,338,135,3,1219,299,123,1
0,_059,_Precinct 02,_Precinct 02,1417,446,131,14,6,0,29,1699,268,45,25,1,1489,408,108,2,1668,299,59,1,1515,338,6,1373,435,117,0,1379,396,121,0,1431,332,137,1
0,_059,_Precinct 03,_Precinct 03,635,272,88,21,8,4,16,731,208,42,28,1,638,273,91,2,699,232,59,3,580,296,8,544,293,102,1,535,276,113,2,564,241,111,3
0,_059,_Precinct 04,_Precinct 04,593,213,52,7,6,0,15,726,135,13,11,0,645,155,67,1,701,150,26,1,639,167,4,575,227,52,1,585,177,62,1,604,165,72,1
0,_059,_Precinct 05,_Precinct 05,369,170,33,7,3,1,13,459,119,11,10,0,398,156,38,1,446,129,17,0,390,144,1,361,164,43,0,351,167,44,0,356,150,49,0
0,_059,_Precinct 06,_Precinct 06,653,278,82,8,5,1,17,803,196,37,10,0,712,247,75,2,762,225,52,1,719,225,6,616,286,99,1,644,253,91,2,660,227,98,2
0,_059,_Precinct 07,_Precinct 07,392,166,56,10,8,1,20,495,125,23,10,1,423,170,54,0,476,128,36,2,416,164,3,377,175,71,0,374,167,68,0,398,151,63,1
0,_059,_Precinct 08,_Precinct 08,468,148,57,13,1,2,16,534,109,31,23,4,474,160,64,3,504,141,44,4,430,192,10,399,174,83,7,397,175,79,5,412,156,76,5
0,_059,_Precinct 17,_Precinct 17,1244,310,99,8,9,2,38,1396,209,61,20,2,1270,270,141,3,1363,245,63,3,1230,307,7,1126,337,137,3,1152,269,157,3,1185,230,155,1
0,_059,_Precinct 18,_Precinct 18,465,124,36,15,4,0,15,519,98,19,16,1,482,129,35,4,506,108,28,2,462,136,6,408,157,56,2,432,137,53,2,431,120,62,2
0,_059,_Precinct 20,_Precinct 20,222,36,10,0,1,0,3,238,25,4,3,1,230,25,15,1,228,36,6,0,206,32,0,196,41,11,0,192,35,18,0,209,28,11,1
0,_059,_Precinct 23,_Precinct 23,220,25,3,3,0,3,3,237,12,4,3,0,220,19,10,0,225,21,5,0,193,28,0,185,40,8,1,189,30,12,1,194,24,7,0
0,_059,_Precinct 24,_Precinct 24,567,104,31,3,1,0,8,618,78,12,11,0,582,96,35,1,613,77,21,2,548,121,0,506,135,50,1,531,93,53,0,555,88,42,1
0,_059,_Precinct 32,_Precinct 32,1179,222,66,7,9,0,19,1284,152,34,22,2,1192,192,102,0,1271,171,45,1,1143,242,6,1039,263,130,1,1089,213,108,3,1105,181,124,2
0,_059,_Precinct 33,_Precinct 33,674,109,38,4,6,0,3,739,70,18,11,1,700,95,36,2,729,83,25,0,648,117,2,636,125,40,0,636,100,47,0,649,92,45,0
0,_059,_Precinct 34,_Precinct 34,137,15,5,0,1,0,0,139,11,5,2,0,131,20,7,0,133,20,5,0,123,20,1,117,26,11,0,119,18,16,0,121,18,11,0
0,_059,_Precinct 36,_Precinct 36,461,41,14,1,4,1,1,490,18,9,4,0,477,25,16,0,478,31,11,0,424,53,0,420,48,29,1,426,37,27,0,442,31,18,0
0,_059,_Precinct 38,_Precinct 38,383,39,14,4,2,0,2,393,31,12,8,0,379,34,28,0,396,33,10,1,361,59,0,358,39,27,0,341,42,37,0,347,40,30,1
0,_061,_Precinct 01,_Precinct 01,789,130,34,5,8,1,9,855,75,27,13,0,810,102,46,0,817,101,43,1,774,129,2,741,145,57,0,773,99,67,2,734,97,84,0
0,_061,_Precinct 02,_Precinct 02,160,551,40,27,3,2,18,310,413,34,28,2,152,631,18,0,253,491,46,2,270,449,11,187,503,84,1,121,653,23,0,179,512,81,4
0,_061,_Precinct 03,_Precinct 03,244,226,27,13,0,1,11,333,163,11,15,0,244,260,20,0,291,203,22,1,282,199,3,243,224,40,0,207,271,29,1,261,201,45,1
0,_061,_Precinct 04,_Precinct 04,183,30,7,1,1,0,1,189,28,2,4,0,181,29,9,1,175,41,6,0,171,37,0,160,46,8,0,167,38,10,0,165,32,13,0
0,_061,_Precinct 05,_Precinct 05,257,20,8,0,5,0,0,277,9,3,5,0,266,21,8,0,262,24,5,0,250,28,0,228,40,17,0,241,23,16,2,241,19,19,0
0,_061,_Precinct 06,_Precinct 06,133,14,7,0,6,0,1,132,13,11,3,0,127,11,21,0,123,22,13,0,116,32,0,118,18,16,0,105,22,19,1,118,11,20,1
0,_061,_Precinct 07,_Precinct 07,341,33,13,1,0,0,3,358,17,13,1,0,337,33,14,0,342,33,12,0,329,38,0,307,47,18,1,321,34,17,0,314,35,25,0
0,_061,_Precinct 08,_Precinct 08,299,171,16,9,1,0,8,324,148,16,15,0,271,211,19,1,305,170,20,0,291,172,2,264,179,39,2,249,215,20,0,274,170,37,0
0,_061,_Precinct 09,_Precinct 09,176,45,14,0,0,0,3,202,26,5,3,0,182,36,12,2,191,40,4,0,172,41,0,164,47,15,0,165,43,14,0,168,37,17,0
0,_063,_Precinct 1 Nelson County,_Precinct 1 Nelson County,1025,536,114,11,9,0,22,1343,323,57,25,2,1161,437,125,2,1185,500,54,5,1245,299,7,1038,504,120,2,990,484,159,3,1123,394,116,2
0,_065,_Precinct 01-SouthEast Oliver,_Precinct 01-SouthEast Oliver,177,21,8,0,0,0,5,193,15,5,3,0,180,24,13,0,194,17,5,1,165,40,1,161,38,11,0,155,26,22,0,171,18,19,0
0,_065,_Precinct 02-Center/West Side,_Precinct 02-Center/West Side,98,15,8,1,0,0,1,115,8,3,0,0,101,21,3,0,109,13,4,0,95,19,0,87,22,9,0,93,15,9,0,99,16,5,0
0,_065,_Precinct 03-Hensler,_Precinct 03-Hensler,75,17,8,0,1,0,0,86,11,4,1,0,79,14,9,0,82,13,6,0,78,18,0,69,25,4,0,75,17,5,0,82,10,8,0
0,_065,_Precinct 04-Fort Clark,_Precinct 04-Fort Clark,56,7,1,0,2,0,0,61,3,1,1,0,62,2,2,0,62,4,0,0,56,7,0,48,11,4,0,52,6,4,0,56,5,3,0
0,_065,_Precinct 05-Far West Oliver,_Precinct 05-Far West Oliver,123,13,4,0,0,1,1,126,11,2,2,0,120,12,9,0,123,14,3,0,123,9,0,110,17,10,0,113,14,8,0,115,14,7,0
0,_065,_Precinct 06-Hannover,_Precinct 06-Hannover,165,16,10,0,0,0,0,178,8,5,1,0,166,20,5,1,169,17,3,0,164,21,0,153,26,8,1,152,21,12,0,160,18,7,0
0,_065,_Precinct 07-Center/ East Side,_Precinct 07-Center/ East Side,136,30,8,2,2,1,4,156,18,5,3,0,144,28,11,0,151,27,4,0,140,32,0,133,36,9,0,129,27,15,0,131,18,22,0
0,_067,_Precinct 10-01,_Precinct 10-01,416,105,22,8,2,1,15,486,74,10,2,1,439,103,26,0,464,89,17,0,426,97,3,363,140,41,1,368,115,59,1,402,94,41,1
0,_067,_Precinct 10-02,_Precinct 10-02,461,121,22,6,2,1,10,546,69,13,3,0,492,97,33,2,521,92,17,0,466,108,1,397,153,52,0,382,117,88,0,437,102,50,0
0,_067,_Precinct 10-03,_Precinct 10-03,491,160,47,6,2,0,11,603,102,13,4,0,551,123,43,0,583,113,19,0,535,130,2,461,173,50,0,433,141,106,1,494,116,61,1
0,_067,_Precinct 10-04,_Precinct 10-04,487,131,32,2,4,0,14,568,94,12,6,3,517,115,40,3,578,88,16,0,543,92,1,455,155,45,0,448,115,76,1,496,101,42,0
0,_067,_Precinct 10-05,_Precinct 10-05,149,63,16,0,1,0,2,185,39,7,0,0,167,42,22,0,184,35,12,0,179,45,1,152,58,15,0,146,55,26,0,171,45,10,0
0,_067,_Precinct 10-06,_Precinct 10-06,204,101,28,6,1,0,3,256,75,7,6,0,224,95,22,0,226,96,21,0,228,88,1,193,114,27,1,176,112,42,1,200,96,32,1
0,_069,_Precinct 01,_Precinct 01,84,12,4,0,3,0,3,98,7,2,2,0,93,13,2,0,90,13,4,0,80,17,0,72,21,5,0,78,13,8,0,80,13,5,0
0,_069,_Precinct 02,_Precinct 02,92,28,6,0,1,0,2,103,23,1,0,1,96,29,1,0,103,25,0,0,91,29,0,82,41,3,0,81,36,6,0,91,27,5,0
0,_069,_Precinct 03,_Precinct 03,241,35,23,1,0,0,9,272,26,6,6,0,257,36,18,0,254,42,9,0,234,50,0,212,63,18,0,214,56,20,0,231,38,21,1
0,_069,_Precinct 04 - 1ST WARD 1ST,_Precinct 04 - 1ST WARD 1ST,142,60,14,2,1,0,5,176,40,2,2,0,161,48,9,0,159,55,4,1,144,62,1,137,64,12,0,133,54,22,1,143,46,21,0
0,_069,_Precinct 05 - 1ST WARD 2ND,_Precinct 05 - 1ST WARD 2ND,46,23,4,0,1,0,4,70,9,1,1,0,55,17,3,0,63,16,1,0,60,11,0,47,25,4,0,52,18,5,0,50,20,6,0
0,_069,_Precinct 06 - 2ND WARD,_Precinct 06 - 2ND WARD,303,89,26,0,1,1,9,379,44,4,5,0,334,68,21,1,333,86,13,0,316,79,2,279,112,30,0,284,82,41,0,297,83,27,1
0,_069,_Precinct 07 - 3RD WARD,_Precinct 07 - 3RD WARD,206,64,24,3,2,0,5,272,28,4,5,0,246,36,20,0,239,62,6,0,225,61,2,187,84,29,0,212,65,21,0,220,55,22,0
0,_069,_Precinct 08 - 4TH WARD,_Precinct 08 - 4TH WARD,323,120,31,3,5,0,10,446,48,6,5,0,407,71,17,0,400,95,5,0,374,68,0,329,120,28,0,338,104,23,0,367,79,19,0
0,_071,_Precinct 01,_Precinct 01,1641,945,271,29,24,1,47,2295,551,92,43,2,1910,787,236,5,2096,708,150,3,1931,774,15,1697,896,271,5,1628,884,312,7,1747,804,260,8
0,_071,_Precinct 02,_Precinct 02,482,178,26,5,5,1,17,612,101,8,2,0,533,136,41,1,582,122,11,2,577,101,0,478,187,36,0,472,157,59,0,506,140,43,1
0,_071,_Precinct 03,_Precinct 03,794,274,83,9,12,2,13,993,163,27,20,1,905,215,68,2,951,207,38,4,905,196,2,775,289,90,2,768,246,119,2,841,202,96,2
0,_071,_Precinct 04,_Precinct 04,300,108,25,1,2,1,9,391,54,6,7,0,348,84,20,0,375,74,7,1,333,68,3,293,116,22,1,274,90,51,1,320,71,30,1
0,_073,_Precinct 1,_Precinct 1,161,166,31,0,1,0,6,237,111,10,3,1,201,138,20,0,226,120,15,0,199,134,2,143,178,25,1,152,166,29,1,163,140,37,2
0,_073,_Precinct 2,_Precinct 2,287,176,68,9,0,0,7,421,101,21,5,0,326,179,43,1,411,117,17,0,349,141,0,263,218,49,0,282,185,54,0,324,155,40,0
0,_073,_Precinct 3,_Precinct 3,443,356,97,9,2,0,23,699,184,31,17,1,532,312,67,3,674,218,36,2,577,251,2,452,387,59,0,457,340,79,0,500,293,72,2
0,_073,_Precinct 4,_Precinct 4,319,140,51,4,1,1,1,436,67,13,9,1,346,140,33,1,411,91,18,2,359,103,3,272,197,28,1,278,161,32,1,319,113,34,1
0,_075,_GLENBURN,_GLENBURN,238,39,18,0,3,0,5,268,16,7,5,1,242,31,17,0,248,30,14,0,232,38,0,208,49,22,0,217,38,21,0,224,34,20,0
0,_075,_MOHALL,_MOHALL,441,101,23,1,1,0,8,511,48,11,8,0,485,66,23,0,486,76,8,0,465,66,1,411,121,25,0,423,96,26,0,438,87,20,0
0,_075,_SHERWOOD,_SHERWOOD,167,30,13,2,1,0,4,188,18,5,3,1,173,23,11,0,185,23,5,0,156,41,0,152,38,11,0,144,34,15,1,158,20,16,0
0,_075,_TOLLEY,_TOLLEY,90,19,10,1,0,0,0,104,13,3,3,0,98,17,8,0,91,21,7,0,84,24,0,70,32,11,0,63,36,12,0,73,25,11,0
0,_075,_WHITE ASH,_WHITE ASH,57,12,7,0,0,0,2,69,9,2,0,0,64,10,5,0,66,11,2,0,64,12,1,55,19,4,0,61,13,4,0,66,9,4,0
0,_077,_ABERCROMBIE,_ABERCROMBIE,214,60,19,3,2,0,2,250,35,11,5,0,207,68,25,0,253,40,11,0,218,59,1,201,68,24,0,199,68,19,1,215,57,15,1
0,_077,_BARRIE-HELENDALE,_BARRIE-HELENDALE,123,19,16,3,1,0,5,148,15,5,3,0,115,27,29,0,141,21,9,0,124,35,0,114,31,15,0,117,34,11,0,126,19,13,1
0,_077,_BRIGHTWOOD-ELMA-BELFORD,_BRIGHTWOOD-ELMA-BELFORD,166,55,15,3,1,0,1,200,32,6,3,0,153,67,17,0,201,37,3,0,151,52,1,141,68,15,1,137,61,19,0,161,38,20,0
0,_077,_CHRISTINE,_CHRISTINE,123,52,16,1,2,0,4,153,24,14,3,0,125,47,25,0,151,30,14,0,141,43,0,119,48,21,0,119,51,19,0,134,33,22,0
0,_077,_COLFAX,_COLFAX,235,103,17,2,4,1,4,290,62,13,5,1,236,94,43,0,292,61,17,0,254,75,2,226,114,21,1,235,91,28,1,250,77,20,1
0,_077,_FAIRMOUNT,_FAIRMOUNT,180,75,14,7,1,1,5,225,45,4,7,0,192,67,18,0,227,44,13,0,188,60,2,163,83,21,0,166,63,24,0,173,55,21,0
0,_077,_HANKINSON,_HANKINSON,342,159,31,6,2,1,9,434,84,24,8,1,353,150,40,0,414,106,24,3,351,146,6,309,170,54,1,298,161,57,2,328,127,54,1
0,_077,_LIDGERWOOD,_LIDGERWOOD,333,113,39,5,6,5,9,418,60,17,4,0,319,133,43,0,380,85,20,1,314,106,0,280,134,40,0,250,134,48,0,299,92,44,1
0,_077,_MOORETON,_MOORETON,149,68,11,1,0,0,3,193,34,5,1,1,156,53,24,0,179,48,6,0,164,50,2,139,74,7,1,134,65,17,1,159,45,12,1
0,_077,_WAHPETON CITY HALL,_WAHPETON CITY HALL,541,200,62,8,4,1,11,666,92,37,14,1,575,161,64,0,637,120,33,2,555,174,1,471,227,53,1,500,163,70,0,516,138,60,0
0,_077,_WAHPETON COMM CENTER,_WAHPETON COMM CENTER,533,272,63,13,4,2,19,677,161,39,17,0,555,242,84,0,649,183,47,1,575,229,0,471,290,78,1,465,271,86,1,495,230,91,1
0,_077,_WAHPETON FAITH CHURCH,_WAHPETON FAITH CHURCH,558,279,53,12,6,0,16,769,129,24,4,0,612,216,72,0,733,152,32,1,659,182,1,573,252,53,0,539,241,72,0,625,168,57,0
0,_077,_WAHPETON RICHLAND LEC,_WAHPETON RICHLAND LEC,690,318,72,4,14,1,21,892,175,32,14,1,741,294,64,3,878,200,30,2,766,259,3,688,311,71,1,673,299,86,3,715,244,78,3
0,_077,_WALCOTT,_WALCOTT,198,74,29,2,1,0,6,245,46,18,4,1,203,70,39,0,240,55,15,2,211,82,2,192,82,30,1,201,65,32,1,214,45,39,1
0,_077,_WYNDMERE,_WYNDMERE,382,217,36,6,6,3,8,514,123,18,6,0,406,190,58,2,492,150,18,0,445,137,0,357,248,35,0,351,227,37,0,412,173,34,0
0,_079,_Dunseith #4,_Dunseith #4,208,483,28,49,1,2,18,337,390,26,20,0,194,577,19,0,247,505,31,1,272,394,5,207,471,74,1,164,558,46,0,204,491,54,0
0,_079,_Rolette #5,_Rolette #5,319,164,47,8,1,1,15,417,117,23,8,1,362,165,33,1,317,223,20,5,329,173,5,272,212,57,1,296,184,53,1,327,164,45,1
0,_079,_Rolla #1,_Rolla #1,366,189,25,7,5,0,10,476,110,11,12,0,382,199,26,0,291,304,14,1,388,167,1,307,226,49,0,318,217,36,1,361,168,42,1
0,_079,_St John #2,_St John #2,181,212,26,13,3,1,6,259,155,13,13,0,184,244,17,0,197,233,10,1,213,183,3,175,220,30,0,157,248,26,0,176,215,31,1
0,_079,_Turtle Mtn Reservation #3,_Turtle Mtn Reservation #3,143,1051,30,98,7,4,34,312,929,64,33,0,73,1302,10,0,188,1118,45,3,264,891,7,138,1052,129,2,85,1236,39,1,143,1093,88,3
0,_081,_Cogswell #3,_Cogswell #3,131,89,16,5,1,0,1,181,55,10,2,0,141,81,19,1,171,67,8,2,166,52,1,114,104,21,1,122,85,22,1,137,74,19,0
0,_081,_Forman-Havana #4,_Forman-Havana #4,281,195,42,5,0,5,4,401,123,14,4,0,293,192,47,1,377,152,13,0,326,125,5,234,251,26,2,242,225,33,2,271,183,41,2
0,_081,_Gwinner #2,_Gwinner #2,294,120,26,5,3,0,3,366,67,14,6,0,300,102,43,0,350,81,17,0,309,107,1,251,142,41,0,258,134,41,0,295,108,29,0
0,_081,_Milnor #1,_Milnor #1,247,184,58,3,2,1,7,386,104,17,7,0,313,162,34,0,379,117,7,2,323,136,0,230,218,45,0,245,190,47,1,270,169,37,1
0,_081,_Rutland-Cayuga #5,_Rutland-Cayuga #5,135,106,25,0,0,1,2,179,74,12,2,0,136,106,26,0,187,76,8,0,145,68,1,112,134,14,0,114,109,23,2,137,99,15,0
0,_083,_Precinct 01,_Precinct 01,650,95,29,1,6,0,6,703,60,17,12,0,679,77,30,0,678,86,20,2,626,112,0,604,113,46,0,611,102,38,0,615,80,51,0
0,_085,_Cannonball,_Cannonball,18,138,6,33,0,1,9,46,114,17,9,3,17,190,4,0,57,126,9,3,42,115,6,38,131,21,3,21,175,6,0,20,169,12,0
0,_085,_FY East,_FY East,23,261,9,35,1,2,13,94,201,16,24,4,15,325,6,0,88,225,26,2,76,228,5,49,240,43,1,23,295,18,0,34,266,34,1
0,_085,_FY West,_FY West,27,235,4,36,0,1,19,60,211,15,21,1,21,297,5,1,66,224,23,0,49,217,6,42,230,32,0,25,290,4,0,25,274,16,1
0,_085,_Porcupine,_Porcupine,16,57,1,10,1,0,7,27,49,6,2,1,19,71,2,0,29,52,6,1,21,48,3,15,53,14,1,14,69,4,0,16,67,5,1
0,_085,_Selfridge,_Selfridge,129,44,4,10,3,0,3,150,34,5,6,0,129,56,7,0,152,33,7,0,135,38,1,119,50,16,1,121,48,10,1,127,39,15,1
0,_085,_Solen,_Solen,47,23,1,4,0,0,1,49,24,1,2,0,42,34,1,0,46,24,2,0,41,21,0,45,27,1,0,37,32,3,0,39,32,2,0
0,_087,_Amidon Courthouse,_Amidon Courthouse,134,18,5,0,0,0,1,139,10,2,2,0,125,20,9,0,136,15,3,0,116,25,0,111,27,8,0,112,23,11,0,123,16,9,0
0,_087,_Marmarth Community Center,_Marmarth Community Center,106,14,8,2,2,0,0,119,6,3,4,0,110,11,11,0,114,11,5,0,106,20,0,108,12,7,0,103,18,6,0,109,12,6,0
0,_087,_Pierce Church,_Pierce Church,122,11,6,1,0,0,0,130,9,2,1,1,127,10,4,1,126,15,2,1,120,12,1,112,22,4,1,118,15,2,1,116,14,6,1
0,_089,_Armory,_Armory,5059,1086,304,32,30,5,103,5618,674,198,67,8,5256,858,373,9,5424,825,199,13,5001,1003,20,4707,1126,389,7,4722,973,434,5,4870,812,421,6
0,_089,_BAC,_BAC,1535,284,97,7,12,0,24,1633,187,59,28,0,1499,253,133,4,1600,201,86,1,1477,287,2,1376,294,143,1,1347,291,145,1,1397,234,143,2
0,_089,_Belfield,_Belfield,534,38,25,5,6,0,4,554,30,17,10,0,518,56,31,0,537,46,25,0,500,78,1,502,52,38,0,496,45,42,0,490,44,48,0
0,_089,_Gladstone,_Gladstone,236,38,8,2,1,0,1,262,18,6,3,0,234,31,14,0,256,22,8,1,222,32,1,213,37,20,1,209,34,21,0,216,31,24,0
0,_089,_Range 95/96,_Range 95/96,1132,119,30,8,4,1,16,1202,69,15,10,1,1135,100,54,2,1181,89,24,1,1065,125,5,1019,138,70,3,1015,109,74,3,1052,83,72,1
0,_089,_Richardton,_Richardton,457,87,24,4,2,0,4,517,52,11,4,0,482,72,25,3,519,51,8,1,468,67,1,437,81,42,0,444,78,28,0,451,68,36,0
0,_089,_South Heart,_South Heart,597,73,26,2,7,1,4,636,53,9,7,1,597,55,41,2,629,51,17,0,578,75,2,539,99,38,0,530,92,42,0,568,62,38,0
0,_089,_Taylor,_Taylor,205,28,12,0,1,0,2,213,18,7,3,0,200,28,13,0,208,22,5,1,188,32,0,186,30,14,0,185,36,7,0,187,26,14,0
0,_091,_Precinct 1,_Precinct 1,103,62,15,1,5,0,1,154,32,4,2,1,129,53,7,1,142,38,5,5,136,38,0,123,46,14,0,124,41,17,0,129,36,16,0
0,_091,_Precinct 2,_Precinct 2,123,81,23,3,1,0,2,174,54,6,4,0,151,65,19,0,175,58,5,0,166,51,1,130,87,8,0,136,72,17,0,130,60,37,0
0,_091,_Precinct 3,_Precinct 3,113,75,14,0,0,0,1,176,31,6,0,0,136,51,22,0,172,35,4,0,150,51,0,125,71,12,0,116,71,19,0,126,47,31,0
0,_091,_Precinct 4,_Precinct 4,95,72,9,1,1,0,7,150,38,6,1,0,117,59,17,0,142,46,8,0,119,55,0,96,79,14,0,98,67,25,0,108,59,21,0
0,_091,_Precinct 5,_Precinct 5,104,71,14,1,0,0,1,137,49,7,0,0,119,54,16,0,135,54,5,0,105,60,1,99,76,10,0,105,54,20,0,106,51,22,0
0,_093,_Precinct J1,_Precinct J1,755,362,79,16,8,2,30,1003,189,32,10,1,819,304,81,1,934,220,53,1,770,259,4,674,352,101,2,682,280,114,1,711,252,102,0
0,_093,_Precinct J2,_Precinct J2,1119,518,104,17,4,4,35,1457,280,31,18,1,1216,415,104,2,1384,310,49,5,1115,382,8,1010,515,116,2,933,455,183,3,1017,394,131,3
0,_093,_Precinct J3,_Precinct J3,790,316,87,21,7,0,14,987,177,29,21,1,810,276,93,2,925,217,35,4,698,320,5,634,352,102,1,610,311,141,2,640,269,132,1
0,_093,_Precinct J4,_Precinct J4,669,223,50,5,7,0,16,829,106,17,12,0,707,171,57,0,789,124,32,1,625,213,3,608,218,60,1,584,192,96,0,604,156,80,0
0,_093,_Precinct J5,_Precinct J5,724,342,85,18,6,3,29,943,205,35,26,0,774,322,86,1,890,249,46,1,712,307,2,638,362,107,1,581,361,134,2,627,286,139,0
0,_093,_Precinct J6,_Precinct J6,598,233,51,16,3,1,17,749,123,15,16,1,609,214,65,2,704,150,37,2,573,221,2,497,267,81,1,502,231,90,2,529,185,93,2
0,_093,_Precinct P1,_Precinct P1,199,47,5,1,0,0,4,229,20,5,2,1,193,42,20,0,222,28,8,0,173,56,0,175,50,15,0,146,44,49,0,181,26,23,1
0,_093,_Precinct P2,_Precinct P2,133,40,8,4,2,0,0,157,17,8,4,0,132,29,21,0,153,21,9,0,125,36,1,97,57,12,1,85,33,53,0,116,36,11,3
0,_093,_Precinct P3,_Precinct P3,275,83,32,1,5,1,7,349,37,12,2,1,288,76,30,1,335,42,19,1,265,84,1,241,108,22,1,231,74,48,1,256,63,33,1
0,_093,_Precinct P4,_Precinct P4,541,128,35,5,5,0,19,627,72,22,13,0,535,139,40,0,584,98,26,1,475,143,1,445,161,50,0,439,132,60,0,462,98,59,0
0,_093,_Precinct P5,_Precinct P5,433,70,14,3,6,0,10,481,37,11,6,1,425,72,26,0,470,43,14,4,403,89,0,389,90,31,0,375,81,43,0,398,52,40,0
0,_093,_Precinct P6,_Precinct P6,482,136,24,2,2,2,7,581,66,5,7,0,493,114,38,0,563,72,9,0,457,118,1,409,152,38,0,379,134,73,0,419,102,48,1
0,_095,_Cando,_Cando,518,159,50,6,2,0,15,635,88,19,12,0,562,131,48,0,601,129,15,2,557,129,3,470,184,56,1,459,159,84,0,513,136,50,0
0,_095,_Egeland,_Egeland,108,55,25,0,0,0,0,159,31,5,2,0,134,50,10,0,133,57,6,0,130,43,0,105,67,10,0,113,49,20,0,124,40,19,0
0,_095,_Rocklake,_Rocklake,107,91,15,1,1,0,4,158,60,6,2,0,132,68,21,0,107,117,4,0,130,58,0,88,104,17,0,97,86,23,0,114,77,11,0
0,_097,_Precinct 1,_Precinct 1,129,59,7,1,0,1,4,141,54,5,0,0,135,55,9,0,141,55,2,0,139,38,0,114,68,6,0,124,56,5,0,121,53,8,0
0,_097,_Precinct 10,_Precinct 10,217,118,26,3,4,0,5,296,69,10,4,0,260,84,32,1,292,68,18,0,280,71,2,225,112,31,0,233,90,37,0,213,83,64,0
0,_097,_Precinct 11,_Precinct 11,435,255,57,11,5,1,11,600,149,25,10,0,483,228,58,2,575,161,34,3,520,187,3,405,280,57,1,410,260,66,0,454,206,68,1
0,_097,_Precinct 12,_Precinct 12,194,135,36,10,2,0,7,278,90,13,9,1,239,102,36,1,276,91,20,3,274,78,2,205,144,29,0,187,137,47,0,153,95,120,0
0,_097,_Precinct 2,_Precinct 2,230,120,21,1,8,0,7,320,71,2,1,1,277,84,26,1,294,88,8,1,292,63,2,220,124,25,1,222,110,29,1,236,92,33,2
0,_097,_Precinct 3,_Precinct 3,146,62,7,1,1,0,4,179,35,7,3,0,162,51,11,1,179,41,7,0,172,43,0,133,73,13,0,145,58,15,0,145,48,26,0
0,_097,_Precinct 4,_Precinct 4,107,64,12,1,4,0,2,144,38,6,2,0,112,61,18,0,147,37,6,0,133,33,4,113,60,12,0,100,69,10,2,110,51,19,0
0,_097,_Precinct 5,_Precinct 5,73,50,5,2,2,0,1,103,24,3,0,0,81,38,9,1,105,23,2,0,84,30,0,65,49,9,0,61,46,12,0,65,33,18,0
0,_097,_Precinct 6,_Precinct 6,50,38,6,1,1,0,0,68,26,1,1,0,59,32,2,0,76,18,3,0,58,22,2,51,40,3,0,51,36,5,0,51,28,13,0
0,_097,_Precinct 7,_Precinct 7,324,148,49,3,4,0,10,432,82,15,6,0,340,136,50,0,428,92,14,0,387,99,3,322,156,38,0,298,133,78,0,254,93,152,0
0,_097,_Precinct 8,_Precinct 8,140,78,28,1,1,0,4,189,49,6,5,0,165,61,20,0,177,53,16,0,173,55,0,131,76,26,0,124,69,44,0,121,50,67,0
0,_097,_Precinct 9,_Precinct 9,220,114,38,0,4,0,7,312,60,10,3,0,254,86,36,0,304,66,14,1,271,82,2,233,109,30,1,211,117,40,1,157,65,148,1
0,_099,_Precinct 1 - District 19,_Precinct 1 - District 19,2098,777,201,24,15,0,54,2585,498,89,30,5,2394,535,207,4,2460,517,214,5,2319,580,11,1957,846,233,5,1890,675,429,7,2076,629,250,6
0,_099,_Precinct 2 - District 10,_Precinct 2 - District 10,897,390,129,8,8,1,34,1203,251,27,20,0,1075,305,91,1,1153,270,60,3,1031,306,4,821,481,115,0,786,331,281,0,948,315,122,0
0,_101,_Afton Our Savior Lutheran,_Afton Our Savior Lutheran,361,71,30,0,4,0,8,420,39,9,4,0,381,60,28,0,402,55,11,0,358,70,2,320,92,36,1,330,76,34,0,343,57,45,0
0,_101,_Berthold Sr Citizen Center,_Berthold Sr Citizen Center,426,46,39,7,1,0,8,487,30,11,10,0,450,48,32,0,465,56,12,0,411,80,0,399,82,32,0,376,79,40,1,404,50,45,0
0,_101,_Burlington City Hall,_Burlington City Hall,789,146,63,7,7,1,14,876,89,35,16,1,822,126,63,1,855,115,41,0,778,162,2,711,174,84,4,696,172,82,0,743,121,89,1
0,_101,_Des Lacs Community Hall,_Des Lacs Community Hall,228,40,11,0,1,0,4,257,18,10,1,0,237,30,15,1,245,28,8,0,207,44,0,199,52,19,0,196,46,25,1,222,29,19,0
0,_101,_Harrison Courthouse,_Harrison Courthouse,613,146,43,2,1,1,7,716,67,19,2,0,656,106,36,0,694,79,26,1,618,130,1,565,159,55,1,562,148,58,2,610,108,54,0
0,_101,_Kenmare Memorial Hall,_Kenmare Memorial Hall,611,110,41,4,7,0,4,680,63,26,10,0,645,89,37,0,660,93,15,0,592,129,2,554,145,48,2,554,136,45,0,554,111,71,1
0,_101,_Makoti Pioneer Sr Citizen Club,_Makoti Pioneer Sr Citizen Club,140,37,3,0,0,0,2,156,18,2,1,0,151,19,7,0,149,27,5,0,124,35,0,123,35,10,0,116,34,13,0,133,22,10,0
0,_101,_NE Minot Dist 3,_NE Minot Dist 3,632,282,116,24,14,0,23,826,177,59,26,1,736,248,100,2,774,215,93,2,701,300,3,628,258,151,1,611,283,137,2,640,246,137,1
0,_101,_NE Minot Dist 40,_NE Minot Dist 40,288,96,46,2,4,0,15,344,75,22,6,2,307,90,44,2,340,69,30,1,309,107,2,277,95,51,1,279,102,37,1,292,85,38,1
0,_101,_Nedrose All Seasons Arena,_Nedrose All Seasons Arena,815,175,71,9,3,0,21,933,94,45,13,0,862,146,69,2,888,133,48,1,801,207,3,716,225,94,3,731,198,96,1,791,142,96,1
0,_101,_North Central Lynch Immanuel,_North Central Lynch Immanuel,204,69,30,0,0,1,3,226,52,14,8,1,214,65,19,1,212,54,24,3,207,69,2,201,57,25,1,182,70,26,2,191,59,26,2
0,_101,_NW Minot Dist 3,_NW Minot Dist 3,67,35,18,3,3,0,4,91,26,10,3,0,81,38,10,0,88,32,8,0,76,42,0,71,39,15,0,72,34,15,0,74,30,14,0
0,_101,_NW Minot Dist 38,_NW Minot Dist 38,1547,482,167,14,10,3,37,1870,269,75,26,1,1717,373,131,3,1783,350,93,1,1619,428,8,1476,483,193,3,1496,463,161,1,1586,370,166,2
0,_101,_NW Minot Dist 40,_NW Minot Dist 40,2115,931,323,35,24,6,82,2698,566,159,55,2,2396,779,275,4,2533,699,196,4,2389,774,16,2123,895,312,7,2065,895,312,6,2183,733,345,7
0,_101,_NW Minot Dist 5,_NW Minot Dist 5,19,16,4,0,0,0,1,23,14,0,2,0,18,17,2,0,22,17,0,0,18,13,0,17,20,2,0,15,19,4,0,18,15,2,0
0,_101,_Ruthville Lynch Immanuel,_Ruthville Lynch Immanuel,477,131,71,12,5,2,12,530,93,45,24,1,483,126,77,1,493,118,66,3,471,169,2,443,138,81,2,420,148,84,1,462,104,85,3
0,_101,_Ryder City Building,_Ryder City Building,193,50,8,1,1,0,6,222,25,4,1,0,196,46,10,0,200,44,7,1,170,56,1,165,65,13,0,160,61,13,0,183,42,13,0
0,_101,_Sawyer City Hall,_Sawyer City Hall,399,54,26,2,2,0,4,436,35,11,10,1,404,60,25,1,423,53,10,0,382,77,1,362,74,33,0,356,66,35,0,379,52,36,0
0,_101,_SE Minot Dist 3,_SE Minot Dist 3,1875,634,231,40,19,4,71,2301,387,103,48,6,2000,566,231,12,2145,474,187,11,1970,647,13,1766,653,298,8,1783,650,269,11,1867,536,284,9
0,_101,_SE Minot Dist 38,_SE Minot Dist 38,569,198,55,7,1,0,9,694,111,21,9,0,630,156,42,2,639,148,29,5,587,174,3,530,200,74,2,538,183,72,3,567,151,77,3
0,_101,_SE Minot Dist 5,_SE Minot Dist 5,733,353,98,16,10,1,21,950,197,48,29,2,845,279,85,2,868,267,77,1,777,309,9,711,311,129,6,699,340,105,10,738,277,125,10
0,_101,_South Prairie School,_South Prairie School,215,46,20,1,1,0,2,249,29,2,1,0,230,37,11,1,232,42,5,0,195,60,1,177,72,17,0,179,65,17,0,197,46,19,0
0,_101,_Sundre All Seasons Arena,_Sundre All Seasons Arena,589,119,36,4,4,0,12,663,57,26,10,1,594,96,62,1,624,85,44,1,573,141,0,541,128,67,0,544,111,71,1,573,90,64,2
0,_101,_Surrey City Hall,_Surrey City Hall,686,97,54,3,3,0,13,760,42,26,16,1,703,73,63,1,743,67,34,0,646,148,1,606,119,80,1,606,92,103,1,639,82,77,1
0,_101,_SW Minot Dist 3,_SW Minot Dist 3,10,16,5,0,0,1,2,18,11,2,1,0,15,14,2,0,16,13,2,0,12,16,0,10,18,3,0,10,18,3,0,13,15,2,0
0,_101,_SW Minot Dist 38,_SW Minot Dist 38,542,163,73,10,4,0,12,669,85,35,12,0,580,138,72,1,627,111,55,1,578,172,4,534,167,74,0,525,162,75,0,554,134,71,1
0,_101,_SW Minot Dist 5,_SW Minot Dist 5,3493,1263,373,39,23,5,99,4443,640,119,69,7,3914,947,343,9,4103,891,204,6,3725,1014,32,3368,1242,365,14,3344,1198,382,15,3652,921,373,13
0,_103,_Precinct 01 Harvey,_Precinct 01 Harvey,251,34,10,1,4,0,7,268,24,7,5,0,267,23,17,0,269,27,9,2,238,44,0,224,44,27,0,236,33,22,0,244,25,22,0
0,_103,_Precinct 02 Fessenden,_Precinct 02 Fessenden,190,59,11,2,6,1,1,230,37,6,0,0,207,50,11,0,202,63,4,2,193,55,0,181,64,15,0,176,56,20,0,196,47,11,0
0,_103,_Precinct 03 Bowdon,_Precinct 03 Bowdon,232,32,8,0,1,0,2,253,21,4,1,0,233,29,13,0,242,25,8,1,210,43,0,205,41,16,0,205,33,13,0,203,36,16,0
0,_103,_Precinct 04 Sykeston,_Precinct 04 Sykeston,224,59,9,0,4,0,2,260,33,5,5,0,229,53,13,0,249,46,6,0,219,57,0,201,64,18,0,202,51,26,0,213,45,21,0
0,_103,_Precinct 05 Harvey,_Precinct 05 Harvey,690,184,52,9,7,1,12,821,102,22,17,0,779,129,47,0,781,152,18,1,727,154,1,660,205,58,0,640,192,72,1,690,150,57,0
0,_103,_Precinct 06 Fessenden,_Precinct 06 Fessenden,209,51,11,2,1,0,4,248,22,6,0,0,225,33,12,1,227,42,6,1,211,39,2,207,48,13,1,204,34,16,1,205,35,10,2
0,_105,_Precinct 43,_Precinct 43,1122,114,52,13,8,0,13,1134,81,37,16,1,1049,116,78,0,1083,105,54,1,974,140,3,952,110,96,2,920,128,72,7,931,94,100,2
0,_105,_Precinct 45,_Precinct 45,154,17,11,0,0,1,3,168,5,9,1,0,149,21,12,0,160,10,10,0,147,24,0,141,13,21,0,143,18,13,0,148,15,10,0
0,_105,_Precinct 48,_Precinct 48,1204,137,76,12,6,1,28,1204,124,60,26,0,1168,133,105,1,1210,118,72,0,1115,205,5,1085,136,144,1,1066,130,142,2,1066,104,166,1
0,_105,_Precinct 53,_Precinct 53,119,17,4,0,2,0,0,127,7,3,0,0,117,11,9,0,125,13,2,0,113,18,0,104,22,8,0,108,20,5,0,113,12,11,0
0,_105,_Precinct 55,_Precinct 55,239,61,18,3,5,0,14,248,60,16,12,0,196,109,24,0,244,64,18,0,224,72,3,195,75,41,0,183,94,38,0,201,69,42,0
0,_105,_Precinct 59,_Precinct 59,1586,301,118,4,13,2,33,1798,171,44,32,2,1637,236,136,8,1717,220,70,7,1599,258,12,1512,285,136,6,1511,277,118,4,1530,209,167,5
0,_105,_Precinct 60,_Precinct 60,1263,261,103,14,11,0,41,1389,171,86,31,1,1289,209,155,5,1337,208,109,4,1257,277,8,1184,248,169,7,1141,268,167,5,1147,212,207,7
0,_105,_Precinct 62,_Precinct 62,298,30,16,2,1,0,5,311,23,10,4,0,293,32,24,0,293,36,14,2,270,53,0,263,42,30,0,261,47,27,0,261,36,39,0
0,_105,_Precinct 63,_Precinct 63,334,91,27,2,2,1,7,376,63,19,5,0,337,83,36,1,349,84,25,0,322,92,1,295,112,35,0,283,109,39,0,305,80,51,1
0,_105,_Precinct 64,_Precinct 64,925,112,29,3,2,0,14,940,79,31,17,2,904,112,53,0,931,103,34,2,889,119,1,844,137,65,1,838,133,59,1,872,95,67,1
0,_105,_Precinct 65,_Precinct 65,159,34,14,0,1,0,0,178,21,9,3,0,165,27,21,0,159,40,12,0,161,29,0,147,41,17,0,144,42,12,0,155,31,12,0
0,_105,_Precinct 67,_Precinct 67,174,36,9,0,1,0,1,184,26,5,3,0,173,36,9,0,169,43,3,0,169,32,1,156,46,10,0,150,44,18,0,160,37,14,0
0,_105,_Precinct 74,_Precinct 74,1813,388,109,14,15,0,46,2006,249,80,24,1,1876,320,138,1,1958,291,96,5,1865,313,10,1721,373,156,2,1696,367,154,4,1730,276,192,4
0,_105,_Precinct 75,_Precinct 75,216,37,16,0,2,0,4,241,21,5,6,1,227,30,15,2,226,33,9,0,216,38,0,198,39,23,0,194,36,25,0,198,31,29,0
0,_105,_Precinct 76,_Precinct 76,463,99,29,7,5,0,10,446,79,52,10,2,435,92,58,1,458,84,48,2,434,121,3,409,94,71,1,396,100,67,1,401,83,70,1
