IS_AUDITED,COUNTY_NAME,PRECINCT_NAME,PRECINCT_CODE,USA_MT_20161108_GEN_PRE_REP_TRUMP,USA_MT_20161108_GEN_PRE_DEM_CLINTON,USA_MT_20161108_GEN_PRE_LIB_JOHNSON,USA_MT_20161108_GEN_PRE_GRE_STEIN,USA_MT_20161108_GEN_PRE_DEL_FUENTE,USA_MT_20161108_GEN_HAL_REP_ZINKE,USA_MT_20161108_GEN_HAL_DEM_JUNEAU,USA_MT_20161108_GEN_HAL_LIB_BRECKENRIDGE,USA_MT_20161108_GEN_GOV_REP_GIANFORTE,USA_MT_20161108_GEN_GOV_DEM_BULLOCK,USA_MT_20161108_GEN_GOV_LIB_DUNLAP,USA_MT_20161108_GEN_ATG_REP_FOX,USA_MT_20161108_GEN_ATG_DEM_JENT,USA_MT_20161108_GEN_SOS_REP_STAPLETON,USA_MT_20161108_GEN_SOS_DEM_LINDEEN,USA_MT_20161108_GEN_SOS_LIB_ROOTS,USA_MT_20161108_GEN_AUD_REP_RESENDALE,USA_MT_20161108_GEN_AUD_DEM_LASLOVICH,USA_MT_20161108_GEN_SPI_REP_ARNTZEN,USA_MT_20161108_GEN_SPI_DEM_ROMANO
0,_Beaverhead,_Precinct 1,_PRECINCT 01,203,175,48,15,1,230,205,22,176,267,15,275,159,229,193,23,208,229,196,236
0,_Beaverhead,_Precinct 2,_PRECINCT 02,551,127,35,16,4,546,178,27,482,249,23,600,124,540,161,32,476,244,511,212
0,_Beaverhead,_Precinct 3,_PRECINCT 03,507,158,32,5,0,532,186,17,470,252,15,587,125,524,184,18,443,257,469,236
0,_Beaverhead,_Precinct 4,_PRECINCT 04,131,34,6,1,0,128,41,6,109,60,4,143,29,123,41,2,118,48,121,48
0,_Beaverhead,_Precinct 5,_PRECINCT 05,99,9,4,1,0,100,16,2,99,17,2,105,10,100,14,3,92,21,91,22
0,_Beaverhead,_Precinct 6,_PRECINCT 06,324,129,35,10,2,326,173,18,265,235,23,385,120,314,179,20,274,223,286,225
0,_Beaverhead,_Precinct 7,_PRECINCT 07,231,40,12,4,2,238,53,6,199,93,6,254,36,213,75,10,192,96,196,96
0,_Beaverhead,_Precinct 8,_PRECINCT 08,56,14,2,0,1,63,9,1,55,16,3,64,9,60,12,2,53,18,58,15
0,_Beaverhead,_Precinct 9,_PRECINCT 09,300,87,19,4,1,308,95,16,248,159,12,345,67,292,105,18,249,155,265,135
0,_Beaverhead,_Precinct 12,_PRECINCT 12,270,157,21,2,2,284,185,8,210,256,11,353,109,277,184,7,228,235,246,211
0,_Beaverhead,_Precinct 14,_PRECINCT 14,225,125,27,7,2,210,163,23,161,210,25,251,136,214,150,26,190,189,187,188
0,_Beaverhead,_Precinct 17,_PRECINCT 17,82,18,3,1,2,79,27,2,75,33,0,86,22,78,26,0,64,40,68,39
0,_Beaverhead,_Precinct 19,_PRECINCT 19,92,14,6,1,1,86,25,3,83,27,5,94,18,88,19,5,82,26,86,24
0,_Beaverhead,_Precinct 20,_PRECINCT 20,74,2,0,1,0,74,2,4,66,12,3,78,2,75,2,2,63,16,72,6
0,_Beaverhead,_Precinct 21,_PRECINCT 21,117,25,10,2,0,121,36,2,108,53,0,128,22,119,32,4,102,51,111,41
0,_Beaverhead,_Precinct 23,_PRECINCT 23,91,29,5,0,0,92,30,4,74,50,3,90,31,89,33,3,72,50,83,40
0,_Big Horn,_PERITSA,_PRECINCT #1,93,56,4,0,0,90,59,4,84,71,3,121,34,88,66,1,92,61,93,60
0,_Big Horn,_KIRBY DECKER,_PRECINCT #10,49,12,1,1,0,51,11,1,42,22,1,55,8,45,15,1,42,15,45,15
0,_Big Horn,_WYOLA,_PRECINCT #14,51,70,7,2,1,49,85,4,38,94,6,56,82,39,91,8,50,88,43,95
0,_Big Horn,_PRYOR,_PRECINCT #15,107,129,21,7,3,92,181,13,74,204,7,129,149,84,187,11,92,184,87,192
0,_Big Horn,_HARDIN,_PRECINCT #17,200,116,15,3,1,183,147,14,132,198,14,249,88,175,156,9,171,164,169,170
0,_Big Horn,_HARDIN,_PRECINCT #18,194,81,26,5,1,192,113,15,164,141,12,255,59,192,110,12,177,129,179,134
0,_Big Horn,_HARDIN,_PRECINCT #19,269,172,35,7,2,266,210,15,206,262,23,354,128,251,222,15,253,225,244,238
0,_Big Horn,_FT SMITH,_PRECINCT #2,56,46,7,0,0,55,51,3,42,66,2,67,39,51,53,3,54,51,45,61
0,_Big Horn,_GOOD LUCK,_PRECINCT #21,93,228,4,6,2,111,229,7,82,256,7,139,191,83,252,5,87,242,77,257
0,_Big Horn,_LODGE GRASS,_PRECINCT #25,57,64,1,1,1,50,70,4,46,72,4,66,55,48,72,3,51,69,43,73
0,_Big Horn,_BUSBY,_PRECINCT #26,73,224,11,7,3,71,262,6,65,263,11,134,201,76,253,9,75,252,80,258
0,_Big Horn,_FOSTER,_PRECINCT #3,114,20,3,0,0,116,19,3,100,38,2,127,9,103,30,4,105,31,95,38
0,_Big Horn,_WHITMAN,_PRECINCT #4,60,13,2,2,0,53,21,3,45,28,4,68,8,47,31,0,50,24,46,28
0,_Big Horn,_WHITMAN NORTH,_PRECINCT #4N,124,16,4,0,0,114,31,3,103,37,6,136,10,110,34,3,107,32,105,37
0,_Big Horn,_RENO,_PRECINCT #5,48,136,4,2,0,48,140,6,37,151,5,78,112,37,147,7,43,145,38,152
0,_Big Horn,_SARPY,_PRECINCT #6,50,14,2,0,0,50,17,0,49,18,1,54,13,48,18,1,44,21,42,24
0,_Big Horn,_CROW AGENCY,_PRECINCT #7,89,554,30,25,6,122,594,12,74,631,22,225,485,91,618,16,105,598,86,629
0,_Big Horn,_ST X,_PRECINCT #8,98,46,5,2,0,99,54,2,93,58,6,106,47,93,58,2,90,58,94,60
0,_Big Horn,_LODGE GRASS,_PRECINCT #9,28,97,3,1,1,39,99,6,21,114,6,45,92,18,118,8,23,116,24,119
0,_Blaine,_Precinct 3,_BELKNAP 3-32,35,300,11,17,2,37,343,1,30,341,10,79,291,35,325,12,50,312,35,332
0,_Blaine,_Precinct 11,_CHINOOK 11-33,381,172,37,11,2,377,211,22,322,269,23,449,150,356,233,13,331,255,342,257
0,_Blaine,_Precinct 8,_HARLEM 8-32,113,152,9,11,2,101,198,8,75,229,3,150,151,96,202,8,103,195,93,210
0,_Blaine,_Precinct 9,_HARLEM 9-32,12,126,3,14,5,12,155,0,14,148,4,35,131,20,140,6,21,143,17,149
0,_Blaine,_Precinct 15,_HAYS 15-32,43,350,11,19,10,27,427,8,31,421,9,99,354,49,402,7,63,385,28,425
0,_Blaine,_Precinct 13,_NO CHINOOK 13-33,97,16,3,0,0,100,20,2,90,30,3,104,14,94,23,3,96,21,95,24
0,_Blaine,_Precinct 10,_SO CHINOOK 10-32,370,54,19,1,3,360,80,10,315,126,11,384,51,333,106,7,310,110,306,118
0,_Blaine,_Precinct 1,_TURNER 1-33,217,32,9,0,2,227,42,7,203,65,10,236,32,212,52,8,199,66,203,71
0,_Broadwater,_Precinct 1,_PRECINCT 1,484,150,24,5,2,490,171,22,372,287,20,558,111,441,205,24,429,235,421,253
0,_Broadwater,_Precinct 11,_PRECINCT 11,513,100,30,6,0,516,127,16,404,237,18,563,83,477,153,15,454,181,449,179
0,_Broadwater,_Precinct 12,_PRECINCT 12,485,132,42,11,1,500,170,21,359,306,31,532,143,449,207,27,442,225,431,235
0,_Broadwater,_Precinct 13,_PRECINCT 13,532,86,39,10,1,532,120,28,431,232,26,571,96,526,132,19,494,172,496,164
0,_Broadwater,_Precinct 7,_PRECINCT 7,334,105,34,5,1,355,122,18,261,220,20,394,91,323,149,19,307,167,300,176
0,_Carbon,_Rockvale / Silesia,_P 1,402,100,19,3,1,400,130,10,333,193,13,438,89,387,136,9,342,175,346,180
0,_Carbon,_Red Lodge - Ward 3,_P 10,161,221,28,11,3,165,254,15,128,288,17,208,205,172,237,23,158,263,142,284
0,_Carbon,_Red Lodge Rural,_P 11,454,400,42,1,1,488,417,14,418,486,18,578,321,495,401,22,455,437,441,461
0,_Carbon,_Fromberg / Edgar,_P 15,424,102,27,11,0,412,140,20,341,213,19,460,94,411,144,11,386,169,379,186
0,_Carbon,_Luther / Roscoe,_P 16,202,86,10,4,0,212,93,6,186,120,6,234,67,217,84,8,196,103,190,114
0,_Carbon,_Town of Joliet,_P 2,178,73,14,5,1,176,92,12,149,120,11,208,60,174,92,11,166,108,167,108
0,_Carbon,_Joliet Rural / Boyd,_P 3,461,104,20,6,1,448,140,15,393,189,21,506,84,449,136,14,402,178,423,169
0,_Carbon,_Town of Bridger,_P 4,227,65,21,1,3,210,90,18,176,124,18,245,62,215,85,9,193,113,192,118
0,_Carbon,_Bridger Rural,_P 5,280,50,17,2,1,275,71,11,225,122,14,300,44,269,76,5,233,109,247,94
0,_Carbon,_Belfry / Bearcreek,_P 6,217,72,22,7,1,217,92,16,171,141,13,241,74,222,88,11,188,124,197,120
0,_Carbon,_Roberts,_P 7,379,111,29,4,1,379,136,23,311,203,23,424,101,384,130,20,343,174,330,196
0,_Carbon,_Red Lodge - Ward 1,_P 8,223,245,31,11,0,238,264,18,206,303,13,301,198,249,242,18,233,264,209,291
0,_Carbon,_Red Lodge - Ward 2,_P 9,140,199,27,4,1,138,237,9,108,273,7,174,191,142,224,12,120,242,107,264
0,_Carter,_Precinct 1,_PRECINCT #1 ALZADA,101,6,2,2,0,99,9,2,99,13,0,107,4,100,7,3,101,7,102,8
0,_Carter,_Precinct 13,_PRECINCT #13 EKALAKA,170,32,15,2,1,172,36,12,176,41,10,185,31,158,47,8,167,44,158,50
0,_Carter,_Precinct 14,_PRECINCT #14 RURAL EKALAKA,343,28,6,2,0,343,39,3,319,61,4,342,31,325,50,4,327,30,310,52
0,_Carter,_Precinct 3,_PRECINCT #3 HAMMOND,64,4,1,0,0,63,5,1,56,13,2,67,3,63,8,0,67,3,61,8
0,_Cascade,_P19A1,_P19A1,309,94,22,5,1,296,121,31,250,178,23,340,100,294,128,25,281,150,238,190
0,_Cascade,_P19A2,_P19A2,676,197,45,6,1,691,245,19,590,354,21,744,203,679,248,19,642,284,592,350
0,_Cascade,_P19A3,_P19A3,280,73,13,4,0,264,103,11,225,146,6,306,66,270,96,7,240,126,228,144
0,_Cascade,_P19A4,_P19A4,272,139,26,4,2,266,183,7,232,220,6,338,111,275,164,12,259,186,228,219
0,_Cascade,_P19B1,_P19B1,55,12,4,1,0,56,16,2,49,26,0,61,12,59,14,1,48,24,52,20
0,_Cascade,_P19B2,_P19B2,692,271,42,9,4,718,308,24,589,439,20,813,209,696,312,23,637,364,587,428
0,_Cascade,_P19C,_P19C,417,151,30,5,0,391,222,14,322,291,10,478,135,368,233,14,344,258,332,268
0,_Cascade,_P19D,_P19D,289,128,31,8,5,293,176,12,220,247,15,349,119,282,172,21,262,203,246,223
0,_Cascade,_P19E,_P19E,183,88,15,2,0,189,97,6,153,134,6,224,61,194,92,3,172,108,165,117
0,_Cascade,_P20A,_P20A,2726,1385,210,21,8,2840,1588,85,2320,2144,64,3426,968,2846,1527,73,2517,1777,2311,2087
0,_Cascade,_P20B,_P20B,799,456,53,10,3,799,518,28,672,651,30,1001,304,827,478,24,729,562,685,624
0,_Cascade,_P21A,_P21A,2419,1549,224,47,17,2407,1882,104,1820,2444,120,3068,1195,2430,1788,100,2194,1984,1880,2373
0,_Cascade,_P21B,_P21B,220,141,18,12,2,195,191,13,136,246,15,247,141,195,187,10,188,194,166,221
0,_Cascade,_P22A,_P22A,1492,1130,196,51,14,1384,1470,114,1015,1831,120,1888,984,1442,1368,106,1319,1506,1136,1746
0,_Cascade,_P22B,_P22B,671,301,69,9,5,677,383,32,505,548,39,794,269,631,411,34,583,458,548,504
0,_Cascade,_P22C,_P22C,27,12,4,1,9,31,15,9,30,19,6,42,11,33,11,9,31,20,25,27
0,_Cascade,_P23,_P23,1798,1534,217,63,11,1781,1820,133,1354,2239,138,2352,1293,1878,1713,113,1679,1920,1523,2128
0,_Cascade,_P24,_P24,2024,1599,269,52,19,2056,1905,119,1584,2383,109,2665,1303,2133,1783,109,1887,2020,1653,2311
0,_Cascade,_P25,_P25,2027,1533,248,70,19,1979,1879,159,1577,2287,153,2610,1310,2074,1726,164,1869,1973,1703,2199
0,_Cascade,_P26A,_P26A,1249,986,164,45,10,1213,1237,96,940,1509,97,1605,860,1295,1106,95,1160,1238,1016,1438
0,_Cascade,_P26B,_P26B,200,101,35,12,1,211,109,25,181,132,23,234,93,206,104,23,209,117,200,128
0,_Cascade,_P27,_P27,456,194,31,4,2,463,218,14,360,319,15,522,154,445,223,17,413,249,373,295
0,_Cascade,_P30,_P30,351,101,30,5,2,346,147,12,269,232,6,392,94,343,146,9,322,157,308,179
0,_Chouteau,_BIG SANDY (#8),_BIG SANDY 8,187,62,15,0,1,194,80,4,164,110,6,219,48,185,87,5,183,79,175,95
0,_Chouteau,_BIG SANDY (#9),_BIG SANDY 9,263,59,14,5,1,253,87,10,220,121,9,281,57,250,89,7,238,97,225,116
0,_Chouteau,_CARTER (#4),_CARTER 4,181,56,6,5,1,179,74,3,148,104,4,212,36,169,75,5,167,72,152,91
0,_Chouteau,_FORT BENTON (#1),_FORT BENTON 1,285,135,27,7,3,273,179,24,205,262,14,347,107,294,161,10,255,186,230,222
0,_Chouteau,_FORT BENTON (#2),_FORT BENTON 2,269,158,30,9,1,281,185,18,213,265,12,359,113,275,191,14,273,189,235,236
0,_Chouteau,_GERALDINE (#3),_GERALDINE 3,198,75,21,4,1,202,94,8,157,138,11,256,43,213,81,7,200,86,189,110
0,_Chouteau,_HIGHWOOD (#6),_HIGHWOOD 6,202,52,9,2,2,206,57,6,170,97,5,233,35,211,55,3,197,62,183,80
0,_Chouteau,_LOMA (#7),_LOMA 7,90,20,8,0,0,88,27,4,74,42,4,97,19,85,31,2,85,30,75,40
0,_Chouteau,_ROCKY BOY (#5),_ROCKY BOY 5,4,115,1,5,0,5,128,0,6,121,4,16,111,7,118,2,9,117,5,123
0,_Custer,_CCDHS,_CCDHS,627,236,55,5,1,615,304,34,540,374,35,735,185,596,313,30,569,345,522,398
0,_Custer,_Highland Park,_HIGHLAND PARK SCH,835,314,70,3,5,823,407,33,706,516,33,962,253,791,427,26,751,464,710,513
0,_Custer,_Ismay,_ISMAY CHURCH,32,1,0,0,0,31,1,1,28,5,0,32,1,28,3,0,30,2,31,1
0,_Custer,_Jefferson,_JEFFERSON SCH,771,265,81,19,2,728,390,41,598,500,61,858,260,704,394,48,698,421,648,483
0,_Custer,_Kinsey,_KINSEY,124,39,7,0,0,124,47,3,112,59,4,135,30,122,50,1,116,53,108,61
0,_Custer,_Kircher,_KIRCHER,126,46,6,0,0,121,63,4,119,66,2,144,37,120,63,2,114,69,114,69
0,_Custer,_Knowlton,_KNOWLTON SCH,51,3,1,0,0,51,3,1,49,5,1,51,2,47,4,3,49,4,48,4
0,_Custer,_Nat'l Guard,_NAT'L GUARD,123,21,8,0,0,120,30,4,105,46,3,129,22,117,36,2,110,40,117,34
0,_Custer,_Riverview,_RIVERVIEW SCHOOL,26,1,0,0,0,25,1,0,21,6,0,26,1,23,1,0,21,5,20,4
0,_Custer,_S-H School,_S-H SCHOOL,83,8,2,0,0,80,11,0,75,16,1,81,7,76,12,2,72,17,76,13
0,_Custer,_Sheffield Moon,_SHEFFIELD MOON,242,31,11,2,1,240,51,4,210,71,8,252,31,230,56,3,221,54,201,83
0,_Custer,_Spring Creek,_SPRING CREEK SCH,46,0,0,0,0,45,1,0,42,2,1,45,0,41,3,2,38,8,41,3
0,_Custer,_SY School,_SY SCHOOL,26,2,2,0,0,26,2,1,26,3,0,26,2,25,2,1,25,2,26,3
0,_Custer,_Washington,_WASHINGTON SCH,545,209,59,6,6,506,301,48,406,396,50,581,244,458,336,48,472,347,446,385
0,_Daniels,_Precinct 2,_PRECINCT #2,102,25,9,1,0,100,29,6,75,49,10,103,23,88,37,7,89,34,94,36
0,_Daniels,_Precinct 3,_PRECINCT #3,243,36,14,2,0,249,44,6,240,56,5,259,30,234,49,7,238,47,229,55
0,_Daniels,_Precinct 5,_PRECINCT #5,212,58,21,1,0,211,69,17,188,96,15,235,49,199,77,13,206,72,191,89
0,_Daniels,_Precinct 6,_PRECINCT #6,173,49,7,2,0,73,58,7,146,88,3,180,51,150,72,11,164,61,158,68
0,_Dawson,_Precinct 1,_PRECINCT 01,246,83,18,5,1,236,107,15,232,111,20,261,87,215,127,15,235,113,215,134
0,_Dawson,_Precinct 2,_PRECINCT 02,371,94,35,4,1,347,142,21,350,135,26,386,103,331,157,17,356,146,336,164
0,_Dawson,_Precinct 3,_PRECINCT 03,565,185,27,8,2,549,240,19,559,230,22,615,163,515,267,21,591,214,521,266
0,_Dawson,_Precinct 4,_PRECINCT 04,302,106,31,6,1,277,144,28,289,135,30,320,121,252,171,25,284,159,266,172
0,_Dawson,_Precinct 5,_PRECINCT 05,228,39,10,2,0,227,48,5,229,49,3,226,47,201,66,4,220,52,203,64
0,_Dawson,_Precinct 6,_PRECINCT 06,736,106,32,3,0,706,159,31,678,171,50,752,123,660,194,27,729,153,670,200
0,_Dawson,_Precinct 7,_PRECINCT 07,872,174,31,5,2,807,258,38,810,246,51,887,180,740,319,29,838,248,763,308
0,_Deer Lodge,_Precinct 1-77 E,_PRECINCT 1-77E,157,260,44,12,2,146,328,17,95,380,22,212,266,140,331,16,70,421,112,370
0,_Deer Lodge,_Precinct 1-77 W,_PRECINCT 1-77W,195,302,24,2,1,180,350,9,134,402,5,243,268,177,344,7,65,471,129,387
0,_Deer Lodge,_Precinct 1-78,_PRECINCT 1-78,41,44,7,0,0,39,51,2,30,61,4,47,40,39,50,1,18,75,26,61
0,_Deer Lodge,_Precinct 2-77 E,_PRECINCT 2-77E,104,159,17,6,1,94,183,15,66,206,20,127,154,95,182,12,61,224,83,202
0,_Deer Lodge,_Precinct 2-77 W,_PRECINCT 2-77W,123,185,27,10,1,117,225,13,72,269,17,150,193,108,227,20,64,293,86,267
0,_Deer Lodge,_Precinct 2-78,_PRECINCT 2-78,25,35,3,3,2,19,42,6,11,50,7,29,38,20,45,3,16,51,16,50
0,_Deer Lodge,_Precinct 3-77 E,_PRECINCT 3-77E,124,144,21,11,2,110,193,18,75,225,17,134,172,108,187,17,49,266,81,229
0,_Deer Lodge,_Precinct 3-77 W,_PRECINCT 3-77W,114,145,30,10,3,95,191,23,55,229,23,115,178,91,181,31,59,244,71,225
0,_Deer Lodge,_Precinct 3-78,_PRECINCT 3-78,47,66,1,1,1,40,71,5,32,85,0,55,61,36,82,0,14,102,30,85
0,_Deer Lodge,_Precinct 4-77,_PRECINCT 4-77,59,27,9,0,0,57,40,4,44,53,3,67,32,66,32,2,38,61,47,50
0,_Deer Lodge,_Precinct 4-78 E,_PRECINCT 4-78E,143,104,24,6,4,129,143,18,72,206,17,141,134,118,152,21,72,216,101,179
0,_Deer Lodge,_Precinct 4-78 W,_PRECINCT 4-78W,156,98,7,4,1,146,117,13,111,153,14,166,104,146,118,11,84,193,120,152
0,_Deer Lodge,_Precinct 5-77 N,_PRECINCT 5-77N,268,266,35,6,3,246,342,15,188,404,14,326,258,241,337,21,122,481,192,399
0,_Deer Lodge,_Precinct 5-77 S,_PRECINCT 5-77S,207,223,27,3,2,209,261,15,162,311,15,255,212,207,259,8,98,380,159,311
0,_Fallon,_Precinct 1,_PRECINCT 1,341,47,11,1,1,320,66,17,266,112,16,326,55,282,88,15,314,61,287,85
0,_Fallon,_Precinct 2,_PRECINCT 2,336,52,21,2,0,321,77,18,280,116,17,346,52,307,78,16,323,68,302,86
0,_Fallon,_Precinct 3,_PRECINCT 3,391,40,4,0,1,367,55,6,329,94,6,367,42,329,69,8,347,52,319,73
0,_Fallon,_Precinct 4,_PRECINCT 4,211,15,9,1,0,211,29,4,187,46,8,221,14,203,28,4,210,18,191,37
0,_Fergus,_Precinct 10,_PREC 10,207,91,15,6,1,196,111,27,166,150,20,236,84,204,108,16,200,114,199,123
0,_Fergus,_Precinct 11,_PREC 11,288,132,18,6,1,275,154,24,232,198,20,326,113,288,148,12,278,155,287,157
0,_Fergus,_Precinct 12,_PREC 12,65,15,10,1,0,76,16,5,76,19,2,85,9,79,13,4,66,24,78,17
0,_Fergus,_Precinct 13,_PREC 13,352,125,26,2,2,358,165,14,299,229,9,436,87,368,149,10,342,164,343,177
0,_Fergus,_Precinct 14,_PREC 14,248,61,22,2,1,243,95,7,204,136,5,295,50,254,86,3,224,116,236,105
0,_Fergus,_Precinct 16,_PREC 16,196,27,14,2,0,200,41,7,182,58,7,211,29,191,48,3,188,44,181,58
0,_Fergus,_Precinct 17,_PREC 17,304,100,18,1,3,319,118,8,277,156,11,348,81,322,108,9,291,127,294,131
0,_Fergus,_Precinct 18,_PREC 18,165,14,4,1,0,159,21,4,146,33,4,167,11,154,23,1,145,27,153,25
0,_Fergus,_Precinct 2,_PREC 2,643,157,42,8,2,650,202,21,567,282,29,711,137,629,207,20,612,218,624,228
0,_Fergus,_Precinct 3,_PREC 3,313,59,13,2,0,304,84,9,272,124,5,335,50,301,90,4,297,83,306,81
0,_Fergus,_Precinct 4,_PREC 4,253,42,23,0,1,262,61,9,220,106,6,294,33,264,59,5,232,84,240,83
0,_Fergus,_Precinct 5,_PREC 5,286,34,9,3,0,268,53,10,233,96,4,287,33,256,67,5,248,70,261,64
0,_Fergus,_Precinct 6,_PREC 6,239,134,19,4,2,233,156,14,195,192,17,281,111,237,144,15,241,144,238,148
0,_Fergus,_Precinct 7,_PREC 7,233,77,18,4,1,212,108,19,190,131,24,268,67,219,105,16,218,109,217,118
0,_Fergus,_Precinct 8,_PREC 8,239,58,19,7,0,232,76,13,195,120,15,263,53,221,85,15,221,92,228,91
0,_Fergus,_Precinct 9,_PREC 9,238,76,32,3,1,243,98,15,203,146,9,284,68,243,97,13,226,116,232,116
0,_Flathead,_Precinct 1,_PRECINCT 1,373,184,41,9,4,354,232,36,305,272,43,424,163,363,211,32,359,230,348,249
0,_Flathead,_Precinct 11,_PRECINCT 11,758,196,38,19,1,775,242,33,681,325,41,842,181,781,223,28,716,301,721,294
0,_Flathead,_Precinct 13,_PRECINCT 13,962,350,66,15,3,1009,377,57,909,476,52,1088,301,1017,359,50,958,412,971,411
0,_Flathead,_Precinct 14,_PRECINCT 14,435,135,21,5,0,435,159,13,382,204,18,468,123,426,146,21,425,159,405,182
0,_Flathead,_Precinct 15,_PRECINCT 15,718,168,39,3,2,705,205,35,622,273,48,745,173,710,186,38,671,233,673,237
0,_Flathead,_Precinct 16,_PRECINCT 16,526,318,59,25,1,524,391,37,412,494,45,601,299,515,378,35,503,401,479,437
0,_Flathead,_Precinct 17,_PRECINCT 17,144,125,8,7,1,142,138,6,122,159,6,157,125,145,135,4,131,144,130,147
0,_Flathead,_Precinct 18,_PRECINCT 18,882,400,60,23,6,871,467,62,696,637,64,971,384,867,450,53,791,543,800,546
0,_Flathead,_Precinct 19,_PRECINCT 19,763,166,47,13,6,745,223,38,640,313,52,795,177,731,217,41,732,243,706,260
0,_Flathead,_Precinct 2,_PRECINCT 2,451,318,49,20,1,454,354,44,367,432,60,512,305,444,343,48,423,382,419,397
0,_Flathead,_Precinct 20,_PRECINCT 20,615,851,98,40,6,691,918,46,535,1053,56,807,759,669,861,70,620,918,589,980
0,_Flathead,_Precinct 21,_PRECINCT 21,650,180,50,8,3,651,221,35,534,333,41,684,198,651,212,29,623,258,609,267
0,_Flathead,_Precinct 23,_PRECINCT 23,519,233,60,11,4,512,292,36,403,386,53,565,249,508,272,46,483,324,479,339
0,_Flathead,_Precinct 24,_PRECINCT 24,570,92,21,6,1,562,118,26,493,172,36,593,90,557,110,26,535,146,538,143
0,_Flathead,_Precinct 25,_PRECINCT 25,806,209,69,7,1,791,266,60,655,397,62,869,226,778,262,58,750,333,742,338
0,_Flathead,_Precinct 26,_PRECINCT 26,472,124,20,5,2,454,151,28,424,187,23,495,115,471,132,26,449,158,448,157
0,_Flathead,_Precinct 29,_PRECINCT 29,1039,282,75,12,0,1049,337,41,912,468,51,1139,249,1062,303,48,998,384,988,394
0,_Flathead,_Precinct 3,_PRECINCT 3,493,316,41,19,2,491,350,32,430,413,35,568,285,500,342,29,476,368,462,388
0,_Flathead,_Precinct 31,_PRECINCT 31,1358,572,106,16,3,1425,627,53,1239,797,72,1559,485,1429,590,62,1349,672,1273,776
0,_Flathead,_Precinct 32,_PRECINCT 32,483,265,54,18,1,451,320,53,380,385,62,544,263,459,305,48,465,333,447,362
0,_Flathead,_Precinct 33,_PRECINCT 33,272,75,23,1,1,259,92,28,215,123,32,284,81,255,97,21,248,116,244,123
0,_Flathead,_Precinct 34,_PRECINCT 34,1037,331,59,9,1,1054,370,42,950,482,34,1143,293,1063,359,25,1002,408,990,422
0,_Flathead,_Precinct 35,_PRECINCT 35,813,378,83,16,3,807,447,63,666,595,58,912,360,796,456,49,774,485,738,525
0,_Flathead,_Precinct 36,_PRECINCT 36,1157,335,57,16,2,1163,380,54,1012,529,51,1245,297,1144,370,54,1102,428,1100,411
0,_Flathead,_Precinct 37,_PRECINCT 37,1252,412,97,18,5,1220,501,82,1025,711,73,1362,390,1253,467,60,1207,521,1139,604
0,_Flathead,_Precinct 38,_PRECINCT 38,1154,462,44,20,2,1170,508,49,1034,654,45,1268,411,1162,496,46,1100,574,1090,578
0,_Flathead,_Precinct 39,_PRECINCT 39,368,258,34,17,2,382,281,25,314,344,30,416,244,382,257,35,362,292,356,298
0,_Flathead,_Precinct 4,_PRECINCT 4,519,350,65,30,1,527,417,43,444,489,54,620,336,509,397,62,516,430,494,461
0,_Flathead,_Precinct 41,_PRECINCT 41,906,476,75,17,1,947,520,46,840,642,39,1086,387,950,512,33,870,589,874,591
0,_Flathead,_Precinct 42,_PRECINCT 42,1067,325,45,18,2,1072,370,36,969,483,39,1128,297,1075,352,36,1012,403,1007,424
0,_Flathead,_Precinct 43,_PRECINCT 43,1168,400,62,20,3,1195,452,45,1067,591,42,1289,362,1168,458,50,1131,510,1126,513
0,_Flathead,_Precinct 44,_PRECINCT 44,757,460,63,26,0,819,491,34,686,607,41,877,426,777,499,40,769,506,708,586
0,_Flathead,_Precinct 45,_PRECINCT 45,565,587,41,21,7,636,589,28,533,683,35,702,485,615,562,39,585,603,552,636
0,_Flathead,_Precinct 47,_PRECINCT 47,367,669,73,36,2,428,702,36,340,777,52,490,600,406,650,63,396,684,369,730
0,_Flathead,_Precinct 48,_PRECINCT 48,516,281,36,11,0,536,317,10,460,383,21,616,226,540,282,23,527,298,495,338
0,_Flathead,_Precinct 49,_PRECINCT 49,476,450,53,26,1,566,431,23,480,515,23,596,383,528,426,37,524,440,511,463
0,_Flathead,_Precinct 5,_PRECINCT 5,777,270,47,17,5,756,325,49,670,419,52,872,239,767,295,47,759,338,719,379
0,_Flathead,_Precinct 50,_PRECINCT 50,824,170,57,10,2,802,225,53,646,364,67,869,180,782,227,59,763,288,740,302
0,_Flathead,_Precinct 6,_PRECINCT 6,1547,633,83,19,5,1642,674,54,1443,860,63,1795,507,1658,632,44,1521,764,1485,809
0,_Flathead,_Precinct 7,_PRECINCT 7,697,254,38,12,3,719,282,21,608,376,35,776,222,685,294,24,670,313,644,344
0,_Flathead,_Precinct 8,_PRECINCT 8,588,151,27,10,5,603,171,15,523,242,28,657,110,589,172,19,571,196,562,201
0,_Flathead,_Precinct 89,_PRECINCT 89,396,82,15,5,5,374,96,37,318,157,32,401,89,385,98,19,368,126,364,129
0,_Flathead,_NA,_,0,0,0,0,0,0,0,0,0,0,0,0,0,0,0,0,0,0,0,0
0,_Flathead,_NA,_,0,0,0,0,0,0,0,0,0,0,0,0,0,0,0,0,0,0,0,0
0,_Gallatin,_59A,_PCT 59A,130,179,17,5,1,155,173,9,130,203,6,169,156,148,175,13,136,188,149,175
0,_Gallatin,_61A,_PCT 61A,745,881,91,14,2,814,936,40,720,1052,26,916,816,841,854,60,774,942,754,959
0,_Gallatin,_61B,_PCT 61B,787,842,99,32,4,835,899,55,743,1018,49,963,779,869,829,62,803,907,818,911
0,_Gallatin,_61C,_PCT 61C,371,1147,112,49,4,410,1260,60,336,1355,49,490,1150,409,1168,100,443,1179,409,1237
0,_Gallatin,_61D,_PCT 61D,701,976,91,25,0,807,1013,38,717,1131,28,928,876,830,957,41,738,1043,731,1057
0,_Gallatin,_62A,_PCT 62A,248,1109,103,29,6,323,1141,40,248,1232,32,428,1025,336,1089,60,333,1098,301,1151
0,_Gallatin,_62B,_PCT 62B,302,956,133,40,5,388,988,65,314,1096,54,493,884,396,925,84,406,952,367,1014
0,_Gallatin,_62C,_PCT 62C,505,1015,88,27,5,633,1055,23,527,1171,25,724,917,633,1001,39,575,1030,557,1084
0,_Gallatin,_62D,_PCT 62D,866,1142,162,37,3,1052,1181,71,936,1325,53,1241,978,1068,1107,79,950,1222,939,1260
0,_Gallatin,_63A,_PCT 63A,802,895,180,38,11,919,982,98,813,1117,85,1064,858,933,905,125,920,984,870,1047
0,_Gallatin,_63B,_PCT 63B,440,637,168,40,9,505,680,88,397,779,98,608,591,492,604,132,536,630,482,710
0,_Gallatin,_63C,_PCT 63C,609,956,172,78,4,699,1067,77,607,1182,72,820,935,712,981,102,691,1029,619,1122
0,_Gallatin,_64A,_PCT 64A,403,327,52,10,3,416,363,23,369,410,28,424,358,429,329,34,411,360,394,374
0,_Gallatin,_64B,_PCT 64B,521,746,113,35,5,586,810,46,469,920,57,665,707,621,692,84,589,756,554,791
0,_Gallatin,_64C,_PCT 64C,1036,676,117,20,4,1129,719,59,1013,843,56,1249,597,1161,647,68,1018,797,1058,766
0,_Gallatin,_64D,_PCT 64D,1489,799,168,35,10,1591,901,98,1413,1105,84,1742,770,1594,821,113,1502,978,1461,1012
0,_Gallatin,_65A,_PCT 65A,503,1060,128,53,5,520,1173,85,416,1295,85,631,1056,514,1074,125,515,1160,490,1195
0,_Gallatin,_65B,_PCT 65B,770,1072,203,72,11,937,1178,79,787,1337,87,1109,977,965,1062,117,892,1150,855,1221
0,_Gallatin,_65C,_PCT 65C,1034,1205,209,33,7,1195,1277,93,1042,1473,80,1388,1056,1191,1171,128,1144,1274,1107,1341
0,_Gallatin,_66A,_PCT 66A,713,1071,192,37,10,852,1182,64,736,1307,77,1028,967,861,1053,119,836,1106,774,1197
0,_Gallatin,_66B,_PCT 66B,549,1046,144,58,9,593,1177,84,512,1265,82,725,1047,606,1095,113,587,1144,590,1162
0,_Gallatin,_66C,_PCT 66C,317,1329,141,77,3,387,1432,64,302,1538,61,494,1286,382,1343,106,412,1347,362,1429
0,_Gallatin,_67A,_PCT 67A,715,484,91,14,4,772,542,34,661,664,30,845,451,772,501,40,679,608,718,567
0,_Gallatin,_67B,_PCT 67B,1081,606,158,39,2,1101,763,83,965,914,79,1253,614,1108,689,99,1013,819,1008,853
0,_Gallatin,_67C,_PCT 67C,1036,427,165,37,9,1056,568,96,909,745,80,1186,463,1060,515,104,1009,636,980,673
0,_Gallatin,_68A,_PCT 68A,1268,599,151,15,4,1329,711,74,1163,898,77,1500,558,1343,652,90,1269,764,1269,774
0,_Gallatin,_68B,_PCT 68B,864,406,140,21,4,875,527,71,764,651,64,1014,394,903,469,68,864,539,830,579
0,_Gallatin,_68C,_PCT 68C,1157,325,112,22,3,1200,402,45,1060,553,57,1287,317,1201,363,58,1115,478,1081,518
0,_Gallatin,_69A,_PCT 69A,995,367,115,26,6,963,516,79,786,710,73,1097,412,977,468,93,917,591,915,600
0,_Gallatin,_69B,_PCT 69B,1079,220,60,6,5,1135,262,49,1065,366,27,1175,241,1147,251,37,1100,304,1090,314
0,_Gallatin,_69C,_PCT 69C,1003,362,75,20,8,998,453,49,894,568,63,1114,365,1007,425,59,953,514,930,527
0,_Gallatin,_69D,_PCT 69D,763,384,65,17,2,797,446,39,720,535,28,854,387,803,409,47,730,493,755,464
0,_Garfield,_Jordan,_PRECINCT 01,406,21,21,1,1,410,38,7,369,83,11,428,23,394,48,6,370,67,360,73
0,_Garfield,_Cohagen,_PRECINCT 07,80,4,4,0,0,78,8,3,81,8,1,84,4,77,10,3,79,8,74,14
0,_Garfield,_Sand Springs,_PRECINCT 14,87,4,0,0,0,80,5,2,80,8,1,87,4,83,6,1,84,6,81,10
0,_Garfield,_Brusett,_PRECINCT 19,80,5,2,0,0,83,5,1,73,15,2,83,5,82,5,3,76,11,74,13
0,_Glacier,_Precinct 1,_PCT 01,321,108,33,9,1,357,120,12,274,200,11,360,105,327,141,14,303,158,265,205
0,_Glacier,_Precinct 2,_PCT 02,202,91,26,4,1,233,99,9,171,163,6,246,81,205,116,15,191,135,163,166
0,_Glacier,_Precinct 3,_PCT 03,171,101,25,2,3,179,118,11,141,151,18,196,103,165,127,13,155,139,135,166
0,_Glacier,_Precinct 4,_PCT 04,128,60,10,5,1,113,87,10,77,115,16,136,69,110,82,18,109,92,102,105
0,_Glacier,_Precinct 5,_PCT 05,325,133,20,4,2,324,169,6,261,223,13,333,146,288,176,12,294,177,248,225
0,_Glacier,_Precinct 6,_PCT 06,55,15,1,1,1,65,9,1,51,21,2,59,12,56,14,1,53,13,45,26
0,_Glacier,_Precinct 7,_PCT 07,5,28,3,1,0,3,35,1,5,34,0,9,30,6,32,0,7,31,3,36
0,_Glacier,_Precinct 8,_PCT 08,27,403,8,7,2,14,446,3,17,435,8,46,405,20,426,10,36,418,22,435
0,_Glacier,_Precinct 9,_PCT 09,125,967,30,27,4,96,1080,15,85,1084,19,169,1017,106,1064,26,125,1050,106,1085
0,_Glacier,_Precinct 10,_PCT 10,56,240,8,5,1,51,272,3,41,280,4,70,241,49,257,11,56,254,43,269
0,_Glacier,_Precinct 11,_PCT 11,39,76,8,4,1,35,92,4,28,98,5,49,83,35,86,8,37,92,33,95
0,_Glacier,_Precinct 12,_PCT 12,16,188,9,9,1,11,219,1,9,214,4,25,201,16,208,6,24,204,16,212
0,_Glacier,_Precinct 13,_PCT 13,21,199,6,3,1,13,224,1,17,208,9,37,190,14,209,6,27,201,23,207
0,_Glacier,_Precinct 15,_PCT 15,80,139,7,4,0,75,155,6,65,159,9,92,132,65,151,13,80,143,69,153
0,_Glacier,_Precinct 19,_PCT 19,28,137,3,6,2,23,155,3,19,155,3,28,150,18,156,5,23,149,18,163
0,_Glacier,_Precinct 21C,_PCT 21C,21,236,6,4,1,21,264,3,15,259,5,45,234,15,260,8,37,242,29,251
0,_Golden Valley,_Lavina,_LAVINA,187,31,18,1,1,191,43,9,158,80,6,209,32,182,55,6,180,56,171,69
0,_Golden Valley,_Ryegate,_RYEGATE,178,40,11,2,2,182,53,5,150,86,9,205,30,172,61,10,160,69,171,71
0,_Granite,_Precinct 1,_PRECINCT #1,260,123,27,6,1,252,149,18,210,193,18,298,108,243,149,17,189,218,224,176
0,_Granite,_Precinct 10,_PRECINCT #10,347,91,13,9,1,357,117,7,299,171,10,373,88,344,113,11,296,164,298,160
0,_Granite,_Precinct 2,_PRECINCT #2,336,183,27,8,1,336,211,24,254,300,19,376,184,324,216,23,236,324,281,272
0,_Granite,_Precinct 9,_PRECINCT #9,249,75,16,2,0,243,98,11,216,126,10,266,70,238,97,11,194,146,213,120
0,_Hill,_Precinct 1,_PRECINCT #01,318,241,58,20,0,316,307,32,246,384,26,375,258,296,319,29,287,341,284,351
0,_Hill,_Precinct 2,_PRECINCT #02,169,136,43,9,4,160,185,23,108,243,22,206,148,144,199,23,164,189,150,212
0,_Hill,_Precinct 3,_PRECINCT #03,319,183,40,6,1,307,238,25,228,322,20,374,182,284,262,19,273,277,260,296
0,_Hill,_Precinct 7,_PRECINCT #07,369,230,36,10,1,369,278,15,281,372,14,447,186,342,287,18,331,300,314,323
0,_Hill,_Precinct 8,_PRECINCT #08,337,195,37,3,2,331,249,18,261,319,16,413,158,322,248,20,323,246,284,288
0,_Hill,_Precinct 9,_PRECINCT #09,245,201,25,3,2,255,242,12,189,310,8,324,169,239,257,7,229,255,203,289
0,_Hill,_Precinct 10,_PRECINCT #10,157,127,32,14,0,160,166,13,119,199,23,198,134,156,158,18,155,176,127,208
0,_Hill,_Precinct 13,_PRECINCT #13,129,79,24,4,0,130,104,9,90,143,11,145,85,116,117,6,118,116,105,128
0,_Hill,_Precinct 14,_PRECINCT #14,262,65,20,3,4,237,101,17,196,148,17,275,70,233,102,17,226,117,225,120
0,_Hill,_Precinct 15,_PRECINCT #15,181,63,13,1,1,169,84,10,140,119,6,189,66,167,89,4,156,94,138,118
0,_Hill,_Precinct 16,_PRECINCT #16,181,64,10,2,0,175,84,8,134,126,7,193,66,164,99,4,157,96,145,111
0,_Hill,_Precinct 18,_PRECINCT #18,31,80,3,9,0,28,93,3,22,97,1,30,87,25,95,0,27,88,23,98
0,_Hill,_Precinct 20,_PRECINCT #20,179,51,19,6,1,191,74,8,147,123,5,223,42,186,82,5,166,93,152,114
0,_Hill,_Precinct 21,_PRECINCT #21,91,35,4,6,0,87,49,2,73,66,0,94,40,84,49,3,76,59,76,61
0,_Hill,_Precinct 22,_PRECINCT #22,170,75,13,0,0,169,87,6,138,125,2,201,57,161,97,5,154,94,125,124
0,_Hill,_Precinct 25,_PRECINCT #25,332,140,55,7,3,328,189,35,257,278,18,379,152,292,231,27,274,251,280,251
0,_Hill,_Precinct 28,_PRECINCT #28,8,406,6,15,2,10,438,3,13,437,3,26,416,20,419,4,23,418,13,432
0,_Jefferson,_Precinct 01-71 Whitehall,_01-71,613,168,33,6,2,595,217,36,518,300,32,653,176,605,207,27,512,315,535,297
0,_Jefferson,_Precinct 02-75 Whitehall,_02-75,689,210,63,8,4,673,274,47,574,393,41,759,221,673,276,41,562,399,584,381
0,_Jefferson,_Precinct 03-75 Elk Park,_03-75,35,18,6,2,0,29,32,2,25,35,4,45,18,35,25,3,28,34,34,29
0,_Jefferson,_Precinct 04-75 Boulder,_04-75,594,304,59,18,5,581,368,46,534,401,50,668,301,551,381,41,533,428,469,501
0,_Jefferson,_Precinct 05-75,_05-75,90,48,8,2,0,87,58,8,76,65,9,89,54,82,61,7,78,65,73,71
0,_Jefferson,_Precinct 06-75 Jefferson City,_06-75,278,104,16,2,2,284,125,10,230,178,9,304,104,272,131,10,235,169,229,183
0,_Jefferson,_Precinct 07-75 Clancy,_07-75,481,301,62,6,3,544,335,12,422,454,20,627,246,480,364,28,463,404,433,443
0,_Jefferson,_Precinct 08-75 Clancy,_08-75,283,173,35,7,1,295,191,13,243,247,10,336,152,260,216,16,276,208,241,244
0,_Jefferson,_Precinct 09-75 Montana City,_09-75,549,317,61,10,3,627,350,6,487,494,8,704,256,542,400,21,526,423,479,467
0,_Jefferson,_Precinct 10-75 Montana City,_10-75,565,355,51,14,4,627,379,20,493,519,20,747,252,576,415,18,529,458,514,488
0,_Judith Basin,_Raynesford,_PRECINCT 1,69,26,10,1,0,71,31,3,61,43,4,87,15,73,29,3,68,33,67,33
0,_Judith Basin,_Geyser,_PRECINCT 2,110,36,7,2,0,105,46,10,85,67,7,121,34,105,48,8,93,57,93,60
0,_Judith Basin,_Stanford,_PRECINCT 3,348,86,31,6,2,335,133,12,268,207,10,388,79,331,139,9,298,157,302,161
0,_Judith Basin,_Hobson,_PRECINCT 4,345,87,31,3,1,364,114,5,307,168,9,411,60,365,105,5,338,128,336,136
0,_Lake,_ARL1,_ARL 1 HD93,320,365,31,18,2,291,426,21,248,481,23,393,344,307,420,20,294,438,265,459
0,_Lake,_BEA1,_BEA 1 HD10,321,197,17,6,1,320,223,15,289,249,22,365,172,324,207,20,310,220,310,227
0,_Lake,_BEA2,_BEA 2 HD12,75,49,5,1,0,83,46,6,76,54,4,94,36,83,46,5,84,45,83,45
0,_Lake,_CHA1,_CHA 1 HD93,383,184,26,10,3,389,207,21,320,277,25,428,168,375,220,19,336,258,326,269
0,_Lake,_DAY1,_DAY 1 HD12,359,139,21,2,0,349,154,26,327,189,14,384,126,359,147,15,329,178,336,175
0,_Lake,_FER1,_FER 1 HD10,459,203,20,9,3,446,236,18,391,291,28,500,180,463,212,21,428,242,407,265
0,_Lake,_POL1,_POL 1 HD12,478,273,29,6,1,483,307,17,427,353,27,545,232,491,288,15,438,335,446,330
0,_Lake,_POL2,_POL 2 HD12,539,308,35,8,4,555,346,17,512,397,13,641,248,543,350,15,494,386,504,375
0,_Lake,_POL3,_POL 3 HD12,251,220,21,5,1,254,241,15,215,281,18,315,181,248,244,14,246,243,245,254
0,_Lake,_POL4,_POL 4 HD12,588,403,44,20,0,537,493,42,477,550,51,674,371,553,467,49,530,515,521,532
0,_Lake,_POL5,_POL 5 HD12,797,525,65,30,5,780,618,60,696,704,65,975,447,798,612,32,760,636,745,668
0,_Lake,_POL6,_POL 6 HD93,177,48,11,2,0,171,62,8,154,71,13,189,41,162,64,6,144,83,144,84
0,_Lake,_POL7,_POL 7 HD93,290,170,14,1,3,288,193,7,230,248,9,316,144,274,185,10,239,212,248,208
0,_Lake,_POL8,_POL 8 HD15,15,10,1,0,0,18,10,0,15,13,0,17,10,18,10,0,15,13,15,13
0,_Lake,_RON1,_RON 1 HD93,990,570,88,34,6,949,691,72,776,863,81,1170,505,968,682,58,933,743,897,769
0,_Lake,_RON2,_RON 2 HD15,683,517,49,44,8,634,648,57,548,728,66,778,523,657,613,57,634,653,579,714
0,_Lake,_STI1,_STI 1 HD93,344,267,18,11,0,331,299,24,282,347,25,394,241,335,295,20,317,319,308,331
0,_Lake,_STI2,_STI 2 HD15,308,279,34,22,4,296,362,19,245,398,35,366,295,297,339,36,301,350,291,370
0,_Lake,_SWA1,_SWA 1 HD10,72,18,1,0,0,71,18,1,58,31,2,78,11,73,16,1,60,28,62,25
0,_Lake,_SWA2,_SWA 2 HD15,81,31,4,0,0,83,33,2,77,36,6,85,30,82,33,3,74,40,82,35
0,_Lake,_NA,_,0,0,0,0,0,0,0,0,0,0,0,0,0,0,0,0,0,0,0,0
0,_Lewis and Clark,_1,_PCT 01,729,264,85,10,4,760,312,54,533,560,42,899,208,642,421,48,648,448,619,486
0,_Lewis and Clark,_2,_PCT 02,707,334,60,11,7,776,365,23,576,564,26,891,252,680,435,38,648,480,609,518
0,_Lewis and Clark,_3,_PCT 03,625,345,76,16,4,681,404,25,449,638,19,817,266,559,497,34,553,515,508,569
0,_Lewis and Clark,_4,_PCT 04,565,319,74,20,2,632,355,27,454,541,30,760,227,542,412,43,536,445,507,483
0,_Lewis and Clark,_5,_PCT 05,343,548,74,18,5,363,622,31,242,743,36,526,458,321,636,42,319,659,314,675
0,_Lewis and Clark,_6,_PCT 06,606,478,87,20,7,670,544,38,516,725,24,817,411,585,616,44,571,641,555,673
0,_Lewis and Clark,_7,_PCT 07,362,573,68,18,2,439,611,22,278,778,21,622,425,346,682,26,340,691,353,705
0,_Lewis and Clark,_8,_PCT 08,324,980,75,28,6,451,1004,22,315,1144,21,711,707,398,1030,29,363,1073,351,1097
0,_Lewis and Clark,_9,_PCT 09,445,758,91,28,1,568,775,25,425,936,17,795,541,493,837,26,453,875,438,894
0,_Lewis and Clark,_10,_PCT 10,996,391,76,7,7,1087,421,22,779,725,31,1214,276,929,548,27,875,593,857,624
0,_Lewis and Clark,_11,_PCT 11,708,390,118,7,4,753,467,54,495,730,50,953,297,634,572,48,650,586,596,651
0,_Lewis and Clark,_12,_PCT 12,468,194,44,14,0,495,223,27,350,383,25,543,190,418,296,25,399,325,367,364
0,_Lewis and Clark,_13,_PCT 13,514,1213,77,35,5,657,1246,31,494,1416,16,946,916,540,1319,41,483,1379,495,1379
0,_Lewis and Clark,_14,_PCT 14,194,805,51,52,3,235,856,33,149,955,34,410,682,195,868,46,200,890,187,918
0,_Lewis and Clark,_15,_PCT 15,413,332,62,18,3,426,369,54,299,522,42,552,275,360,438,41,354,462,358,473
0,_Lewis and Clark,_16,_PCT 16,211,204,51,4,1,243,232,20,178,297,19,320,160,211,248,21,210,256,185,289
0,_Lewis and Clark,_16A,_PCT 16A,64,85,1,1,0,79,79,1,61,94,0,101,55,72,84,0,67,83,66,85
0,_Lewis and Clark,_16B,_PCT 16B,252,316,38,5,0,305,315,11,218,410,7,391,229,258,351,10,236,375,236,379
0,_Lewis and Clark,_17,_PCT 17,268,784,64,27,2,312,830,27,216,929,27,491,643,263,845,39,265,870,271,871
0,_Lewis and Clark,_18,_PCT 18,513,451,76,17,3,588,489,25,390,691,28,741,344,476,582,31,463,597,414,666
0,_Lewis and Clark,_19,_PCT 19,487,211,52,14,3,509,251,26,357,400,31,581,186,425,309,36,434,324,392,364
0,_Lewis and Clark,_20,_PCT 20,633,392,90,21,5,640,464,62,444,679,53,810,338,554,540,64,575,565,543,609
0,_Lewis and Clark,_21,_PCT 21,765,327,74,12,2,807,370,26,585,602,26,913,271,728,432,33,672,497,668,516
0,_Lewis and Clark,_22,_PCT 22,195,422,54,21,3,229,450,22,158,523,21,330,343,198,460,30,206,467,178,495
0,_Lewis and Clark,_23,_PCT 23,624,373,73,7,5,698,397,19,510,597,18,857,243,600,470,23,545,538,510,585
0,_Lewis and Clark,_24,_PCT 24,616,627,75,25,2,699,672,32,481,902,21,913,442,626,717,29,558,787,508,864
0,_Lewis and Clark,_25,_PCT 25,405,552,75,23,6,491,590,38,310,773,33,634,448,375,666,48,381,702,392,698
0,_Lewis and Clark,_26,_PCT 26,823,709,108,30,5,936,765,36,687,1016,46,1121,573,809,832,60,761,910,772,914
0,_Lewis and Clark,_27,_PCT 27,975,382,102,18,2,1039,446,45,735,756,43,1166,331,898,550,54,854,622,823,672
0,_Lewis and Clark,_28,_PCT 28,741,281,59,12,1,761,325,36,573,525,31,833,255,690,380,31,680,413,649,443
0,_Lewis and Clark,_29,_PCT 29,268,160,20,6,2,290,165,11,222,235,11,331,126,259,179,15,247,202,237,215
0,_Lewis and Clark,_30,_PCT 30,114,47,6,2,0,106,55,5,94,69,6,129,36,108,53,7,106,60,102,62
0,_Lewis and Clark,_31,_PCT 31,450,114,32,6,0,436,143,28,330,247,34,468,120,402,162,30,387,196,384,202
0,_Lewis and Clark,_32,_PCT 32,66,8,7,0,0,68,12,1,53,26,2,71,9,66,15,0,59,20,63,16
0,_Lewis and Clark,_33,_PCT 33,248,64,20,3,1,248,80,18,196,134,13,282,55,243,89,13,222,103,217,115
0,_Lewis and Clark,_33A,_PCT 33A,48,5,1,2,0,48,11,1,43,18,1,54,5,46,14,0,44,13,43,16
0,_Lewis and Clark,_33B,_PCT 33B,130,40,14,1,0,128,50,10,101,80,9,137,47,126,54,6,119,63,114,68
0,_Liberty,_Precinct 1,_#1 Precinct - West,226,42,14,0,1,230,53,5,195,85,7,257,28,220,65,3,218,58,203,75
0,_Liberty,_Precinct 2,_#2 Precinct - North,159,66,11,0,0,157,79,5,117,121,4,180,50,151,89,1,138,91,125,111
0,_Liberty,_Precinct 3,_#3 Precinct - South,153,57,15,2,2,164,63,10,138,91,8,178,52,149,78,9,141,83,134,97
0,_Liberty,_Precinct 4,_#4 Precinct - Joplin,160,41,7,0,0,162,43,7,123,81,8,169,36,145,58,6,127,72,117,87
0,_Lincoln,_9 CITY OF LIBBY,_CITY OF LIBBY,726,312,56,9,9,721,376,53,582,518,43,776,317,679,384,45,702,381,644,443
0,_Lincoln,_3 GLEN LAKE REXFORD,_EUREKA RURAL,1250,320,52,20,2,1223,385,60,1137,477,56,1318,305,1204,368,71,1225,390,1199,426
0,_Lincoln,_1 FORTINE,_FORTINE,344,80,16,5,0,338,89,19,307,113,24,350,84,328,97,14,340,87,333,101
0,_Lincoln,_11 LIBBY EAST,_LIBBY EAST,537,97,22,4,1,512,116,29,456,181,21,517,118,473,134,25,493,130,481,147
0,_Lincoln,_10 LIBBY NORTH,_LIBBY NORTH,578,171,40,3,3,572,201,36,474,305,35,605,175,545,199,38,562,200,534,228
0,_Lincoln,_12 LIBBY WEST,_LIBBY WEST,800,173,49,9,2,768,225,60,655,346,54,836,189,731,248,51,768,241,726,281
0,_Lincoln,_13 LIBBY PLUMMER,_LIBBY/PLUMMER,657,245,43,11,2,665,276,36,547,388,37,696,249,626,288,32,619,312,604,325
0,_Lincoln,_6 McCORMICK,_MC CORMICK,184,65,11,10,0,173,81,16,160,105,10,192,71,175,80,15,189,72,180,79
0,_Lincoln,_4 TOWN OF EUREKA,_TOWN OF EUREKA,339,91,21,10,2,325,126,20,292,160,21,363,102,321,124,20,316,141,302,151
0,_Lincoln,_2 TREGO,_TREGO,214,67,16,2,0,194,84,21,179,95,25,213,71,183,82,24,211,76,203,82
0,_Lincoln,_7 CITY OF TROY,_TROY COMBINED,260,122,22,4,0,242,138,30,216,181,19,278,121,238,141,24,254,141,242,156
0,_Lincoln,_14 TROY NORTH,_TROY NORTH,184,61,16,5,0,175,73,18,153,101,15,187,65,163,75,20,170,77,166,84
0,_Lincoln,_8 TROY RURAL,_TROY RURAL,544,202,29,4,1,520,232,33,472,287,34,567,200,503,240,36,526,231,510,250
0,_Lincoln,_5 YAAK,_YAAK,112,35,3,0,0,103,43,8,98,51,12,110,42,98,46,11,111,39,105,45
0,_Madison,"_Alder Precinct 1, Ward 2",_ALDER - WARD 2,145,36,9,0,1,143,46,4,104,82,8,154,28,140,40,5,125,60,130,49
0,_Madison,_Ennis Rural Precinct 20,_ENNIS - RURAL,1111,458,56,21,3,1097,521,53,972,668,49,1186,444,1123,461,55,993,609,1042,569
0,_Madison,_Ennis Town Precinct 21,_ENNIS - TOWN,287,158,27,10,3,289,179,25,213,258,23,317,164,297,171,27,264,220,250,234
0,_Madison,"_Harrison Precinct 15, Ward 2",_HARRISON - WARD 2,250,64,14,5,1,236,100,10,203,125,15,265,70,234,90,16,218,117,226,107
0,_Madison,"_Jefferson Island Precinct 15, Ward 1",_JEFFERSON ISLAND - WARD 1,161,36,12,1,1,169,45,11,146,73,5,186,32,166,48,8,147,67,162,55
0,_Madison,_Sheridan Precinct 5,_SHERIDAN,702,210,41,5,1,702,272,18,563,406,25,782,190,677,274,28,586,378,616,337
0,_Madison,_Twin Bridges Precinct 7,_TWIN BRIDGES,539,152,32,11,3,537,190,25,467,272,17,592,138,549,176,20,471,258,485,245
0,_Madison,"_Virginia City Precinct 1, Ward 1",_VIRGINIA CITY - WARD 1,102,66,4,5,0,97,84,3,77,98,8,103,71,100,72,8,85,91,84,90
0,_McCone,_Precinct 27,_PRECINCT 27,212,49,11,2,0,207,63,6,194,82,3,221,55,180,88,4,193,72,187,78
0,_McCone,_Precinct 4,_PRECINCT 4,367,59,15,3,0,353,76,10,336,96,13,370,57,321,100,14,345,79,313,106
0,_McCone,_Precinct 8,_PRECINCT 8,283,46,11,2,0,278,61,7,268,70,8,301,37,265,70,5,277,56,266,66
0,_Meagher,_Precinct 5,_Precinct 5,729,193,41,10,2,742,226,26,602,364,31,815,151,694,250,34,659,283,676,290
0,_Mineral,_Precinct 22,_ALBERTON,208,115,22,19,3,192,156,22,170,175,25,235,125,192,156,20,183,175,183,172
0,_Mineral,_Precinct 26,_ST. REGIS,230,80,22,4,2,234,100,16,191,142,18,258,82,226,95,20,220,114,213,127
0,_Mineral,_Precinct 24,_SUPERIOR_24,98,57,14,1,1,94,76,5,71,92,13,122,39,98,59,9,91,73,78,86
0,_Mineral,_Precinct 25,_SUPERIOR_25,289,113,20,6,2,291,135,18,239,187,19,339,85,291,120,13,269,142,257,158
0,_Mineral,_Precinct 30,_SUPERIOR_30,385,133,24,5,3,372,168,28,303,236,30,440,107,382,149,26,355,180,346,199
0,_Mineral,_Precinct 27,_WEST END,120,21,6,0,0,105,31,12,91,46,14,120,24,113,26,8,110,33,105,41
0,_Missoula,_Bonner 89,_BONNER 89,65,57,6,2,0,85,54,4,68,72,3,102,38,84,52,4,70,62,63,71
0,_Missoula,_Bonner 92,_BONNER 92,679,527,78,37,7,657,649,64,497,794,78,794,519,652,624,62,611,697,565,749
0,_Missoula,_Chief Charlo 90,_CHIEF CHARLO 90,522,660,57,24,6,569,724,32,462,818,38,739,523,572,687,37,513,761,488,790
0,_Missoula,_Clinton 89,_CLINTON 89,270,145,29,11,6,271,182,23,205,250,24,337,122,266,183,20,254,202,215,246
0,_Missoula,_Clinton 92,_CLINTON 92,373,173,31,10,1,377,204,23,276,305,21,421,164,354,212,25,327,254,321,267
0,_Missoula,_Cold Springs 89,_COLD SPRINGS 89,734,636,80,25,5,818,689,32,701,813,37,994,488,839,637,39,746,722,721,763
0,_Missoula,_Cold Springs 99,_COLD SPRINGS 99,703,666,74,15,2,803,696,31,677,831,31,1029,455,801,670,40,746,736,717,777
0,_Missoula,_C S Porter 98,_CSPORTER 98,613,839,107,51,6,644,963,68,471,1119,95,869,737,641,904,94,595,992,547,1047
0,_Missoula,_E Missoula 92,_EAST MSLA 92,316,421,67,30,5,306,528,39,235,585,54,414,420,301,494,51,293,528,271,570
0,_Missoula,_Evaro 94,_EVARO 94,189,235,22,9,1,187,266,9,164,292,11,244,206,194,249,14,181,269,174,281
0,_Missoula,_Franklin 100 N,_FRANKLIN 100N,271,900,73,66,9,295,1019,38,231,1063,57,442,841,290,939,88,303,970,269,1016
0,_Missoula,_Franklin 100 S,_FRANKLIN 100S,229,482,66,42,1,241,565,32,186,610,42,314,485,241,529,47,239,559,215,587
0,_Missoula,_Frenchtown 14 N,_FRENCHTWN 14N,142,58,10,2,0,138,62,9,110,88,13,152,51,132,64,8,122,74,124,74
0,_Missoula,_Frenchtown 14 S,_FRENCHTWN 14S,129,72,11,3,2,125,90,13,100,116,12,162,60,134,79,11,127,91,116,105
0,_Missoula,_Frenchtown 94,_FRENCHTWN 94,814,350,71,12,7,829,400,53,685,555,48,963,279,801,403,53,757,474,747,480
0,_Missoula,_Frenchtown 96,_FRENCHTWN 96,382,128,37,8,3,396,165,16,306,241,24,437,122,379,168,23,352,200,323,225
0,_Missoula,_Hawthorne 95,_HAWTHORNE 95,405,707,83,52,7,429,804,42,326,902,59,565,658,435,764,52,373,848,381,851
0,_Missoula,_Hawthorne 98 N,_HAWTHORNE 98N,213,296,42,18,0,242,335,14,182,402,10,303,260,242,318,18,210,351,202,364
0,_Missoula,_Hawthorne 98 S,_HAWTHORNE 98S,587,701,87,47,6,628,806,35,513,929,36,822,611,624,763,53,537,886,526,892
0,_Missoula,_Hellgate 94,_HELLGATE 94,624,790,78,27,5,707,821,31,601,933,33,869,649,709,785,40,648,844,636,871
0,_Missoula,_Hellgate 95,_HELLGATE 95,265,356,51,22,1,265,396,41,207,448,51,354,321,257,379,55,259,408,235,435
0,_Missoula,_Hellgate 96 E,_HELLGATE 96E,1765,1725,242,73,10,1890,1894,116,1539,2265,131,2360,1401,1847,1837,142,1723,1988,1691,2053
0,_Missoula,_Hellgate 96 W,_HELLGATE 96W,460,258,42,13,1,495,283,15,398,377,21,566,211,485,280,25,405,367,441,337
0,_Missoula,_Hellgate 97,_HELLGATE 97,519,434,59,23,0,575,461,30,465,565,33,690,335,557,445,32,509,506,499,516
0,_Missoula,_Lewis & Clark 89,_LEWIS CLK 89,88,134,19,4,0,96,146,8,86,158,5,124,117,96,138,14,91,149,93,151
0,_Missoula,_Lewis & Clark 90 E,_LEWIS CLK 90E,421,853,65,36,3,500,889,21,404,975,31,631,716,483,849,53,439,910,432,932
0,_Missoula,_Lewis & Clark 90 W,_LEWIS CLK 90W,594,1361,98,54,5,682,1462,46,546,1599,58,985,1094,676,1398,70,591,1495,585,1533
0,_Missoula,_Library 91,_LIBRARY 91,289,1391,85,126,4,297,1559,63,223,1629,76,451,1379,299,1468,98,341,1473,281,1545
0,_Missoula,_Lolo 89,_LOLO 89,368,207,34,10,2,372,246,23,335,284,17,448,168,378,228,16,342,263,351,254
0,_Missoula,_Lolo 97,_LOLO 97,1637,998,154,42,6,1712,1164,87,1395,1450,117,1998,862,1689,1118,107,1559,1291,1494,1377
0,_Missoula,_Lowell 94,_LOWELL 94,223,899,75,76,3,212,1036,59,167,1086,60,337,914,202,999,75,210,1029,197,1064
0,_Missoula,_Lowell 95,_LOWELL 95,348,1295,135,125,1,368,1495,73,264,1591,85,545,1311,358,1429,99,391,1443,325,1529
0,_Missoula,_Meadow Hill 99,_MEADOW HILL 99,652,900,107,31,4,731,976,29,574,1128,41,972,696,718,930,56,625,1045,601,1069
0,_Missoula,_Paxson 89,_PAXSON 89,231,1107,69,59,4,306,1171,35,264,1222,28,450,997,306,1120,50,299,1123,284,1162
0,_Missoula,_Petty Creek 97,_PETTY CRK 97,230,106,12,6,1,227,125,10,198,157,6,250,100,217,127,13,203,149,204,142
0,_Missoula,_Potomac 92,_POTOMAC 92,439,229,46,16,3,445,284,21,359,363,30,505,219,417,273,37,413,303,398,324
0,_Missoula,_Rattlesnake 91 E,_RATTLSNK 91E,330,984,53,23,2,391,1022,22,319,1101,26,572,819,391,995,33,346,1033,341,1050
0,_Missoula,_Rattlesnake 91 W,_RATTLSNK 91W,351,1414,76,43,1,456,1461,20,344,1580,19,697,1176,461,1416,34,377,1476,377,1505
0,_Missoula,_Russell 90,_RUSSELL 90,149,307,41,34,1,176,330,30,139,374,36,221,295,167,321,38,173,340,154,358
0,_Missoula,_Russell 99 N,_RUSSELL 99N,311,518,75,25,4,329,589,37,247,676,37,450,462,313,573,52,293,598,279,622
0,_Missoula,_Russell 99 S,_RUSSELL 99S,494,710,83,30,4,571,767,39,440,895,43,753,577,568,740,39,484,832,477,838
0,_Missoula,_Seeley 92,_SEELEY LK 92,758,337,70,13,2,762,401,33,574,595,34,833,329,725,415,33,651,488,665,495
0,_Missoula,_Senior Citizens 91,_SENIOR CIT 91,118,893,54,47,3,153,953,29,111,996,28,258,808,144,892,50,159,900,147,924
0,_Missoula,_Senior Citizens 95,_SENIOR CIT 95,121,561,37,53,2,129,634,36,92,669,34,189,556,134,591,41,131,609,115,628
0,_Missoula,_Spring Meadows 94,_SPRING MDW 94,435,165,33,3,1,441,195,24,348,282,31,498,147,422,200,29,392,250,379,260
0,_Missoula,_Spring Meadows 96,_SPRING MDW 96,145,67,21,1,0,153,71,13,112,113,14,176,57,148,74,13,134,96,131,97
0,_Missoula,_St Joseph 100 E,_ST JOSEPH 100E,237,1293,79,54,4,290,1365,44,218,1446,48,477,1149,299,1311,56,290,1340,269,1381
0,_Missoula,_St Joseph 100 W,_ST JOSEPH 100W,333,1511,116,99,6,362,1690,57,259,1797,65,559,1452,363,1597,96,335,1639,297,1723
0,_Missoula,_Swan 92,_SWAN 92,236,88,9,2,0,229,97,13,203,123,12,259,71,230,92,15,220,112,230,103
0,_Missoula,_Target Range 97,_TARGET RNG 97,490,459,55,15,7,562,479,29,467,570,35,658,380,537,475,31,484,539,486,545
0,_Missoula,_Target Range 98,_TARGET RNG 98,799,718,87,27,4,860,787,42,657,987,46,1053,582,852,758,42,709,910,721,902
0,_Missoula,_U C 89,_UC CENTR 89,154,422,66,28,4,157,462,41,128,498,39,204,418,137,429,64,176,430,143,472
0,_Musselshell,_Precinct 1,_PRECINCT 1,328,83,23,3,1,315,115,16,267,164,19,374,61,311,117,15,299,138,279,158
0,_Musselshell,_Precinct 3,_PRECINCT 3,296,50,14,2,0,277,70,19,230,120,16,314,42,271,76,12,269,85,251,106
0,_Musselshell,_Precinct 5,_PRECINCT 5,507,70,24,7,1,505,91,28,436,165,23,543,67,485,104,30,470,133,487,123
0,_Musselshell,_Precinct 6,_PRECINCT 6,643,111,29,5,3,615,146,37,508,235,61,656,114,593,161,39,563,204,568,209
0,_Musselshell,_Precinct 7,_PRECINCT 7,114,10,2,1,0,106,18,3,86,35,5,117,8,102,22,1,99,24,94,31
0,_Musselshell,_Precinct 8,_PRECINCT 8,79,8,2,0,0,74,16,3,72,22,1,81,8,72,16,3,75,15,76,14
0,_Park,_59A,_59A NORTH PC,607,186,39,6,1,619,219,20,512,321,27,620,224,611,211,29,567,269,562,271
0,_Park,_59B,_59B N CENTRAL PC,751,393,53,21,4,754,447,39,646,563,37,812,393,751,432,41,691,492,718,474
0,_Park,_59C,_59C S CENTRAL PC,620,286,27,16,1,590,341,38,530,408,32,632,298,596,311,45,550,359,557,367
0,_Park,_59D,_59D SOUTH PC,392,402,43,29,3,415,435,31,349,514,29,464,402,418,423,36,402,451,383,479
0,_Park,_60A,_60A NW OF LIVINGSTON,443,245,34,9,1,457,277,16,380,357,17,507,215,456,263,21,422,296,428,290
0,_Park,_60B,_60B SW OF LIVINGSTON,464,229,53,13,1,450,269,48,370,360,43,504,231,455,253,52,450,287,426,309
0,_Park,_60CL,_60CL NW COL,525,317,61,17,7,528,386,30,418,503,33,594,317,531,369,27,510,398,491,430
0,_Park,_60DL,_60DL NE COL,345,322,48,21,3,314,406,42,248,471,46,383,356,310,395,41,320,412,297,438
0,_Park,_60EL,_60EL SE COL,230,411,56,27,3,227,487,32,181,545,23,298,415,242,457,35,230,473,214,502
0,_Park,_60FL,_60FL SC COL,251,360,36,25,4,247,405,30,214,447,32,302,367,240,402,41,237,417,221,439
0,_Park,_60GL,_60GL SW COL,352,444,50,16,3,368,495,23,286,577,31,428,433,369,463,34,345,502,328,527
0,_Petroleum,_Precinct 1,_PRECNCT 1,278,30,12,1,1,272,48,6,247,74,10,295,29,280,43,6,270,49,258,62
0,_Phillips,_11 First Creek,_PCT 11 - FIRST CREEK - 32/16,32,8,3,1,0,32,11,1,31,11,1,35,7,31,7,2,33,8,30,12
0,_Phillips,_12N Malta Country North,_PCT 12-N - MALTA NORTH - 33/17,131,16,5,1,0,132,22,2,118,38,1,133,19,127,25,4,117,32,117,35
0,_Phillips,_12S Malta Country South,_PCT 12-S - MALTA SOUTH - 32/16,338,27,13,3,0,347,34,7,340,42,5,346,26,321,51,5,306,58,319,51
0,_Phillips,_16 Whitewater,_PCT 16 - WHITEWATER - 33/17,72,6,4,0,0,77,7,0,73,11,0,79,5,70,11,1,71,11,71,10
0,_Phillips,_2N Dodson North,_PCT 2-N - DODSON NORTH - 33/17,39,20,0,1,0,39,27,1,35,31,1,45,20,38,25,2,35,27,31,33
0,_Phillips,_2S Dodson South,_PCT 2-S - DODSON SOUTH - 32/16,31,19,2,0,0,34,21,1,23,30,3,36,16,30,24,0,27,27,25,30
0,_Phillips,_5 Zortman,_PCT 5 - ZORTMAN - 32/16,50,16,1,0,0,46,20,1,50,18,1,56,11,48,20,0,44,23,47,21
0,_Phillips,_6 Landusky,_PCT 6 - LANDUSKY - 32/16,34,1,0,1,0,34,3,0,33,1,2,35,1,31,5,0,31,3,32,4
0,_Phillips,_7 Loring,_PCT 7 - LORING - 33/17,59,6,3,2,0,60,10,1,51,18,1,63,7,58,12,0,52,12,53,17
0,_Phillips,_8N Saco North,_PCT 8-N - SACO NORTH - 33/17,184,32,6,1,0,186,39,3,189,35,7,199,26,172,53,4,174,43,162,55
0,_Phillips,_8S Saco South,_PCT 8-S - SACO SOUTH - 32/16,10,0,1,0,0,9,0,1,10,0,1,10,1,9,1,1,9,1,7,4
0,_Phillips,_9-1 Malta City Ward 1,_PCT 9-1 - MALTA CITY - 33/17,378,78,32,2,0,383,100,17,368,122,14,419,68,378,104,13,362,111,334,149
0,_Phillips,_9-2 Malta City Ward 2,_PCT 9-2 - MALTA CITY - 33/17,365,89,29,7,2,388,199,9,372,136,8,416,80,372,130,4,326,157,348,150
0,_Pondera,_Precinct 19,_BRADY_19,225,75,20,2,1,207,114,10,172,152,10,245,77,204,115,12,200,117,184,140
0,_Pondera,_Precinct 29,_CONRAD RURAL 29,127,24,7,0,0,124,35,1,100,57,5,142,17,122,39,1,111,46,106,49
0,_Pondera,_Precinct 24,_CONRAD_24,393,135,31,6,2,391,177,12,310,266,10,443,111,373,183,19,374,169,336,234
0,_Pondera,_Precinct 27,_CONRAD_27,409,125,32,6,2,416,162,16,303,274,19,470,106,381,191,14,369,194,350,225
0,_Pondera,_Precinct 23,_DUPUYER_23,91,14,8,2,0,88,25,3,73,40,4,98,14,90,22,2,75,32,79,34
0,_Pondera,_Precinct 20,_HEART BUTTE_20,19,241,5,10,2,14,265,2,13,269,1,35,245,19,258,3,22,255,18,264
0,_Pondera,_Precinct 35,_VALIER (RURAL)_35,329,81,20,4,1,334,107,9,282,157,8,348,84,306,129,5,290,132,255,171
0,_Pondera,_Precinct 34,_VALIER_34,206,43,12,4,2,200,70,8,170,95,11,223,47,198,69,7,182,91,166,107
0,_Powder River,_Precinct 3,_PRECINCT03,35,9,2,1,0,38,10,1,37,12,0,43,4,38,7,2,35,13,36,13
0,_Powder River,_Precinct 4,_PRECINCT04,40,3,1,0,0,42,4,0,35,10,0,41,1,42,3,0,38,5,38,7
0,_Powder River,_Precinct 5,_PRECINCT05,105,20,5,0,0,107,23,3,91,37,3,113,17,102,26,3,98,27,100,29
0,_Powder River,_Precinct 8,_PRECINCT08,21,2,0,0,0,20,2,0,19,4,0,21,2,20,1,2,20,3,19,3
0,_Powder River,_Precinct 9,_PRECINCT09,43,15,2,0,0,45,12,1,39,16,2,44,9,44,12,0,43,13,35,19
0,_Powder River,_Precinct 11,_PRECINCT11,349,51,15,0,0,327,69,18,293,113,14,354,49,327,66,12,310,85,288,109
0,_Powder River,_Precinct 12,_PRECINCT12,291,27,14,0,0,282,42,13,266,65,10,305,23,278,44,4,264,55,252,65
0,_Powell,_Avon Precinct #1,_PRECINCT #1.80,146,11,2,1,0,149,15,2,134,29,3,143,16,143,17,2,137,25,137,25
0,_Powell,_Garrison Precinct #10,_PRECINCT #10.80,70,9,3,0,1,60,15,4,50,29,4,67,9,59,13,5,57,16,60,13
0,_Powell,_Gold Creek Precinct #11,_PRECINCT #11.80,93,7,3,1,0,88,11,4,79,20,4,89,10,90,13,1,81,22,76,25
0,_Powell,_Helmville Precinct #12,_PRECINCT #12.80,116,20,8,2,0,117,30,4,100,51,1,119,26,116,28,5,92,56,111,39
0,_Powell,_Ovando Precinct #14,_PRECINCT #14.80,121,31,7,4,0,123,43,3,98,70,1,134,26,124,42,3,106,60,102,61
0,_Powell,_Racetrack Precinct #16,_PRECINCT #16.78,89,34,13,2,1,91,41,5,77,57,6,86,45,93,36,4,63,69,81,49
0,_Powell,_Precinct 2,_PRECINCT #2.80,73,18,4,1,0,74,22,4,70,27,2,70,25,78,20,0,60,34,69,26
0,_Powell,_Cottonwood Creek Precinct #3,_PRECINCT #3.78,279,68,26,6,2,266,103,14,224,143,15,250,112,253,117,7,184,196,219,153
0,_Powell,_Precinct #4,_PRECINCT #4.78,197,61,12,2,0,183,81,14,151,115,11,172,101,179,88,9,157,115,154,115
0,_Powell,_Precinct #5,_PRECINCT #5.78,215,97,26,8,1,222,116,19,175,165,17,191,149,211,117,22,181,169,194,155
0,_Powell,_Precinct #6,_PRECINCT #6.78,241,73,27,7,1,222,126,13,184,159,20,210,142,218,127,11,161,191,196,153
0,_Powell,_Precinct #7,_PRECINCT #7.78,234,76,22,7,4,207,123,21,171,161,15,201,145,206,124,12,163,182,187,157
0,_Powell,_Elliston Precinct #8,_PRECINCT #8.80,155,46,10,0,0,151,58,3,126,77,6,164,41,138,60,6,127,75,124,78
0,_Prairie,_Precinct 1,_PRECINCT NO. 1,125,41,8,0,1,116,47,15,119,52,8,137,34,111,52,12,125,44,110,59
0,_Prairie,_Precinct 2,_PRECINCT NO. 2,118,26,13,1,0,107,44,10,102,54,6,131,23,97,53,4,108,43,95,59
0,_Prairie,_Precinct 3,_PRECINCT NO. 3,134,19,1,0,0,120,29,6,119,30,7,133,16,111,35,8,118,31,118,34
0,_Prairie,_Precinct 4,_PRECINCT NO. 4,179,14,8,0,1,179,21,6,161,37,6,183,14,168,24,11,176,22,161,36
0,_Ravalli,_PCT 01,_PCT 01,461,122,24,5,3,447,134,35,389,197,35,482,120,445,133,34,441,158,426,165
0,_Ravalli,_PCT 02,_PCT 02,754,211,29,14,1,751,238,36,663,325,39,808,193,737,232,42,685,299,704,276
0,_Ravalli,_PCT 03,_PCT 03,506,129,22,6,5,490,154,31,411,232,30,515,143,468,160,37,447,204,440,207
0,_Ravalli,_PCT 04,_PCT 04,514,187,21,6,3,521,201,25,472,258,16,576,155,526,195,22,515,208,500,224
0,_Ravalli,_PCT 05,_PCT 05,782,369,44,17,1,782,426,31,651,557,39,911,298,773,414,39,730,467,738,456
0,_Ravalli,_PCT 06,_PCT 06,636,254,39,12,4,613,312,30,504,429,27,688,245,635,292,21,577,343,543,385
0,_Ravalli,_PCT 07,_PCT 07,758,369,52,17,4,767,421,38,624,571,36,894,297,750,416,39,710,464,698,479
0,_Ravalli,_PCT 08,_PCT 08,575,492,60,22,3,575,573,46,484,664,45,702,464,585,551,39,562,586,566,598
0,_Ravalli,_PCT 09,_PCT 09,510,370,62,13,5,488,432,57,390,521,68,612,329,506,404,50,513,421,463,484
0,_Ravalli,_PCT 10,_PCT 10,745,284,54,19,1,763,331,39,670,431,35,870,238,757,325,38,730,370,726,374
0,_Ravalli,_PCT 11,_PCT 11,744,248,49,8,3,772,273,32,649,392,36,851,202,748,290,31,729,319,706,347
0,_Ravalli,_PCT 12,_PCT 12,565,232,40,10,2,580,277,19,486,369,27,646,196,556,274,22,511,325,523,313
0,_Ravalli,_PCT 13,_PCT 13,610,166,41,12,2,621,205,41,543,282,46,711,149,620,205,38,589,257,593,259
0,_Ravalli,_PCT 14,_PCT 14,213,3,19,0,2,268,5,13,251,24,11,283,5,262,10,12,267,17,272,16
0,_Ravalli,_PCT 15,_PCT 15,771,299,37,8,1,796,326,18,659,452,29,854,262,777,323,33,715,391,709,395
0,_Ravalli,_PCT 16,_PCT 16,566,172,35,6,3,567,198,35,471,295,39,616,168,559,201,32,516,255,517,257
0,_Ravalli,_PCT 17,_PCT 17,561,260,24,13,1,597,288,14,515,360,25,646,231,587,277,21,545,331,541,331
0,_Ravalli,_PCT 18,_PCT 18,680,262,46,11,0,675,317,40,584,420,29,765,245,703,283,34,662,343,631,366
0,_Ravalli,_PCT 19,_PCT 19,710,294,48,9,1,701,348,23,604,438,34,799,249,725,308,33,641,394,657,379
0,_Ravalli,_PCT 20,_PCT 20,525,283,53,12,5,526,333,43,423,433,49,631,253,525,331,35,489,380,469,405
0,_Ravalli,_PCT 21,_PCT 21,361,137,31,11,0,359,159,31,321,207,23,402,132,363,156,26,330,197,324,206
0,_Ravalli,_PCT 22,_PCT 22,755,364,41,8,2,755,417,36,668,515,35,876,308,737,418,32,704,466,685,478
0,_Ravalli,_PCT 23,_PCT 23,798,324,57,11,4,832,373,36,689,505,42,929,270,824,358,35,781,415,742,456
0,_Ravalli,_PCT 24,_PCT 24,710,392,64,11,4,734,440,43,592,578,43,833,340,727,432,36,663,505,641,526
0,_Richland,_Precinct 1,_PRECINCT 01,165,35,22,3,1,155,46,20,152,57,16,177,36,148,58,15,170,38,152,57
0,_Richland,_Precinct 2,_PRECINCT 02,286,57,15,3,0,270,75,16,245,92,25,287,60,246,81,26,281,70,252,96
0,_Richland,_Precinct 3,_PRECINCT 03,311,73,26,2,1,306,90,13,295,101,10,323,78,294,91,16,302,99,282,114
0,_Richland,_Precinct 4,_PRECINCT 04,247,36,13,1,0,231,54,8,215,63,13,245,43,217,61,10,231,53,221,62
0,_Richland,_Precinct 5,_PRECINCT 05,278,48,14,2,1,275,63,11,258,82,14,279,60,258,76,9,276,64,259,77
0,_Richland,_Precinct 7,_PRECINCT 07,158,40,13,0,1,148,56,9,135,68,12,154,53,136,65,10,148,55,145,61
0,_Richland,_Precinct 8,_PRECINCT 08,466,87,35,3,0,454,124,19,442,134,24,496,85,422,145,22,466,114,437,138
0,_Richland,_Precinct 9,_PRECINCT 09,211,35,8,1,0,192,53,13,186,63,7,209,39,195,49,8,204,43,193,56
0,_Richland,_Precinct 12,_PRECINCT 12,479,73,25,2,0,448,99,29,423,125,28,487,66,421,107,32,470,89,430,124
0,_Richland,_Precinct 17,_PRECINCT 17,111,13,5,1,0,114,17,1,104,24,2,117,10,112,15,1,107,21,107,19
0,_Richland,_Precinct 19,_PRECINCT 19,101,14,2,1,1,104,20,2,100,23,2,113,10,96,26,1,100,20,99,21
0,_Richland,_Precinct 22,_PRECINCT 22,465,62,32,2,0,456,78,19,428,107,21,465,75,426,101,18,453,84,424,113
0,_Richland,_Precinct 23,_PRECINCT 23,630,98,29,2,1,619,121,23,594,146,27,656,93,589,147,22,630,121,605,141
0,_Roosevelt,_BAINVILLE RURAL,_02 BAINVILLE,195,33,15,1,1,189,51,7,180,58,9,193,44,175,56,14,190,48,180,55
0,_Roosevelt,_FROID RURAL,_10 FROID,139,38,10,1,1,137,49,5,112,67,10,135,48,116,62,5,126,47,110,65
0,_Roosevelt,_CULBERTSON RURAL,_12 CULBERTSON,387,91,27,0,1,373,110,24,345,146,21,413,76,361,122,15,371,102,339,146
0,_Roosevelt,_BROCKTON RURAL,_15 BROCKTON,14,138,5,7,0,25,139,3,16,147,3,26,135,17,148,2,20,142,14,148
0,_Roosevelt,_EAST POPLAR RURAL,_16 EAST POPLAR RURAL,52,163,6,9,1,43,196,5,39,194,8,64,177,44,187,12,56,185,47,191
0,_Roosevelt,_NORTH POPLAR RURAL,_17 NORTH POPLAR MINERAL BENCH,80,21,6,1,0,79,27,6,68,38,3,79,26,63,37,7,72,27,75,30
0,_Roosevelt,_POPLAR  RURAL,_18 POPLAR,185,393,23,31,6,164,488,14,141,490,29,206,440,152,476,29,192,451,162,487
0,_Roosevelt,_EAST & NE WOLF POINT RURAL,_22 EAST & NE WOLF POINT RURAL,116,57,13,4,0,99,82,10,95,85,9,119,63,94,77,15,102,76,97,81
0,_Roosevelt,_WOLF POINT SOUTHSIDE,_24 WOLF POINT SOUTHSIDE,135,183,24,15,2,105,258,20,90,259,25,147,217,96,244,31,121,235,106,265
0,_Roosevelt,_WOLF POINT NORTHSIDE,_26 WOLF POINT NORTHSIDE,287,167,42,14,2,288,224,16,255,242,29,329,172,257,234,22,266,216,240,256
0,_Roosevelt,_WEST WOLF POINT RURAL,_27 WEST WOLF POINT RURAL,100,262,7,11,2,78,308,6,78,299,14,118,263,90,271,26,110,269,84,303
0,_Roosevelt,_NORTH WOLF POINT RURAL,_28 NORTH WOLF POINT RURAL (VICTORY),107,14,2,1,0,105,15,3,106,14,3,107,8,97,22,1,96,16,96,20
0,_Rosebud,_Precinct 10,_PRECINCT 10,126,11,2,0,0,116,23,3,99,39,2,128,11,106,34,2,102,35,102,34
0,_Rosebud,_Precinct 11,_PRECINCT 11,88,3,1,1,0,87,8,0,85,12,0,92,5,90,7,0,85,10,90,7
0,_Rosebud,_Precinct 15,_PRECINCT 15,61,400,16,22,9,57,478,11,49,471,20,130,403,58,465,11,81,450,51,488
0,_Rosebud,_Precinct 17,_PRECINCT 17,103,150,15,1,1,95,178,11,87,184,11,147,124,99,169,10,103,166,97,182
0,_Rosebud,_Precinct 20,_PRECINCT 20,170,29,9,0,0,171,38,5,151,58,5,188,21,145,65,4,146,61,151,62
0,_Rosebud,_Precinct 21,_PRECINCT 21,116,10,5,0,0,113,18,2,101,28,2,121,10,101,27,2,99,29,95,33
0,_Rosebud,_Precinct 26,_PRECINCT 26,60,4,3,0,0,57,8,1,48,18,1,58,5,58,9,0,49,15,51,13
0,_Rosebud,_Precinct 3,_PRECINCT 3,333,100,28,2,0,327,129,17,282,175,20,369,88,297,162,14,286,168,275,186
0,_Rosebud,_Precinct 30,_PRECINCT 30,274,59,16,1,1,274,74,10,260,88,9,296,50,245,101,6,240,100,230,119
0,_Rosebud,_Precinct 32,_PRECINCT 32,592,138,39,5,1,599,185,12,599,180,17,660,122,488,288,12,524,254,498,291
0,_Rosebud,_Precinct 6,_PRECINCT 6,300,70,16,1,2,297,94,8,229,159,9,308,77,246,138,11,230,155,222,162
0,_Rosebud,_Precinct 7,_PRECINCT 7,30,13,2,0,1,30,17,1,28,18,2,32,13,30,16,2,27,18,28,17
0,_Sanders,_1-HERON - HD13,_1-HERON-HD13,224,61,5,7,0,206,76,16,184,105,13,228,69,213,71,13,214,76,205,85
0,_Sanders,_2-NOXON - HD13,_2-NOXON-HD13,332,88,16,5,1,297,120,26,257,163,29,331,88,293,113,23,274,139,280,139
0,_Sanders,_3-TROUT CREEK - HD13,_3-TROUT CREEK-HD13,653,147,27,12,1,607,197,45,535,287,31,687,138,623,188,30,563,251,583,230
0,_Sanders,_4-TFALLS - HD13,_4-T FALLS-HD13,682,194,55,7,2,666,255,51,561,368,48,768,172,665,243,51,626,302,621,319
0,_Sanders,_5-TFALLS - HD13,_5-T FALLS-HD13,707,196,54,11,5,689,262,26,553,387,46,789,170,684,239,39,654,286,644,307
0,_Sanders,_6-PLAINS - HD14,_6-PLAINS-HD14,740,152,50,4,1,734,192,46,615,325,37,804,135,745,182,32,689,239,657,275
0,_Sanders,_7-PLAINS - HD14,_7-PLAINS-HD14,494,132,44,10,0,481,172,36,414,242,33,550,117,472,176,31,457,202,454,205
0,_Sanders,_8-HOT SPRINGS - HD14,_8-HOT SPRINGS-HD14,378,180,41,31,3,328,270,41,286,300,59,397,217,343,235,50,341,266,323,300
0,_Sanders,_9-DIXON - HD14,_9-DIXON-HD14,76,68,7,7,0,71,79,10,65,90,6,82,73,74,81,5,72,84,69,88
0,_Sheridan,_Precinct 1 - Westby,_1 WESTBY,126,35,5,0,1,123,40,2,102,64,2,121,33,110,49,3,121,34,109,45
0,_Sheridan,_Precinct 2 - Medicine Lake,_2 MEDICINE LAKE,244,107,19,2,0,249,126,13,214,167,8,267,109,222,148,12,234,134,213,155
0,_Sheridan,_Precinct 3 - Plentywood West,_3 PLENTYWOOD WEST,237,103,16,9,1,241,115,21,198,166,14,271,95,214,146,10,232,126,204,159
0,_Sheridan,_Precinct 4 - Plentywood East,_4 PLENTYWOOD EAST,337,131,27,6,0,347,145,21,268,208,32,358,113,291,173,19,322,123,283,182
0,_Sheridan,_Precinct 5 - Plentywood Rural West,_5 PLENTYWOOD RURAL WEST,163,34,10,2,0,158,42,8,131,69,12,171,33,146,56,6,155,43,143,57
0,_Sheridan,_Precinct 6 - Pentywood Rural East,_6 PLENTYWOOD RURAL EAST,134,67,15,1,0,142,68,9,120,99,9,163,47,127,81,6,137,62,123,84
0,_Silver Bow,_Precinct 1,_PREC_1,86,104,14,7,1,80,125,11,47,159,12,101,112,74,133,7,64,148,56,159
0,_Silver Bow,_Precinct 10N,_PREC_10N,37,63,14,5,3,32,86,7,26,97,4,45,77,33,89,2,20,100,22,96
0,_Silver Bow,_Precinct 10S,_PREC_10S,52,106,13,7,1,45,130,6,32,143,6,68,110,51,129,2,38,142,42,134
0,_Silver Bow,_Precinct 11,_PREC_11,64,97,11,4,1,55,120,13,45,136,4,78,101,59,113,9,48,133,47,131
0,_Silver Bow,_Precinct 12E,_PREC_12E,100,113,10,2,0,94,129,11,75,157,4,113,112,86,139,5,58,164,75,143
0,_Silver Bow,_Precinct 12W,_PREC_12W,54,98,17,1,4,51,124,7,36,139,8,59,116,52,120,9,47,130,40,140
0,_Silver Bow,_Precinct 14,_PREC_14,307,639,88,25,2,289,745,55,222,820,55,418,650,284,714,71,263,789,241,816
0,_Silver Bow,_Precinct 16,_PREC_16,363,631,65,30,8,353,719,53,274,835,24,489,588,360,695,46,295,788,295,787
0,_Silver Bow,_Precinct 17,_PREC_17,308,464,65,36,5,286,555,60,211,644,51,386,484,265,561,67,257,613,244,627
0,_Silver Bow,_Precinct 18,_PREC_18,230,312,42,16,4,195,396,29,137,453,29,269,337,185,387,38,179,426,175,428
0,_Silver Bow,_Precinct 19N,_PREC_19N,101,173,20,7,0,97,201,12,76,226,9,141,162,106,192,6,83,218,83,215
0,_Silver Bow,_Precinct 19S,_PREC_19S,83,113,10,3,1,79,135,6,61,156,8,98,117,72,137,5,42,172,58,146
0,_Silver Bow,_Precinct 19W,_PREC_19W,45,46,9,0,0,50,54,0,38,66,0,65,35,50,50,1,28,72,39,59
0,_Silver Bow,_Precinct 21,_PREC_21,157,319,33,9,5,143,372,27,110,423,14,214,317,155,364,24,117,415,115,421
0,_Silver Bow,_Precinct 22,_PREC_22,520,622,80,32,11,469,774,52,327,935,43,635,630,445,783,54,346,913,365,893
0,_Silver Bow,_Precinct 26E,_PREC_26E,71,43,5,1,2,64,56,6,49,72,5,81,42,60,61,4,43,81,51,72
0,_Silver Bow,_Precinct 26W,_PREC_26W,107,57,3,3,1,90,81,4,66,103,6,114,58,92,82,1,73,99,71,99
0,_Silver Bow,_Precinct 27N,_PREC_27N,71,22,5,0,0,65,32,4,54,45,3,71,24,66,23,3,49,46,50,41
0,_Silver Bow,_Precinct 27S,_PREC_27S,177,129,13,1,0,172,157,5,140,188,7,214,99,168,156,2,102,216,133,182
0,_Silver Bow,_Precinct 28,_PREC_28,78,33,5,2,0,77,41,5,61,58,4,85,32,70,47,1,63,53,62,51
0,_Silver Bow,_Precinct 29,_PREC_29,53,16,5,2,0,52,26,2,42,37,1,58,20,52,26,1,39,36,40,38
0,_Silver Bow,_Precinct 2E,_PREC_2E,185,256,28,7,6,149,332,13,121,357,18,227,247,155,314,14,115,361,110,366
0,_Silver Bow,_Precinct 2W,_PREC_2W,207,290,51,5,4,189,350,25,123,422,21,259,292,186,351,22,144,407,145,406
0,_Silver Bow,_Precinct 3,_PREC_3,154,235,20,1,2,146,268,18,82,336,14,202,213,141,271,12,95,324,110,305
0,_Silver Bow,_Precinct 4,_PREC_4,356,570,64,18,7,366,666,32,254,777,36,502,521,349,659,31,224,804,253,765
0,_Silver Bow,_Precinct 6,_PREC_6,562,938,104,13,7,591,1057,33,395,1278,25,766,846,566,1071,23,420,1215,430,1200
0,_Silver Bow,_Precinct 8E,_PREC_8E,635,946,100,15,4,734,981,35,535,1197,28,899,782,654,1028,34,473,1234,537,1135
0,_Silver Bow,_Precinct 8W,_PREC_8W,545,575,75,20,8,493,724,48,335,877,47,624,604,468,745,44,382,851,390,846
0,_Silver Bow,_Precinct 9E,_PREC_9E,281,239,38,8,4,326,251,14,254,324,13,373,189,300,264,17,226,341,246,314
0,_Silver Bow,_Precinct 9N,_PREC_9N,370,332,42,12,1,379,390,13,270,489,22,446,303,360,391,15,250,512,302,440
0,_Silver Bow,_Precinct 9W,_PREC_9W,17,38,8,1,2,24,49,0,14,58,1,34,36,23,49,1,18,54,18,53
0,_Stillwater,_Absarokee,_ABSAROKEE PRECINCT 13,615,187,46,11,0,611,224,32,511,324,27,685,153,616,212,29,575,263,547,292
0,_Stillwater,_Columbus,_COLUMBUS PRECINCT 1,1649,363,99,9,6,1580,495,67,1362,712,76,1797,284,1561,496,70,1472,599,1374,700
0,_Stillwater,_Fishtail,_FISHTAIL PRECINCT 11,133,46,10,0,0,137,56,5,118,75,6,162,35,138,54,6,126,68,126,67
0,_Stillwater,_Molt,_MOLT PRECINCT 7,62,6,2,0,0,63,6,1,59,10,1,67,3,57,11,2,53,15,51,19
0,_Stillwater,_Nye,_NYE PRECINCT 10,86,46,6,2,0,90,51,6,78,67,2,104,40,85,58,4,82,59,73,68
0,_Stillwater,_Park City,_PARK CITY PRECINCT 2,831,212,67,9,4,801,293,55,674,439,41,920,207,779,318,41,734,395,681,457
0,_Stillwater,_Rapelje,_RAPELJE PRECINCT 9,139,17,9,0,0,135,28,5,114,50,5,151,15,133,33,2,129,37,116,49
0,_Stillwater,_Reed Point,_REED POINT PRECINCT 4,146,31,12,4,1,141,47,6,120,71,3,162,30,145,39,11,130,61,128,65
0,_Sweet Grass,_Precinct 1,_PRECINCT 1,343,85,20,9,3,337,114,14,277,175,16,372,81,316,123,21,324,125,295,156
0,_Sweet Grass,_Precinct 2,_PRECINCT 2,281,108,23,4,0,284,128,13,238,175,16,338,87,290,121,16,271,150,253,168
0,_Sweet Grass,_Precinct 3,_PRECINCT 3,370,82,14,5,0,384,86,9,332,140,8,405,58,360,90,20,345,112,339,119
0,_Sweet Grass,_Precinct 4,_PRECINCT 4,364,96,13,4,0,363,126,5,332,151,6,395,85,367,112,8,356,122,335,139
0,_Sweet Grass,_Precinct 5,_PRECINCT 5,237,31,7,1,0,219,51,8,206,65,11,246,30,224,39,12,216,56,215,59
0,_Teton,_Precinct 1,_PRECINCT #1,928,384,91,13,8,930,506,35,755,675,40,1110,308,919,487,30,878,510,817,594
0,_Teton,_Precinct 11,_PRECINCT #11,113,27,9,1,0,108,45,2,90,63,2,128,22,109,45,2,96,57,87,62
0,_Teton,_Precinct 17,_PRECINCT #17,213,100,8,3,1,211,111,8,164,159,7,231,91,187,131,9,198,120,164,162
0,_Teton,_Precinct 6,_PRECINCT #6,210,79,18,1,0,209,105,4,164,154,3,255,52,201,108,4,190,113,152,154
0,_Teton,_Precinct 7,_PRECINCT #7,706,218,36,9,3,714,279,25,604,390,22,820,171,709,277,24,678,301,624,364
0,_Toole,_Devon/Galata,_DEVON-GALATA,101,25,6,0,0,101,31,4,84,50,1,114,16,90,40,3,86,44,87,45
0,_Toole,_Kevin,_KEVIN,101,21,1,2,0,93,30,5,81,42,4,101,21,88,35,2,90,30,91,34
0,_Toole,_Shelby City,_SHELBY CITY,838,258,65,20,4,854,306,49,660,508,35,947,211,785,346,52,751,383,691,460
0,_Toole,_Shelby Rural,_SHELBY RURAL,142,24,8,3,0,144,30,7,127,52,2,154,18,140,35,4,133,39,128,51
0,_Toole,_Sunburst,_SUNBURST,315,74,16,4,2,319,96,10,262,147,14,345,73,303,105,12,290,119,264,154
0,_Treasure,_Precinct 3,_PRECINCT # 3,33,3,0,0,0,34,3,0,28,7,0,31,3,29,5,0,28,6,22,13
0,_Treasure,_Precinct 4,_PRECINCT # 4,276,55,22,5,1,269,87,8,213,142,10,303,57,214,142,3,244,114,209,152
0,_Treasure,_Precinct 6,_PRECINCT # 6,42,1,4,1,0,43,6,1,35,11,2,44,5,38,12,0,37,9,41,8
0,_Valley,_Fort Peck,_1-FORT PECK,393,158,30,5,0,396,188,17,340,241,17,433,149,342,244,7,356,218,346,225
0,_Valley,_Frazer,_2-FRAZER,75,94,8,5,3,68,122,2,65,116,9,88,96,61,119,8,68,112,54,126
0,_Valley,_Hinsdale,_3-HINSDALE,269,33,14,4,0,263,59,3,238,82,6,281,33,237,74,6,231,79,233,80
0,_Valley,_Glasgow,_4-GLASGOW,800,319,86,18,5,820,379,52,698,500,49,890,305,726,430,66,711,462,653,543
0,_Valley,_Glasgow Northeast,_5-GLASGOW NE,742,219,72,8,6,752,267,53,655,372,45,816,215,674,337,40,663,343,625,390
0,_Valley,_Nashua,_6-NASHUA,174,41,15,2,0,167,65,8,126,101,11,176,49,141,83,6,144,76,131,93
0,_Valley,_Lustre,_7-LUSTRE,94,3,0,0,0,94,2,1,92,5,1,94,3,91,4,2,92,4,94,3
0,_Valley,_Opheim,_8-OPHEIM,151,19,9,2,0,141,34,10,129,48,6,142,25,130,39,8,124,44,121,42
0,_Wheatland,_Precinct 1,_PRECINCT 1,61,5,5,0,0,59,12,3,50,23,1,61,12,56,14,2,51,18,49,22
0,_Wheatland,_Precinct 2,_PRECINCT 2,290,92,21,8,2,291,114,13,214,194,7,316,96,289,116,15,266,142,259,148
0,_Wheatland,_Precinct 3,_PRECINCT 3,69,17,1,2,0,68,21,0,65,25,1,76,13,59,24,4,61,28,63,25
0,_Wheatland,_Precinct 4,_PRECINCT 4,102,27,4,1,1,92,39,4,68,65,4,104,28,92,41,3,80,51,80,50
0,_Wheatland,_Precinct 9,_PRECINCT 9,180,38,12,3,3,179,56,8,150,92,7,200,40,172,69,3,165,71,166,73
0,_Wibaux,_Precinct 1,_PRECINCT #1,463,55,18,0,1,408,105,27,381,143,21,448,74,385,122,20,442,89,377,132
0,_Yellowstone,_39.1,_39.1,151,21,4,1,0,146,28,4,128,45,6,162,16,134,44,2,135,38,132,46
0,_Yellowstone,_39.2,_39.2,1242,296,76,12,5,1207,425,54,977,649,65,1365,282,964,675,45,1107,528,1069,591
0,_Yellowstone,_40.1,_40.1,1319,297,94,13,5,1291,424,57,1070,638,72,1436,272,1178,536,46,1172,547,1150,583
0,_Yellowstone,_40.3,_40.3,266,49,17,1,0,261,70,13,210,117,16,291,46,254,79,10,244,89,253,87
0,_Yellowstone,_40.4,_40.4,195,60,13,0,0,204,71,2,165,103,11,219,49,196,71,10,190,80,187,86
0,_Yellowstone,_40.5,_40.5,150,28,12,0,1,148,38,9,141,53,2,164,28,151,39,3,147,43,138,53
0,_Yellowstone,_40-45,_40-45,626,188,40,6,2,649,214,23,545,319,24,710,149,603,252,24,571,286,550,319
0,_Yellowstone,_42.1,_42.1,86,17,4,1,1,89,22,3,84,29,2,98,12,86,24,4,86,25,86,26
0,_Yellowstone,_42.2,_42.2,169,59,8,1,0,164,69,10,141,91,10,185,50,169,70,3,159,72,162,78
0,_Yellowstone,_43.1,_43.1,399,86,25,2,2,415,102,12,346,177,12,452,68,360,161,6,356,148,340,181
0,_Yellowstone,_43.2,_43.2,530,165,35,11,2,516,225,22,419,320,25,602,139,477,250,27,480,250,449,297
0,_Yellowstone,_43.3,_43.3,1941,927,224,46,10,1966,1162,114,1520,1592,132,2306,854,1834,1270,111,1818,1309,1693,1491
0,_Yellowstone,_44.1,_44.1,596,266,57,13,3,605,337,32,457,487,33,705,246,577,363,28,553,395,534,426
0,_Yellowstone,_44.2,_44.2,1145,627,161,37,7,1209,765,68,897,1053,91,1465,506,1157,782,75,1123,824,1072,925
0,_Yellowstone,_44.3,_44.3,882,463,114,18,4,949,556,37,757,744,39,1115,375,913,591,29,845,629,813,709
0,_Yellowstone,_45.2,_45.2,2408,1181,285,51,14,2612,1367,92,2173,1777,130,3059,896,2504,1433,104,2366,1561,2176,1826
0,_Yellowstone,_46.1,_46.1,165,71,14,1,1,183,74,3,157,97,5,196,59,174,78,6,161,94,166,93
0,_Yellowstone,_46.2,_46.2,3017,1971,281,50,11,3401,2072,95,2832,2647,97,4024,1382,3350,2080,105,3036,2287,2901,2575
0,_Yellowstone,_47.1,_47.1,571,724,94,46,7,575,815,69,447,951,72,745,659,562,809,75,553,853,546,892
0,_Yellowstone,_47.2,_47.2,1165,1159,152,19,6,1347,1216,43,1151,1416,50,1654,858,1365,1160,54,1212,1277,1218,1327
0,_Yellowstone,_48.1,_48.1,1105,1159,182,52,10,1180,1313,97,952,1538,99,1488,967,1168,1287,100,1067,1410,1093,1422
0,_Yellowstone,_48.2,_48.2,1107,866,127,25,5,1222,934,44,975,1187,51,1480,645,1202,941,50,1062,1042,1119,1042
0,_Yellowstone,_49.1,_49.1,584,726,132,44,10,609,873,84,464,1016,88,797,690,594,842,98,588,895,572,949
0,_Yellowstone,_49.2,_49.2,869,758,139,34,7,890,905,79,712,1090,77,1147,659,902,876,71,860,928,868,972
0,_Yellowstone,_50.1,_50.1,850,702,165,59,5,833,912,90,630,1109,103,1109,686,822,916,80,799,978,798,1012
0,_Yellowstone,_50.2,_50.2,1101,751,151,26,13,1153,854,92,902,1112,99,1416,610,1128,876,75,1077,935,1050,997
0,_Yellowstone,_51.1,_51.1,652,425,74,19,16,605,541,61,437,697,75,758,410,585,554,60,611,559,601,584
0,_Yellowstone,_51.2,_51.2,491,363,54,13,2,509,401,27,419,494,27,619,277,516,380,29,477,423,458,455
0,_Yellowstone,_51.3,_51.3,984,613,150,29,8,1020,740,77,780,969,93,1257,523,969,771,76,965,809,925,873
0,_Yellowstone,_52.1,_52.1,830,608,140,28,8,837,741,101,598,968,114,1048,567,809,759,87,789,799,845,805
0,_Yellowstone,_52.2,_52.2,1214,780,118,34,8,1226,916,82,937,1216,80,1546,612,1245,911,58,1138,1012,1242,968
0,_Yellowstone,_53.1,_53.1,2978,1232,212,16,13,3370,1230,65,2918,1682,77,3730,804,3327,1226,88,2966,1530,2913,1670
0,_Yellowstone,_53.2,_53.2,1063,258,84,14,5,1114,306,40,934,497,33,1207,210,1050,357,38,988,420,1000,422
0,_Yellowstone,_53.3,_53.3,792,221,62,8,1,802,276,27,680,398,29,897,182,781,298,19,707,364,734,350
0,_Yellowstone,_54.1,_54.1,2806,1516,276,49,14,2990,1709,125,2421,2239,158,3518,1108,2895,1724,136,2678,1902,2710,1993
0,_Yellowstone,_54.2,_54.2,616,200,44,10,1,653,233,28,526,361,26,716,165,631,261,13,565,298,566,321
0,_Yellowstone,_55.1,_55.1,385,118,24,4,0,372,150,20,311,213,22,415,120,359,156,23,356,167,336,201
0,_Yellowstone,_55.2,_55.2,67,13,5,1,0,71,17,2,63,25,3,75,12,69,17,3,62,25,59,28
0,_Yellowstone,_55.3,_55.3,743,234,60,15,3,754,285,46,647,395,41,851,210,746,302,31,667,382,660,403
0,_Yellowstone,_55.4,_55.4,731,344,87,16,4,701,448,64,529,594,92,847,324,675,462,64,685,486,647,543
0,_Yellowstone,_55.5,_55.5,1027,501,115,11,5,1028,628,52,787,865,56,1232,423,986,667,37,932,740,870,811
0,_Yellowstone,_56.1,_56.1,235,64,20,5,0,247,84,8,202,126,9,277,54,207,117,10,209,117,204,126
0,_Yellowstone,_56.2,_56.2,2144,849,150,51,14,2023,1125,130,1578,1545,165,2413,777,1950,1211,93,1890,1282,1799,1416
0,_Yellowstone,_56.3,_56.3,523,215,35,6,6,531,253,16,448,333,20,611,164,527,244,19,493,275,478,305
