IS_AUDITED,COUNTY_NAME,PRECINCT_NAME,PRECINCT_CODE,USA_VT_20161108_GEN_PRE_DEM_CLINTON,USA_VT_20161108_GEN_PRE_REP_TRUMP,USA_VT_20161108_GEN_PRE_LIB_JOHNSON,USA_VT_20161108_GEN_PRE_GRE_STEIN,USA_VT_20161108_GEN_PRE_IND_FUENTE,USA_VT_20161108_GEN_PRE_UNI_RIVA,USA_VT_20161108_GEN_PRE_OTH_SANDERS,USA_VT_20161108_GEN_PRE_OTH_WRITEIN,USA_VT_20161108_GEN_USS_DEM_LEAHY,USA_VT_20161108_GEN_USS_REP_MILNE,USA_VT_20161108_GEN_USS_MAR_ERICSON,USA_VT_20161108_GEN_USS_IND_TRUDELL,USA_VT_20161108_GEN_USS_UNI_DIAMONDSTONE,USA_VT_20161108_GEN_USS_OTH_WRITEIN,USA_VT_20161108_GEN_HAL_OTH_WELCH,USA_VT_20161108_GEN_HAL_UNI_CLAWSON,USA_VT_20161108_GEN_HAL_OTH_WRITEIN,USA_VT_20161108_GEN_GOV_DEM_MINTER,USA_VT_20161108_GEN_GOV_REP_SCOTT,USA_VT_20161108_GEN_GOV_UNI_LEE,USA_VT_20161108_GEN_GOV_OTH_WRITEIN,USA_VT_20161108_GEN_LTG_DEM_ZUCKERMAN,USA_VT_20161108_GEN_LTG_REP_BROCK,USA_VT_20161108_GEN_LTG_UNI_WARDINSKI,USA_VT_20161108_GEN_LTG_OTH_WRITEIN,USA_VT_20161108_GEN_TRE_OTH_PEARCE,USA_VT_20161108_GEN_TRE_PRO_SCHRAMM,USA_VT_20161108_GEN_TRE_UNI_NGOIMA,USA_VT_20161108_GEN_TRE_OTH_WRITEIN,USA_VT_20161108_GEN_SOS_OTH_CONDOS,USA_VT_20161108_GEN_SOS_UNI_HERBERT,USA_VT_20161108_GEN_SOS_OTH_WRITEIN,USA_VT_20161108_GEN_AUD_DEM_HOFFER,USA_VT_20161108_GEN_AUD_REP_FELICIANO,USA_VT_20161108_GEN_AUD_UNI_BROWN,USA_VT_20161108_GEN_AUD_OTH_WRITEIN,USA_VT_20161108_GEN_ATG_DEM_DONOVAN,USA_VT_20161108_GEN_ATG_REP_BUCKMAN,USA_VT_20161108_GEN_ATG_UNI_JACKOWSKI,USA_VT_20161108_GEN_ATG_OTH_WRITEIN
0,_001,_Addison,_Addison,324,337,47,8,1,1,45,12,355,391,11,13,6,0,631,88,8,196,578,11,0,261,492,16,0,605,71,31,0,640,65,0,286,427,26,0,434,307,16,0
0,_001,_Bridport,_Bridport,292,278,24,8,3,1,0,49,308,321,15,4,5,8,539,69,4,204,442,10,0,236,397,8,1,502,50,38,1,533,64,1,261,327,19,0,363,250,6,1
0,_001,_Bristol,_Bristol,1075,558,60,41,9,1,168,14,1140,666,56,38,17,1,1608,207,6,858,1022,49,1,984,870,45,0,1435,270,79,7,1584,204,5,1012,705,97,0,1267,525,76,0
0,_001,_Cornwall,_Cornwall,517,147,22,14,3,1,21,12,537,187,14,2,4,0,669,33,2,383,347,12,1,441,277,6,1,594,71,11,0,645,43,0,443,229,17,0,530,161,14,0
0,_001,_Ferrisburgh,_Ferrisburgh,892,501,61,21,3,2,94,33,973,594,30,7,10,2,1368,147,14,613,962,42,1,748,828,13,1,1270,145,57,4,1369,108,4,815,658,43,2,1077,475,26,1
0,_001,_Goshen,_Goshen,78,31,6,3,0,0,5,0,75,41,3,4,2,0,106,11,0,66,53,6,0,72,48,1,0,87,21,7,0,96,13,0,70,39,6,0,75,36,5,0
0,_001,_Granville,_Granville,82,29,3,6,1,0,0,27,98,36,9,3,1,0,132,9,1,82,61,2,1,87,49,4,1,107,22,6,0,120,15,0,93,38,7,0,103,24,7,0
0,_001,_Hancock,_Hancock,75,54,6,4,1,0,18,1,84,64,4,4,0,1,123,25,1,58,97,4,0,75,70,8,0,107,19,19,0,120,25,0,84,54,9,0,102,44,8,0
0,_001,_Leicester,_Leicester,217,207,15,5,3,0,37,8,258,211,10,7,6,0,407,47,1,152,332,9,2,198,270,14,0,375,48,18,0,397,48,0,210,224,18,0,273,178,19,0
0,_001,_Lincoln,_Lincoln,494,188,22,27,3,0,46,11,531,210,22,20,6,1,691,57,3,430,330,25,1,492,273,9,1,583,117,26,0,664,56,0,481,223,27,0,558,168,26,0
0,_001,_Middlebury,_Middlebury,2682,595,77,71,11,2,158,71,2663,800,83,44,38,1,3168,249,17,2212,1351,85,3,2312,1174,52,4,2754,457,87,5,3022,277,5,2317,885,130,1,2690,659,117,1
0,_001,_Monkton,_Monkton,671,360,57,16,2,0,0,96,753,405,21,9,11,1,1010,116,5,480,704,29,1,610,562,14,2,911,134,43,4,1011,89,5,615,461,49,1,794,337,38,0
0,_001,_New Haven,_New Haven,594,337,45,21,5,2,59,15,619,410,16,15,11,0,905,110,0,398,664,26,0,504,543,17,2,857,111,30,2,896,102,0,520,430,46,0,704,312,19,0
0,_001,_Orwell,_Orwell,270,284,29,16,5,0,31,13,307,318,14,7,3,0,530,68,3,172,465,13,3,208,413,25,0,497,65,28,0,536,58,1,245,335,36,0,346,267,17,0
0,_001,_Panton,_Panton,171,126,6,6,0,0,24,5,178,150,5,6,3,0,291,33,0,114,227,4,0,153,184,2,0,286,30,7,0,306,20,0,166,158,6,0,216,118,6,0
0,_001,_Ripton,_Ripton,228,58,5,13,1,0,29,1,251,62,6,3,4,1,308,14,0,201,124,4,1,227,86,4,1,240,51,9,0,277,23,0,216,74,5,1,251,49,7,1
0,_001,_Salisbury,_Salisbury,296,189,8,9,3,0,45,5,321,206,13,9,7,0,455,64,2,198,341,17,0,261,275,10,0,419,67,22,1,463,50,0,259,224,30,0,348,168,18,0
0,_001,_Shoreham,_Shoreham,356,211,19,13,1,0,39,11,390,236,10,10,3,0,538,63,2,262,373,14,1,311,311,10,1,496,53,19,0,506,60,0,316,243,26,1,401,184,15,2
0,_001,_Starksboro,_Starksboro,534,256,36,24,3,0,67,11,552,310,33,15,11,1,771,107,3,445,459,23,1,522,374,19,1,705,111,37,2,761,93,3,517,324,30,0,622,247,28,0
0,_001,_Vergennes,_Vergennes,712,326,51,23,5,1,90,11,786,391,32,11,9,1,1057,104,4,543,660,33,2,649,543,19,3,974,116,55,1,1041,106,1,682,422,45,1,870,300,35,0
0,_001,_Waltham,_Waltham,149,83,14,2,0,0,0,27,170,98,4,3,4,0,247,20,0,108,165,10,0,129,143,5,0,235,22,9,0,243,20,0,141,115,7,0,165,99,5,0
0,_001,_Weybridge,_Weybridge,415,74,18,8,1,2,0,5,419,120,5,7,5,1,514,27,4,338,217,6,1,334,197,9,1,434,69,13,1,486,33,0,354,168,13,0,423,103,10,1
0,_001,_Whiting,_Whiting,95,68,8,2,2,0,20,2,114,67,3,4,4,0,160,15,2,63,127,9,0,94,91,4,0,148,21,1,0,157,18,0,101,71,10,0,130,49,7,0
0,_003,_Arlington,_Arlington,662,435,28,22,4,3,94,20,732,432,44,29,13,0,1028,142,5,543,666,47,0,601,580,40,1,960,127,77,0,1008,148,0,600,508,74,0,647,465,100,0
0,_003,_Bennington 1,_Bennington 1,1764,970,72,63,13,3,132,29,1936,828,170,63,35,7,2496,306,15,1627,1280,130,4,1709,1085,114,8,2157,421,123,8,2321,373,4,1238,1002,199,3,1585,844,449,2
0,_003,_Bennington 2,_Bennington 2,1597,979,83,84,9,5,198,24,1815,826,168,94,42,4,2450,319,8,1490,1366,113,2,1569,1128,116,3,2107,413,132,7,2237,393,3,1464,994,217,2,1459,866,477,0
0,_003,_Dorset,_Dorset,740,334,36,18,4,0,41,16,715,409,31,22,6,2,1018,86,2,506,662,23,0,536,583,28,0,887,105,48,1,956,101,1,559,458,57,0,590,447,70,0
0,_003,_Glastenbury,_Glastenbury,3,2,0,0,0,0,0,0,3,2,0,0,0,0,5,0,0,2,3,0,0,3,2,0,0,4,1,0,0,4,1,0,3,2,0,0,3,2,1,0
0,_003,_Landgrove,_Landgrove,71,18,5,1,0,0,5,3,62,39,1,1,1,0,87,7,0,49,55,1,0,45,50,1,0,80,10,2,0,90,6,0,39,48,6,0,49,46,4,0
0,_003,_Manchester,_Manchester,1452,706,74,33,10,4,90,24,1404,827,86,36,19,3,1976,192,18,1084,1231,62,3,1128,1096,49,5,1755,223,79,13,1839,224,7,1122,901,91,2,1214,866,133,1
0,_003,_Peru,_Peru,166,54,4,2,0,0,3,2,145,69,8,5,2,0,204,19,1,129,103,3,1,120,101,5,0,173,24,9,1,180,24,1,123,79,10,0,137,71,10,0
0,_003,_Pownal,_Pownal,761,681,47,29,8,1,87,14,915,510,109,41,24,0,1277,219,5,742,785,79,0,805,637,90,0,1143,188,105,1,1177,260,2,713,593,146,1,715,541,249,0
0,_003,_Readsboro,_Readsboro,166,173,7,7,1,1,22,2,191,127,31,11,12,15,288,48,0,159,193,24,0,167,173,20,0,230,38,54,0,276,53,0,161,152,26,0,164,141,45,1
0,_003,_Rupert,_Rupert,213,138,14,6,1,0,14,5,240,130,17,5,0,0,323,38,1,175,204,13,1,189,180,11,0,306,32,16,0,320,38,0,185,156,23,0,192,156,28,0
0,_003,_Sandgate,_Sandgate,99,95,6,7,0,1,7,2,108,85,15,6,3,0,173,27,0,96,115,6,0,98,111,4,0,146,28,13,0,161,27,0,96,95,11,0,101,94,19,0
0,_003,_Searsburg,_Searsburg,19,36,0,0,0,1,2,0,20,29,3,0,3,0,42,10,0,14,38,6,0,20,31,4,0,39,8,4,0,38,14,0,19,29,4,0,15,27,12,0
0,_003,_Shaftsbury,_Shaftsbury,949,659,53,26,7,1,93,21,1023,640,81,41,18,2,1510,163,2,815,941,51,0,906,792,49,0,1359,181,69,3,1409,204,2,832,706,114,1,850,656,211,0
0,_003,_Stamford,_Stamford,203,238,16,6,1,0,9,1,227,182,26,14,6,0,343,60,2,192,251,21,0,183,218,31,0,316,49,26,0,337,51,0,174,211,20,0,175,207,44,0
0,_003,_Sunderland 3,_Sunderland 3,62,41,5,3,0,0,7,0,71,37,3,2,2,0,99,7,0,50,65,2,1,55,50,3,1,83,13,4,0,92,10,0,59,41,5,0,59,41,6,0
0,_003,_Sunderland 4,_Sunderland 4,219,142,7,3,3,0,20,5,225,139,16,9,8,0,328,35,0,164,227,9,0,191,179,11,0,281,52,13,0,303,47,0,184,155,20,0,193,145,32,1
0,_003,_Winhall,_Winhall,299,158,15,7,2,1,29,6,300,167,29,10,6,1,425,40,3,220,281,17,0,245,229,10,2,374,61,12,1,396,50,1,254,194,15,0,264,194,24,0
0,_003,_Woodford,_Woodford,94,66,6,1,0,1,8,1,114,49,9,4,2,0,154,16,0,83,85,10,0,95,63,5,1,121,23,10,1,129,29,1,88,58,11,0,88,50,22,0
0,_005,_Barnet,_Barnet,485,355,46,21,5,0,37,11,534,367,19,21,12,0,806,88,12,367,553,37,2,436,471,25,3,735,101,42,4,790,80,3,446,373,62,2,499,394,31,1
0,_005,_Burke,_Burke,381,336,34,13,1,1,50,7,424,355,18,15,2,1,686,81,2,256,546,22,1,326,454,22,2,632,73,42,2,673,68,3,343,370,53,0,401,369,27,0
0,_005,_Danville,_Danville,645,494,50,22,4,1,79,14,713,575,19,13,5,0,1122,118,7,411,897,23,1,526,740,23,1,1073,92,45,2,1114,96,1,639,573,35,1,709,541,39,1
0,_005,_Groton,_Groton,159,234,18,16,4,1,44,7,199,257,12,12,3,0,376,75,0,123,345,22,0,136,293,41,1,357,51,24,0,382,44,1,170,230,37,0,217,224,17,0
0,_005,_Hardwick,_Hardwick,651,501,42,49,5,6,102,20,784,514,35,31,16,1,1163,154,5,461,879,53,1,625,698,37,1,1033,183,46,1,1131,119,1,656,523,87,1,761,521,46,1
0,_005,_Kirby,_Kirby,125,96,6,8,0,0,22,6,142,106,5,5,1,1,228,19,1,91,162,9,0,119,133,3,0,207,30,4,0,230,12,0,132,105,14,0,149,96,9,0
0,_005,_Lyndon,_Lyndon,827,883,86,43,8,3,162,50,986,927,68,48,17,0,1664,232,9,572,1410,68,1,753,1192,48,6,1587,180,103,4,1682,190,6,806,958,132,3,962,928,70,2
0,_005,_Newark,_Newark,130,116,16,13,0,0,24,2,142,125,14,15,4,0,224,48,2,79,217,8,0,126,160,13,1,208,28,22,2,217,48,0,127,113,26,0,140,143,10,0
0,_005,_Peacham,_Peacham,291,113,25,11,3,1,18,10,291,168,8,9,4,1,406,44,3,204,260,18,0,240,208,29,0,380,41,17,0,401,36,2,268,163,17,0,278,176,13,1
0,_005,_Ryegate,_Ryegate,252,239,15,12,0,0,19,0,275,242,17,23,0,0,464,67,0,169,376,15,0,216,295,34,1,458,51,15,1,472,49,1,244,258,20,0,293,241,8,0
0,_005,_Sheffield,_Sheffield,110,131,14,6,1,1,35,5,144,125,14,13,5,0,232,47,0,80,210,18,0,121,171,6,1,210,39,21,1,217,48,1,119,121,32,1,155,122,13,1
0,_005,_St. Johnsbury,_St. Johnsbury,1469,1110,125,64,16,4,164,58,1623,1174,96,64,24,4,2469,339,15,1034,1869,108,4,1312,1537,97,4,2354,315,121,6,2499,286,4,1395,1254,183,1,1511,1323,95,1
0,_005,_Stannard,_Stannard,58,22,5,1,1,0,12,1,68,25,0,3,1,0,79,14,0,45,49,8,0,69,33,0,0,73,14,1,0,76,10,0,58,25,6,0,66,25,4,0
0,_005,_Sutton,_Sutton,168,220,24,11,3,0,0,0,210,212,9,17,2,0,360,59,1,108,338,15,0,167,261,9,0,346,43,24,0,378,35,0,167,205,42,0,194,225,10,1
0,_005,_Walden,_Walden,246,168,22,25,3,2,46,7,302,186,6,4,13,1,413,59,6,185,320,14,1,275,230,13,0,381,50,27,2,415,53,1,252,178,45,1,268,219,13,0
0,_005,_Waterford,_Waterford,292,341,37,5,1,0,43,17,310,392,14,14,5,0,571,91,8,183,534,20,2,242,465,18,1,577,51,37,2,605,57,0,269,379,32,1,336,362,14,1
0,_005,_Wheelock,_Wheelock,156,175,13,13,1,1,28,7,201,160,16,12,3,1,304,57,3,126,256,12,3,173,201,8,1,293,45,19,0,302,50,2,156,174,31,1,183,174,14,1
0,_007,_Bolton,_Bolton,389,205,14,8,2,1,48,7,411,219,30,13,3,0,578,70,0,312,353,11,0,383,275,8,2,506,94,21,0,582,50,0,353,247,26,0,474,164,17,0
0,_007,_Buel's Gore,_Buel's Gore,8,2,0,0,0,0,1,0,9,3,0,0,0,0,11,1,0,7,5,0,0,8,4,0,0,9,2,0,0,10,1,0,8,3,0,0,9,2,0,0
0,_007,_Burlington 1,_Burlington 1,3023,855,94,81,9,4,295,73,3219,988,107,56,27,7,3856,308,24,2476,1827,118,7,2695,1525,79,18,3193,713,119,18,3765,308,10,2826,1103,134,5,3497,648,120,6
0,_007,_Burlington 2,_Burlington 2,1697,278,52,90,5,1,133,33,1740,344,94,41,28,3,1951,170,20,1558,641,63,2,1623,517,58,8,1485,540,62,5,1859,198,10,1587,382,89,0,1806,256,86,5
0,_007,_Burlington 3,_Burlington 3,2818,258,71,225,7,4,229,25,2836,287,221,79,77,10,2968,340,21,2729,634,173,8,2905,435,100,14,1931,1104,132,18,2679,450,16,2585,371,196,10,2806,267,219,8
0,_007,_Burlington 4,_Burlington 4,2028,150,44,96,5,2,69,18,1934,192,128,36,27,4,2001,181,8,1837,416,79,0,1797,346,74,13,1426,622,41,2,1850,208,2,1698,249,88,4,1885,166,90,1
0,_007,_Burlington 5,_Burlington 5,3922,460,113,164,2,5,204,51,3952,600,135,66,71,13,4309,296,16,3451,1254,136,9,3523,1032,107,25,3282,987,120,11,4039,354,17,3491,759,141,8,4024,459,140,10
0,_007,_Burlington 6,_Burlington 6,933,74,34,29,1,1,25,22,867,116,61,21,11,2,914,89,4,802,232,37,2,799,186,33,7,689,234,26,4,825,112,4,752,150,50,5,829,112,53,3
0,_007,_Burlington 7,_Burlington 7,98,7,4,4,0,1,9,2,96,13,5,2,3,1,104,13,1,93,24,4,1,99,14,3,1,64,41,5,1,100,13,1,86,18,6,1,94,14,7,1
0,_007,_Charlotte,_Charlotte,1794,512,79,54,6,2,87,30,1826,679,48,23,11,2,2235,152,16,1346,1207,36,1,1481,1003,35,6,1903,286,59,0,2150,134,3,1440,786,61,0,1890,515,45,3
0,_007,_Colchester 1,_Colchester 1,1929,988,107,56,9,8,170,27,2134,1027,77,50,23,6,2841,268,14,1353,1901,63,5,1609,1564,47,6,2457,428,94,11,2851,194,9,1653,1291,94,5,2347,768,89,3
0,_007,_Colchester 2,_Colchester 2,2554,1437,138,64,13,1,228,34,2803,1529,90,63,27,1,3778,371,15,1831,2577,114,6,2129,2194,56,8,3332,562,100,8,3809,260,6,2172,1762,120,3,3181,1031,116,2
0,_007,_Essex 1,_Essex 1,2847,1274,168,54,16,6,277,98,3098,1490,76,45,28,3,4073,344,29,2022,2644,80,5,2382,2195,71,11,3644,509,122,18,4028,292,19,2145,2181,104,2,3369,1122,91,6
0,_007,_Essex 2,_Essex 2,3057,1331,208,84,14,3,268,95,3294,1572,94,52,25,5,4271,410,54,2260,2709,94,5,2550,2304,61,20,3802,599,133,21,4306,307,18,2335,2178,127,5,3546,1214,102,4
0,_007,_Essex 3,_Essex 3,849,425,42,17,1,0,50,25,890,466,24,16,8,1,1209,105,9,582,816,16,1,687,678,9,5,1121,131,24,4,1234,61,2,638,656,24,0,985,352,23,1
0,_007,_Hinesburg 1,_Hinesburg 1,15,4,0,0,0,0,0,0,14,4,0,0,0,0,14,2,0,14,5,0,0,14,5,0,0,13,3,1,0,13,3,0,14,4,0,0,15,4,0,0
0,_007,_Hinesburg 2,_Hinesburg 2,1711,619,81,57,1,2,148,26,1809,732,54,30,19,3,2250,213,15,1345,1241,61,2,1603,945,36,11,1935,347,80,6,2211,171,2,1531,809,71,4,1963,508,71,1
0,_007,_Huntington,_Huntington,788,230,44,35,10,0,100,21,889,268,35,25,5,1,1070,84,1,695,498,31,1,796,381,23,8,916,175,30,1,1031,91,0,771,314,49,0,955,196,39,0
0,_007,_Jericho,_Jericho,2017,890,101,54,9,3,168,83,2115,1062,66,32,17,2,2797,239,19,1548,1702,59,0,1767,1421,32,6,2556,323,84,5,2800,182,10,1712,1248,77,0,2247,857,68,0
0,_007,_Milton - Chittenden 10,_Milton - Chittenden 10,1950,1783,123,63,17,4,315,92,2319,1822,116,0,25,4,3512,464,54,1285,2973,104,11,1702,2502,60,10,3160,557,138,17,3546,364,12,1744,2034,160,4,2806,1302,105,3
0,_007,_Milton - Grand Isle,_Milton - Grand Isle,310,302,26,7,2,0,44,32,343,349,13,13,4,1,549,78,11,199,520,10,0,257,443,9,1,526,74,31,3,582,58,4,281,358,19,2,431,249,21,1
0,_007,_Richmond,_Richmond,1694,515,100,49,9,5,113,39,1763,660,55,30,16,3,2165,181,8,1302,1173,62,1,1463,964,35,4,1911,290,65,2,2145,158,3,1442,776,71,3,1855,501,61,2
0,_007,_Shelburne 1,_Shelburne 1,1930,445,51,48,4,1,105,35,1972,589,32,30,10,2,2323,142,2,1509,1088,35,3,1547,945,42,10,1978,286,51,5,2227,130,3,1596,740,49,0,2008,466,41,0
0,_007,_Shelburne 2,_Shelburne 2,1460,496,60,31,4,1,81,34,1487,625,25,13,20,2,1862,135,6,1031,1089,37,1,1117,970,18,6,1699,200,43,3,1860,108,3,1166,776,45,1,1594,456,39,1
0,_007,_South Burlington 1,_South Burlington 1,1899,433,67,39,3,1,102,38,1938,560,41,19,17,2,2286,145,6,1478,1076,34,0,1546,919,39,4,1945,328,43,1,2202,160,2,1583,704,64,1,2056,388,51,0
0,_007,_South Burlington 2,_South Burlington 2,2064,652,97,35,4,1,90,52,2091,806,36,23,15,3,2608,180,12,1443,1482,45,3,1570,1282,30,9,2283,308,62,7,2503,175,6,1631,993,60,3,2242,580,31,2
0,_007,_South Burlington 3,_South Burlington 3,1810,423,69,61,5,1,101,25,1827,527,73,38,18,2,2189,151,8,1508,945,49,1,1608,748,50,4,1799,397,50,0,2082,190,2,1550,614,88,1,1941,374,64,1
0,_007,_South Burlington 4,_South Burlington 4,1473,551,89,61,7,1,118,28,1504,659,58,31,51,4,1922,216,9,1157,1106,57,1,1287,920,35,7,1642,364,62,1,1902,189,2,1317,719,89,0,1718,462,53,0
0,_007,_St. George,_St. George,200,110,7,6,1,1,29,4,219,113,8,5,3,0,305,30,0,134,207,10,0,176,161,7,0,268,47,3,0,310,19,0,186,129,12,0,250,79,9,2
0,_007,_Underhill,_Underhill,1238,504,55,26,2,1,104,34,1308,573,36,20,14,3,1643,165,5,936,990,37,0,1095,803,23,0,1461,209,68,2,1640,130,1,1051,702,42,0,1363,489,35,1
0,_007,_Westford,_Westford,696,371,58,22,5,5,88,24,782,420,25,14,14,0,1045,114,8,494,732,35,0,609,592,28,4,911,143,52,1,1022,100,1,578,508,49,0,832,344,30,0
0,_007,_Williston,_Williston,3508,1481,195,69,15,2,252,80,3669,1754,75,71,25,9,4749,413,11,2371,3153,93,2,2747,2640,53,4,4321,521,126,3,4737,306,0,2812,2140,133,2,3923,1355,96,2
0,_007,_Winooski,_Winooski,2105,536,78,107,14,7,182,39,2180,606,115,60,37,8,2536,270,9,1885,1057,90,2,1999,859,72,5,1998,605,113,3,2424,299,2,1938,672,145,2,2309,446,122,1
0,_009,_Averill,_Averill,4,5,0,0,0,0,0,1,5,4,0,0,0,0,7,1,0,3,6,0,0,3,5,0,0,7,1,0,0,7,1,0,3,4,1,0,4,4,1,0
0,_009,_Avery's Gore,_Avery's Gore,0,0,0,0,0,0,0,0,0,0,0,0,0,0,0,0,0,0,0,0,0,0,0,0,0,0,0,0,0,0,0,0,0,0,0,0,0,0,0,0
0,_009,_Bloomfield,_Bloomfield,30,52,8,6,1,1,0,12,54,44,7,6,1,0,83,18,0,36,70,2,3,41,61,4,0,80,14,8,1,80,18,0,38,45,12,1,54,43,7,0
0,_009,_Brighton,_Brighton,227,273,17,8,1,0,24,5,272,237,16,18,4,0,417,94,5,136,384,26,1,195,320,18,0,394,60,37,3,416,83,1,195,228,74,0,275,219,27,0
0,_009,_Brunswick,_Brunswick,21,28,2,0,1,0,4,0,27,25,1,2,0,0,49,5,0,10,47,1,0,18,36,0,0,44,3,2,0,43,5,0,19,26,4,0,29,24,1,0
0,_009,_Canaan,_Canaan,175,202,12,2,3,0,0,26,208,168,15,15,6,0,328,58,2,124,271,13,0,152,224,12,1,294,43,21,1,304,53,0,133,200,36,0,193,170,23,0
0,_009,_Concord,_Concord,181,292,30,3,2,1,45,10,221,298,23,13,8,0,446,83,2,130,408,28,0,198,339,22,0,411,66,30,2,438,72,1,196,291,26,0,252,269,27,0
0,_009,_East Haven,_East Haven,51,70,2,6,2,1,11,3,75,60,7,0,2,0,108,24,1,34,106,5,0,53,81,8,0,110,8,15,1,99,30,1,43,73,18,0,65,64,9,0
0,_009,_Ferdinand,_Ferdinand,2,3,0,0,0,0,0,0,3,2,0,0,0,0,4,1,0,1,4,0,0,2,3,0,0,4,1,0,0,4,1,0,2,2,1,0,3,2,0,0
0,_009,_Granby,_Granby,12,22,1,3,0,0,3,0,27,13,0,0,1,0,36,5,0,10,33,0,0,17,24,0,0,30,2,3,0,32,5,0,13,20,2,0,21,18,1,0
0,_009,_Guildhall,_Guildhall,40,76,10,3,0,0,15,0,64,72,5,3,0,0,116,11,0,51,92,1,0,48,87,4,1,104,16,4,0,118,12,0,51,79,3,0,65,69,2,1
0,_009,_Lemington,_Lemington,18,28,6,1,0,0,2,0,24,26,3,4,0,0,49,3,0,12,43,1,0,23,33,1,0,30,17,5,0,44,6,0,17,30,5,0,20,29,3,0
0,_009,_Lewis,_Lewis,0,0,0,0,0,0,0,0,0,0,0,0,0,0,0,0,0,0,0,0,0,0,0,0,0,0,0,0,0,0,0,0,0,0,0,0,0,0,0,0
0,_009,_Lunenburg,_Lunenburg,171,311,20,9,1,2,30,9,232,277,14,20,4,0,424,82,2,121,403,26,0,176,334,24,0,390,57,43,2,406,80,2,148,318,36,0,213,296,15,0
0,_009,_Maidstone,_Maidstone,39,60,6,1,1,0,5,5,56,52,2,2,0,0,93,14,2,33,77,4,0,35,75,1,0,97,3,3,0,92,8,0,29,67,4,0,42,66,0,0
0,_009,_Norton,_Norton,30,46,4,0,0,0,4,0,35,42,2,3,1,0,73,8,0,19,64,3,0,23,60,1,0,65,9,6,0,69,9,0,27,43,9,0,40,38,3,0
0,_009,_Victory,_Victory,18,38,3,1,0,0,5,0,21,36,1,0,2,0,32,16,0,16,48,1,0,15,46,2,0,42,6,1,0,42,11,0,26,28,1,0,32,31,2,0
0,_009,_Warner's Grant,_Warner's Grant,0,0,0,0,0,0,0,0,0,0,0,0,0,0,0,0,0,0,0,0,0,0,0,0,0,0,0,0,0,0,0,0,0,0,0,0,0,0,0,0
0,_009,_Warren's Gore,_Warren's Gore,0,0,0,0,0,0,0,0,0,0,0,0,0,0,0,0,0,0,0,0,0,0,0,0,0,0,0,0,0,0,0,0,0,0,0,0,0,0,0,0
0,_011,_Bakersfield,_Bakersfield,295,209,22,10,4,1,48,8,364,202,14,14,1,0,494,78,3,186,386,25,0,231,343,11,0,436,86,27,1,480,56,0,270,248,32,0,369,180,21,0
0,_011,_Berkshire,_Berkshire,209,308,26,5,8,1,50,2,318,272,14,7,4,0,514,75,1,148,444,20,0,181,419,8,0,495,59,21,1,529,46,1,267,297,22,0,345,238,14,0
0,_011,_Enosburgh,_Enosburgh,502,429,57,22,8,6,166,5,715,401,37,30,14,1,1051,100,3,375,787,44,0,468,706,19,0,904,185,38,0,997,119,1,580,466,79,0,772,351,38,0
0,_011,_Fairfax,_Fairfax,1063,947,113,42,6,0,166,28,1286,1023,46,37,15,0,1969,279,4,775,1571,57,3,924,1401,39,0,1817,262,113,1,1974,214,1,1000,1138,94,1,1464,791,62,1
0,_011,_Fairfield,_Fairfield,489,338,41,12,0,1,45,18,585,320,13,15,7,0,822,88,7,277,649,22,0,341,587,8,0,736,114,24,1,810,71,1,486,372,25,0,640,249,17,0
0,_011,_Fletcher,_Fletcher,336,240,31,23,3,1,61,6,414,248,19,12,4,1,591,65,6,261,428,13,0,317,357,14,2,537,87,22,0,589,60,0,327,292,29,0,454,210,11,0
0,_011,_Franklin,_Franklin,229,296,33,4,4,0,51,11,305,304,7,6,7,0,510,69,3,145,470,15,0,161,455,7,0,501,57,18,1,525,55,1,215,334,35,0,344,253,17,0
0,_011,_Georgia,_Georgia,1019,1023,90,38,8,3,173,43,1224,1086,48,40,14,0,1990,255,18,640,1729,44,2,767,1588,18,2,1862,257,71,11,2052,153,6,909,1249,94,1,1483,818,51,2
0,_011,_Highgate,_Highgate,474,699,42,11,7,3,132,18,666,651,37,16,9,1,1156,156,9,303,1047,39,1,344,1016,17,0,1113,142,38,5,1162,126,4,536,700,73,1,799,513,36,0
0,_011,_Montgomery,_Montgomery,302,231,21,19,3,1,0,81,385,210,31,21,6,0,527,78,0,267,339,38,0,347,270,12,0,439,116,34,0,517,71,0,334,217,42,0,399,192,29,0
0,_011,_Richford,_Richford,324,388,21,15,3,0,71,5,467,322,17,20,6,1,701,93,2,252,555,26,1,287,513,20,0,655,89,35,1,677,106,1,383,357,51,0,491,296,29,0
0,_011,_Sheldon,_Sheldon,305,377,31,11,2,1,73,15,422,359,11,10,5,0,716,62,2,187,617,13,0,211,583,7,0,646,92,30,5,699,73,2,336,393,43,1,510,264,20,0
0,_011,_St. Albans City,_St. Albans City,1287,807,120,43,12,3,194,39,1584,773,82,44,18,3,2181,225,14,976,1469,65,1,1032,1401,39,3,1947,316,81,8,2145,220,10,1270,971,114,6,1693,677,73,1
0,_011,_St. Albans Town 1,_St. Albans Town 1,465,392,45,9,4,0,70,32,595,409,10,10,5,0,860,93,10,303,699,21,1,295,704,12,1,808,93,34,6,864,79,4,433,493,38,2,656,322,19,2
0,_011,_St. Albans Town 2,_St. Albans Town 2,951,876,61,23,10,3,142,31,1182,820,48,35,11,5,1768,209,19,600,1455,46,4,629,1425,29,6,1650,186,75,11,1793,146,7,914,969,76,3,1321,660,56,4
0,_011,_Swanton,_Swanton,1101,1192,82,33,6,2,214,40,1436,1126,59,38,14,4,2228,282,24,730,1867,82,2,701,1917,33,9,2091,293,102,14,2293,226,12,1131,1293,126,5,1655,913,60,1
0,_013,_Alburgh,_Alburgh,372,399,29,8,5,0,71,4,485,353,30,11,5,0,725,114,3,278,583,31,0,347,512,16,1,662,113,44,0,718,100,2,402,386,47,1,544,294,30,0
0,_013,_Grand Isle,_Grand Isle,594,431,39,13,6,2,79,10,676,457,16,22,7,1,1000,120,9,387,773,23,1,500,637,23,1,935,120,34,5,1030,78,2,570,504,44,0,805,334,19,1
0,_013,_Isle La Motte,_Isle La Motte,136,140,12,5,0,0,11,2,148,133,11,4,2,0,234,39,2,92,204,10,0,114,178,5,0,212,41,14,1,241,31,1,131,135,15,0,189,98,7,0
0,_013,_North Hero,_North Hero,320,216,15,6,0,1,53,10,338,256,9,17,2,2,540,62,2,201,414,14,2,264,347,11,0,503,66,18,1,556,36,0,281,305,11,1,417,180,16,0
0,_013,_South Hero,_South Hero,672,301,36,18,3,0,75,15,716,357,24,19,9,0,956,100,4,464,641,21,1,543,555,9,1,864,130,32,2,968,71,3,584,414,30,0,810,265,18,0
0,_015,_Belvidere,_Belvidere,53,85,7,1,0,0,0,12,73,80,2,3,1,0,135,15,1,40,115,6,0,56,95,2,1,110,21,8,1,117,20,1,50,84,10,0,80,69,6,0
0,_015,_Cambridge,_Cambridge,1067,520,89,41,6,3,165,37,1205,580,94,34,13,1,1661,169,22,808,1068,56,2,1038,818,38,7,1472,234,75,8,1632,166,7,1005,700,91,2,1319,472,70,2
0,_015,_Eden,_Eden,221,241,17,18,2,1,59,2,272,247,22,10,2,0,447,73,1,141,402,20,0,232,311,6,0,398,73,21,0,434,61,1,233,246,28,0,322,202,11,0
0,_015,_Elmore,_Elmore,339,132,19,16,0,0,29,6,358,168,9,9,2,0,471,44,0,254,281,15,0,301,227,7,0,405,69,15,0,454,43,0,299,181,20,0,350,156,19,0
0,_015,_Hyde Park,_Hyde Park,788,475,48,37,5,2,156,20,910,555,30,30,9,1,1305,140,4,533,971,43,1,755,728,23,3,1185,185,48,4,1300,118,4,772,587,74,2,995,444,42,0
0,_015,_Johnson,_Johnson,691,395,45,48,2,1,124,16,774,420,73,29,7,2,1060,161,2,535,724,43,1,734,519,27,1,945,192,53,1,1044,145,0,679,454,78,1,834,342,70,2
0,_015,_Morristown,_Morristown,1550,741,81,89,9,7,191,39,1702,870,81,43,21,0,2356,221,13,1095,1566,76,1,1406,1201,41,9,2062,332,85,5,2252,231,2,1381,947,129,2,1798,709,82,1
0,_015,_Stowe,_Stowe,1974,559,113,39,3,0,102,51,1950,791,60,33,14,3,2459,173,11,1421,1372,1,2,1542,1191,47,4,2119,301,68,7,2324,182,4,1429,978,120,5,1861,723,72,2
0,_015,_Waterville,_Waterville,161,146,14,10,1,1,36,6,185,168,11,3,5,0,306,35,6,120,246,10,0,157,205,6,0,264,41,20,1,287,40,1,144,167,20,0,223,123,10,0
0,_015,_Wolcott,_Wolcott,397,276,24,27,3,1,63,7,473,284,22,18,5,0,679,80,3,295,477,29,0,400,362,17,4,606,105,23,5,655,80,3,390,301,51,0,499,240,25,0
0,_017,_Bradford,_Bradford,624,409,42,23,2,2,67,27,692,433,34,20,9,3,990,131,9,514,660,29,2,590,496,74,6,894,145,51,3,956,122,2,566,460,70,2,730,376,41,3
0,_017,_Braintree,_Braintree,289,217,21,9,1,0,49,7,321,241,17,6,8,0,499,58,3,253,329,20,0,289,286,5,2,467,57,22,1,492,48,1,282,242,22,1,340,210,23,0
0,_017,_Brookfield,_Brookfield,378,231,34,26,10,0,59,11,396,324,14,17,3,1,616,89,4,287,442,23,1,357,373,12,3,569,85,44,1,608,87,1,363,303,42,0,454,256,28,0
0,_017,_Chelsea,_Chelsea,304,273,22,12,4,0,34,11,295,336,18,10,7,0,525,75,6,200,457,10,0,265,377,9,0,501,60,21,3,524,57,1,272,302,32,0,331,269,30,0
0,_017,_Corinth,_Corinth,308,264,19,14,3,1,56,12,356,282,24,9,8,1,532,88,3,265,394,23,1,291,321,57,0,480,80,50,3,518,82,3,307,284,38,0,379,243,31,0
0,_017,_Fairlee,_Fairlee,350,149,17,11,5,0,26,8,346,185,21,5,3,1,486,49,2,285,263,19,0,307,211,29,0,407,79,27,0,456,54,0,305,190,25,0,367,143,21,0
0,_017,_Newbury,_Newbury,528,403,28,21,4,2,67,11,595,406,24,23,18,0,896,106,1,446,604,29,0,469,461,117,1,822,109,43,1,855,113,0,498,426,56,0,602,379,38,0
0,_017,_Orange,_Orange,186,265,22,17,3,1,38,6,211,298,16,10,0,0,435,62,1,116,416,9,1,186,330,11,0,436,37,27,0,446,52,0,187,289,30,0,278,222,22,0
0,_017,_Randolph,_Randolph,1160,737,78,67,11,2,170,29,1272,857,60,43,23,3,1838,277,15,867,1337,61,2,1101,1044,57,6,1706,212,118,4,1802,243,4,1117,837,138,1,1328,717,115,1
0,_017,_Strafford,_Strafford,500,105,24,30,1,0,25,8,492,158,20,14,8,2,620,46,0,439,233,18,0,492,177,10,0,503,90,34,0,578,47,0,455,142,31,0,523,120,20,6
0,_017,_Thetford,_Thetford,1145,324,45,34,2,1,73,21,1177,387,25,22,14,1,1453,100,6,1011,582,37,2,1064,455,43,3,1216,182,69,4,1328,118,5,1011,374,81,2,1144,334,65,2
0,_017,_Topsham,_Topsham,226,274,19,8,7,1,36,3,244,307,6,9,4,0,461,60,1,146,418,13,2,210,314,43,0,439,46,27,0,461,50,0,217,268,32,0,285,235,19,1
0,_017,_Tunbridge,_Tunbridge,349,242,21,22,2,0,61,5,372,298,17,11,9,1,592,69,0,286,408,17,0,346,331,18,1,529,78,34,2,583,57,1,358,250,44,0,436,209,31,0
0,_017,_Vershire,_Vershire,189,118,10,18,2,0,25,2,216,118,15,4,3,1,297,39,1,165,187,9,0,194,133,23,1,257,45,19,0,280,39,0,187,116,24,0,219,105,17,0
0,_017,_Washington,_Washington,217,241,24,11,4,0,34,5,209,327,6,6,2,0,434,71,3,133,405,13,0,194,329,10,0,430,35,21,1,429,49,1,200,272,26,0,316,188,19,0
0,_017,_West Fairlee,_West Fairlee,161,97,15,2,0,1,21,0,166,100,13,6,6,1,246,40,1,127,160,8,0,156,118,13,1,215,33,23,0,231,37,0,148,106,17,0,184,79,24,0
0,_017,_Williamstown,_Williamstown,627,658,72,25,10,1,135,13,713,766,26,24,17,2,1292,162,10,361,1164,31,0,540,947,29,1,1259,121,58,3,1291,130,4,644,718,76,1,924,524,41,1
0,_019,_Albany,_Albany,207,183,13,9,3,3,31,1,225,196,12,14,5,0,364,58,1,114,320,22,1,186,252,13,0,353,48,27,0,372,51,0,207,176,44,0,261,158,20,0
0,_019,_Barton,_Barton,502,425,32,5,4,1,80,20,577,441,22,25,5,0,847,138,5,299,732,38,1,410,613,22,2,823,110,41,1,866,110,2,444,431,114,0,566,418,41,0
0,_019,_Brownington,_Brownington,146,193,8,2,1,0,39,2,187,175,7,13,3,0,306,53,4,109,273,13,0,148,230,4,0,299,41,11,0,305,40,1,153,159,39,0,198,166,4,0
0,_019,_Charleston,_Charleston,184,210,17,13,2,7,28,3,219,199,8,23,8,0,324,103,3,136,308,24,0,203,235,15,2,332,51,35,2,353,62,1,159,178,85,0,234,189,22,0
0,_019,_Coventry,_Coventry,196,244,16,5,2,1,41,5,255,215,11,21,1,1,424,57,1,135,366,9,0,204,276,10,0,400,44,17,1,410,48,2,208,199,55,0,304,167,14,1
0,_019,_Craftsbury,_Craftsbury,435,153,26,25,3,0,37,8,440,189,17,14,15,0,555,69,1,259,379,43,0,372,266,18,1,471,85,26,1,533,58,0,370,176,48,0,450,161,23,0
0,_019,_Derby,_Derby,885,1004,82,36,3,0,122,50,1073,980,28,82,15,2,1779,249,11,527,1591,64,2,814,1284,39,2,1681,217,73,7,1776,202,3,846,945,221,1,1161,872,64,0
0,_019,_Glover,_Glover,290,193,31,15,2,0,43,11,317,232,15,15,6,0,481,72,0,168,389,35,1,263,305,18,0,452,64,29,1,478,66,0,266,215,67,0,332,208,29,0
0,_019,_Greensboro,_Greensboro,271,96,12,11,1,0,31,4,291,117,8,5,2,0,371,37,4,182,226,17,0,235,165,11,2,322,51,12,0,356,32,1,252,114,26,0,257,136,12,0
0,_019,_Holland,_Holland,81,175,10,2,1,0,31,2,103,166,9,17,4,0,221,58,0,55,233,11,0,102,183,6,0,201,41,20,0,232,33,0,94,139,36,0,137,133,11,0
0,_019,_Irasburg,_Irasburg,194,284,27,2,0,0,39,8,245,292,4,15,3,1,456,60,1,109,445,10,0,183,356,9,0,442,43,20,0,459,41,0,217,260,48,1,289,228,19,0
0,_019,_Jay,_Jay,113,101,6,3,1,0,17,4,134,72,23,9,0,0,204,22,2,73,162,9,0,117,111,5,0,186,24,6,0,193,22,0,101,99,20,0,151,73,7,0
0,_019,_Lowell,_Lowell,123,250,11,4,3,2,34,6,183,215,12,12,2,0,333,60,4,75,333,21,0,137,271,8,1,300,56,22,2,329,52,0,144,214,40,0,204,200,9,0
0,_019,_Morgan,_Morgan,101,197,10,2,1,0,19,7,125,197,5,3,5,0,266,45,1,74,258,7,0,83,232,19,0,258,33,15,0,278,30,0,107,185,21,0,148,167,11,0
0,_019,_Newport City,_Newport City,721,614,34,19,4,1,0,150,797,634,43,44,13,2,1261,190,5,489,970,76,4,664,808,34,2,1199,159,68,2,1280,140,4,709,603,146,0,892,550,52,2
0,_019,_Newport Town,_Newport Town,256,338,31,16,3,3,54,2,312,341,19,22,3,0,554,84,2,155,518,23,1,252,420,8,0,508,88,22,2,560,64,1,271,305,60,2,361,280,22,0
0,_019,_Troy - Lamoille,_Troy - Lamoille,180,208,13,7,3,0,61,5,226,219,18,5,2,0,392,49,0,134,325,19,0,210,249,8,0,355,52,23,0,379,54,0,210,184,50,0,265,174,17,0
0,_019,_Troy - Orleans 2,_Troy - Orleans 2,63,75,6,3,1,0,20,1,81,84,5,2,1,0,145,16,1,46,122,5,0,74,93,3,0,128,25,7,0,144,14,0,62,79,17,0,96,66,6,0
0,_019,_Westfield,_Westfield,134,123,6,11,1,0,24,4,148,130,7,8,4,1,244,35,3,98,194,10,1,135,154,4,0,222,42,10,0,243,33,0,144,119,23,0,166,111,13,0
0,_019,_Westmore,_Westmore,103,93,7,4,1,0,7,1,95,105,3,7,4,1,168,25,0,62,147,11,0,92,116,6,0,164,20,5,1,175,20,0,89,88,21,0,102,104,6,0
0,_021,_Benson,_Benson,216,232,23,10,3,2,19,3,248,224,16,8,8,2,406,68,4,166,329,13,1,204,281,9,1,361,69,27,2,378,80,2,192,241,29,2,265,189,26,1
0,_021,_Brandon,_Brandon,924,723,49,33,8,2,100,32,1056,740,47,23,9,2,1564,199,8,671,1168,47,1,870,933,40,0,1466,175,73,1,1520,183,1,847,783,95,0,1100,643,60,0
0,_021,_Castleton,_Castleton,795,808,39,22,6,3,94,24,893,759,56,31,15,1,1450,203,9,543,1147,78,0,692,973,52,3,1311,187,93,4,1381,211,4,672,860,102,0,901,707,69,1
0,_021,_Chittenden,_Chittenden,352,312,21,11,2,0,35,18,380,334,17,10,6,0,619,63,2,246,479,22,2,301,410,22,1,568,67,35,2,588,76,1,292,358,36,0,376,305,26,1
0,_021,_Clarendon,_Clarendon,470,641,35,11,2,0,76,7,558,633,27,19,8,0,997,149,13,361,861,26,0,443,759,20,2,960,110,62,5,991,136,3,439,650,64,0,622,533,36,1
0,_021,_Danby,_Danby,252,291,39,15,4,5,32,3,295,299,28,15,7,0,513,91,0,206,415,27,0,252,350,30,0,495,59,30,0,505,78,0,245,309,45,0,291,283,41,0
0,_021,_Fair Haven,_Fair Haven,478,529,23,17,5,1,79,17,574,506,34,19,10,0,952,126,5,361,741,38,2,456,627,36,2,877,136,43,3,911,147,2,445,552,64,0,619,437,42,0
0,_021,_Hubbardton,_Hubbardton,188,163,12,6,3,2,12,3,192,168,13,10,3,0,308,49,4,141,235,10,1,173,198,7,0,291,45,19,2,296,48,1,158,174,29,0,195,163,11,0
0,_021,_Ira,_Ira,102,103,8,19,1,0,8,3,111,123,5,0,3,0,209,17,0,68,161,12,0,89,146,3,0,193,17,4,0,196,18,0,88,126,9,0,117,105,5,0
0,_021,_Killington,_Killington,357,232,29,10,2,0,28,3,357,254,33,7,2,2,535,66,0,248,383,23,2,290,324,22,0,473,67,47,0,503,80,0,271,291,36,0,335,247,34,0
0,_021,_Mendon,_Mendon,302,268,26,10,3,0,20,9,322,301,9,7,5,1,533,54,6,221,408,16,1,252,372,8,2,511,54,24,3,530,55,2,242,324,20,1,315,263,21,1
0,_021,_Middletown Springs,_Middletown Springs,233,179,8,18,7,1,0,38,267,195,8,11,2,0,390,47,1,198,266,19,1,226,235,11,1,354,64,18,1,374,56,0,217,207,22,0,265,176,20,0
0,_021,_Mount Holly,_Mount Holly,337,325,25,15,4,0,55,3,384,316,35,13,9,1,594,107,2,285,447,30,0,335,384,18,1,572,73,42,2,583,102,2,314,332,46,0,383,290,44,0
0,_021,_Mount Tabor,_Mount Tabor,45,42,5,0,0,0,2,1,52,41,0,1,1,0,73,10,1,31,62,1,0,37,51,3,0,67,12,4,1,73,12,0,40,41,5,0,50,34,5,0
0,_021,_Pawlet,_Pawlet,368,311,23,9,3,1,36,3,413,282,27,13,7,0,617,66,2,316,413,22,0,350,363,19,0,564,94,22,0,588,89,0,338,317,40,0,389,292,35,0
0,_021,_Pittsfield,_Pittsfield,147,114,8,5,0,0,17,3,153,117,12,6,0,2,255,27,0,120,163,11,1,134,144,9,0,218,29,22,0,232,35,0,139,117,12,0,170,92,14,0
0,_021,_Pittsford,_Pittsford,668,669,65,19,2,3,72,29,746,720,31,19,8,3,1239,159,21,431,1055,44,2,576,879,38,5,1185,114,55,7,1217,133,6,600,707,85,3,800,599,54,1
0,_021,_Poultney,_Poultney,652,599,49,37,6,4,83,10,765,565,50,28,20,0,1170,168,6,516,873,43,1,639,716,39,2,1049,174,76,3,1112,172,5,593,640,85,2,754,540,64,1
0,_021,_Proctor,_Proctor,385,339,34,12,8,1,55,10,476,339,21,13,1,1,734,75,5,269,543,32,2,363,449,22,4,674,70,37,0,707,75,1,364,380,35,0,484,293,30,0
0,_021,_Rutland City 1,_Rutland City 1,1162,845,68,27,6,0,92,45,1247,883,59,18,10,0,1865,175,25,788,1390,58,2,948,1188,27,2,1743,162,75,11,1746,191,10,934,938,88,4,1336,724,48,1
0,_021,_Rutland City 2,_Rutland City 2,911,704,44,34,8,1,114,27,1011,714,64,22,15,1,1533,181,11,692,1081,61,8,827,899,47,5,1402,165,79,15,1452,182,14,807,744,99,7,1089,579,72,2
0,_021,_Rutland City 3,_Rutland City 3,587,557,42,24,3,2,110,20,714,500,61,27,24,4,1080,166,16,482,791,50,5,581,669,39,5,980,155,66,10,1004,185,13,549,557,103,5,745,452,58,5
0,_021,_Rutland City 4,_Rutland City 4,835,628,55,24,4,3,96,19,936,601,69,24,14,2,1374,161,13,649,928,82,2,746,816,38,4,1264,141,82,9,1304,175,7,761,647,88,2,990,514,61,2
0,_021,_Rutland Town,_Rutland Town,1064,979,88,19,8,1,98,41,1179,1024,40,28,12,1,1942,160,14,732,1519,42,2,811,1375,40,4,1841,144,73,5,1881,164,3,917,1123,68,3,1239,882,59,3
0,_021,_Shrewsbury,_Shrewsbury,325,269,16,9,1,2,28,11,357,276,15,6,6,1,558,51,5,279,356,22,7,269,334,47,3,491,70,55,1,557,48,2,318,279,25,2,375,243,19,1
0,_021,_Sudbury,_Sudbury,163,122,12,3,2,0,13,4,174,132,8,4,2,0,258,38,1,118,194,10,0,153,163,2,0,250,25,16,1,264,23,1,162,125,9,0,203,98,10,0
0,_021,_Tinmouth - Bennington,_Tinmouth - Bennington,105,91,13,2,0,0,8,0,113,91,7,6,3,1,175,28,3,94,122,3,1,111,103,4,1,163,33,10,1,176,30,1,111,87,15,0,118,86,10,1
0,_021,_Tinmouth - Rutland 2,_Tinmouth - Rutland 2,34,32,2,1,0,0,7,1,47,27,1,2,0,0,67,8,0,31,39,8,0,36,38,3,0,60,10,4,0,63,11,0,36,34,3,0,43,29,3,0
0,_021,_Wallingford,_Wallingford,529,463,35,22,4,1,47,12,567,491,31,10,8,0,917,113,7,399,670,42,0,474,588,22,1,842,109,44,7,882,103,2,460,497,48,0,575,431,44,0
0,_021,_Wells,_Wells,209,312,17,6,2,0,22,7,260,286,14,12,4,0,470,69,3,181,377,17,2,212,325,21,1,419,73,28,4,442,77,1,204,301,29,0,239,276,36,0
0,_021,_West Haven,_West Haven,56,56,0,7,1,0,13,0,68,64,3,3,0,0,118,17,0,35,100,2,0,56,83,0,0,110,14,8,0,116,13,0,51,77,4,0,74,49,4,0
0,_021,_West Rutland,_West Rutland,384,541,33,10,4,1,53,10,489,487,33,17,8,1,827,150,10,277,727,39,0,358,633,30,1,800,105,63,5,834,126,4,383,531,60,1,520,424,56,1
0,_023,_Barre City,_Barre City,1653,1091,109,66,21,2,232,42,1784,1279,89,58,28,2,2701,351,21,1043,2115,83,3,1485,1632,77,1,2710,236,106,7,2732,291,12,1589,1297,181,0,2074,976,92,3
0,_023,_Barre Town,_Barre Town,1760,1862,139,55,22,6,258,66,1875,2225,70,45,22,3,3511,422,33,909,3282,59,3,1408,2691,72,1,3662,213,89,9,3660,269,10,1677,2160,161,2,2528,1517,65,2
0,_023,_Berlin,_Berlin,658,454,51,31,7,1,128,26,720,581,34,19,17,0,1135,137,11,406,945,25,0,597,717,28,2,1113,109,39,1,1158,100,0,661,555,62,0,874,403,43,1
0,_023,_Cabot,_Cabot,394,252,37,32,4,0,64,10,454,285,25,13,8,1,643,65,9,333,432,29,0,414,339,13,2,574,104,29,0,621,71,1,406,256,49,0,460,258,24,0
0,_023,_Calais,_Calais,688,195,21,42,3,1,58,12,716,247,23,15,16,0,865,97,7,552,443,28,1,661,327,20,2,757,132,40,1,846,86,3,654,243,46,1,737,203,36,0
0,_023,_Duxbury,_Duxbury,434,196,38,18,6,2,82,9,455,280,20,13,10,0,649,84,3,305,464,19,0,381,366,19,2,589,89,26,0,665,54,2,411,266,36,0,530,199,27,0
0,_023,_East Montpelier,_East Montpelier,1032,356,41,62,2,1,100,16,1097,429,26,30,19,1,1392,131,9,794,796,25,2,926,616,30,14,1285,183,32,1,1391,107,1,993,454,53,1,1172,338,39,1
0,_023,_Fayston,_Fayston,586,142,21,23,1,0,42,8,584,201,22,14,5,1,711,65,2,423,384,18,1,482,295,11,4,627,87,22,0,692,48,0,470,235,29,0,567,174,23,0
0,_023,_Marshfield,_Marshfield,417,284,27,51,4,0,71,10,482,317,27,15,14,1,680,109,4,367,476,26,0,465,370,23,0,614,122,47,1,681,95,0,469,300,41,0,533,266,30,1
0,_023,_Middlesex,_Middlesex,719,228,31,47,5,1,67,13,780,283,19,20,11,2,947,102,6,582,515,24,1,683,390,31,1,884,101,38,3,934,81,4,702,275,50,2,805,203,40,3
0,_023,_Montpelier,_Montpelier,3698,492,98,208,7,4,228,36,3767,728,130,73,52,3,4260,296,8,3172,1515,88,7,3386,1145,95,14,3732,575,103,6,4107,303,6,3406,794,173,10,3798,561,177,5
0,_023,_Moretown,_Moretown,649,216,42,22,3,0,76,12,696,279,23,16,11,1,881,83,4,462,551,25,1,569,414,12,0,767,113,34,0,872,57,1,573,287,49,0,728,204,32,0
0,_023,_Northfield,_Northfield,1113,708,105,49,10,2,130,30,1235,837,57,50,20,1,1847,195,12,718,1463,42,1,983,1125,46,0,1753,196,52,3,1809,188,3,1090,835,97,0,1426,626,59,0
0,_023,_Plainfield,_Plainfield,424,129,16,42,3,2,53,7,444,180,21,14,13,1,563,72,3,383,278,16,0,417,212,30,2,486,105,24,1,549,57,0,429,172,28,0,485,133,29,0
0,_023,_Roxbury,_Roxbury,186,118,21,14,1,0,28,7,208,139,14,5,7,0,311,35,2,149,219,11,0,193,171,8,0,280,46,17,1,300,37,0,196,132,18,0,242,108,18,0
0,_023,_Waitsfield,_Waitsfield,751,210,29,35,6,0,74,6,784,275,25,20,10,0,967,85,0,573,527,25,1,667,391,18,2,833,123,39,0,921,91,1,634,300,56,0,772,228,40,0
0,_023,_Warren,_Warren,752,182,45,25,4,0,62,9,743,249,34,27,9,0,908,92,1,611,438,31,0,674,347,18,0,757,156,45,1,865,101,0,641,269,53,0,739,220,47,0
0,_023,_Waterbury,_Waterbury,2035,592,91,44,16,1,231,30,2120,780,71,37,17,1,2628,212,8,1465,1552,46,4,1680,1221,48,10,2362,297,74,7,2534,192,4,1738,878,105,3,2203,606,63,1
0,_023,_Woodbury,_Woodbury,271,169,18,18,3,2,44,2,276,175,23,14,44,0,437,58,3,204,305,23,0,283,228,12,2,389,70,23,0,437,44,0,285,176,31,0,358,136,18,0
0,_023,_Worcester,_Worcester,374,117,19,27,3,1,48,5,408,145,11,15,12,2,509,61,2,305,277,15,0,370,201,16,2,471,76,15,1,502,53,1,383,148,34,1,433,120,26,1
0,_025,_Athens,_Athens,69,61,6,8,1,0,0,21,92,48,15,5,3,0,126,30,0,71,79,13,1,75,70,9,0,112,22,16,0,110,41,0,68,62,23,0,76,62,17,0
0,_025,_Brattleboro 1,_Brattleboro 1,1489,426,31,51,5,1,127,13,1518,422,64,43,61,1,1832,158,5,1417,625,72,3,1418,569,46,1,1503,316,70,0,1546,368,3,1320,500,107,1,1385,490,114,1
0,_025,_Brattleboro 2,_Brattleboro 2,1367,216,32,110,3,4,122,13,1387,207,79,52,99,1,1574,180,1,1418,327,85,2,1410,293,72,0,1245,343,77,1,1280,398,2,1291,239,145,0,1348,238,135,0
0,_025,_Brattleboro 3,_Brattleboro 3,1491,217,32,75,1,1,95,15,1442,244,75,31,83,2,1613,166,4,1451,369,76,1,1433,329,67,3,1263,346,91,1,1351,344,0,1297,279,134,0,1385,265,131,0
0,_025,_Brookline,_Brookline,169,68,12,6,5,1,23,3,176,78,14,10,10,0,237,23,0,166,114,4,0,177,87,6,0,196,43,11,0,206,47,0,165,84,14,0,175,81,13,0
0,_025,_Dover,_Dover,409,279,24,14,3,3,42,9,431,276,36,14,21,0,620,87,2,357,394,28,0,361,360,27,0,561,84,44,1,573,120,0,336,317,51,0,368,304,60,0
0,_025,_Dummerston,_Dummerston,797,213,31,27,2,4,60,20,822,232,27,14,46,0,1014,78,0,754,349,40,2,765,314,25,3,868,137,50,1,877,193,1,733,275,65,0,765,266,59,1
0,_025,_Grafton,_Grafton,210,131,14,6,1,0,24,4,212,137,22,4,12,0,301,45,1,144,236,13,1,172,192,11,1,270,39,25,0,281,59,0,171,155,18,0,188,151,23,0
0,_025,_Guilford,_Guilford,719,274,29,44,1,2,72,24,773,254,40,31,38,1,991,105,4,729,368,46,1,764,317,34,1,837,161,51,3,852,205,3,696,284,71,2,729,283,69,1
0,_025,_Halifax,_Halifax,202,183,10,12,1,0,23,2,210,162,22,11,14,1,328,44,4,205,192,21,0,216,176,14,0,286,49,22,0,289,67,2,192,163,20,0,195,169,32,0
0,_025,_Jamaica,_Jamaica,311,132,24,11,2,3,23,7,309,141,28,16,10,0,432,46,1,257,226,24,2,291,180,17,0,384,50,23,1,393,67,0,270,161,32,0,306,143,27,0
0,_025,_Londonderry,_Londonderry,517,303,30,27,3,2,48,12,529,318,56,13,12,0,780,93,3,387,521,22,0,446,417,28,0,672,118,42,1,720,120,2,415,368,49,1,482,334,50,1
0,_025,_Marlboro,_Marlboro,432,90,5,21,1,1,19,6,436,89,14,7,20,1,491,44,5,411,138,17,1,407,128,12,2,410,89,18,2,454,65,0,404,92,16,1,416,95,34,0
0,_025,_Newfane,_Newfane,652,209,14,42,1,0,68,6,684,218,30,25,34,0,842,80,5,643,315,34,3,669,262,21,3,711,134,46,1,750,147,2,591,241,62,0,645,232,50,3
0,_025,_Putney,_Putney,992,175,32,40,0,1,63,8,989,196,43,19,48,1,1161,92,1,950,292,51,2,979,244,37,0,889,214,62,2,882,314,1,882,222,83,1,920,205,82,2
0,_025,_Rockingham,_Rockingham,1315,576,75,46,9,1,118,15,1401,504,125,56,39,2,1760,228,8,1227,809,96,2,1273,691,82,3,1514,272,115,3,1542,373,3,1203,596,166,0,1324,556,143,1
0,_025,_Somerset,_Somerset,0,0,0,0,0,0,0,0,0,0,0,0,0,0,0,0,0,0,0,0,0,0,0,0,0,0,0,0,0,0,0,0,0,0,0,0,0,0,0,0
0,_025,_Stratton,_Stratton,65,50,2,0,1,1,5,2,60,56,7,2,3,0,107,10,1,45,77,5,0,49,70,3,0,100,10,6,0,102,12,1,44,69,6,0,53,59,8,0
0,_025,_Townshend,_Townshend,412,174,17,10,3,0,54,12,408,180,36,10,31,0,546,69,2,348,268,56,2,357,235,46,3,484,75,42,2,490,114,2,349,211,53,1,402,186,40,0
0,_025,_Vernon,_Vernon,492,486,50,11,3,0,50,30,504,501,39,26,38,1,883,117,13,387,673,45,5,394,623,33,3,817,95,48,6,775,197,4,416,518,56,1,463,512,56,2
0,_025,_Wardsboro,_Wardsboro,199,137,12,11,1,0,25,7,223,127,27,5,6,0,336,36,2,189,186,18,0,198,157,15,0,288,39,29,0,300,60,1,184,146,30,0,209,135,30,0
0,_025,_Westminster 3,_Westminster 3,41,26,0,4,0,0,3,1,48,23,2,2,2,0,65,11,0,40,36,1,0,43,34,0,0,52,12,7,1,57,13,1,37,27,6,0,47,26,3,0
0,_025,_Westminster 4,_Westminster 4,960,326,32,57,5,0,79,12,1000,320,66,30,40,0,1235,139,3,918,465,70,4,968,403,49,1,1049,206,72,0,1032,290,2,905,354,91,1,951,349,86,0
0,_025,_Whitingham - Bennington,_Whitingham - Bennington,15,15,0,0,0,0,1,0,19,11,1,0,0,0,25,5,0,16,14,0,0,19,12,0,0,22,5,2,0,24,5,0,16,11,3,0,20,11,0,0
0,_025,_Whitingham - Windham 6,_Whitingham - Windham 6,268,270,22,10,4,1,29,7,292,250,19,20,13,0,471,68,0,237,346,27,0,271,293,12,1,423,63,36,0,432,91,0,244,275,34,0,249,264,50,0
0,_025,_Wilmington,_Wilmington,591,338,36,26,2,2,44,7,606,326,63,25,17,0,841,108,2,530,470,42,0,527,407,42,2,723,137,51,1,736,162,2,482,350,82,0,528,338,84,0
0,_025,_Windham,_Windham,156,79,10,8,3,1,16,2,149,90,24,4,11,0,232,33,0,75,195,12,0,122,134,10,0,202,33,19,1,202,49,3,123,108,19,0,147,97,16,0
0,_027,_Andover,_Andover,166,125,8,4,1,1,17,8,176,135,14,4,2,0,264,37,4,134,187,9,0,153,157,7,0,234,40,20,1,255,44,1,153,134,19,0,183,120,11,0
0,_027,_Baltimore,_Baltimore,50,60,9,2,2,0,2,1,57,54,10,5,1,0,110,10,0,44,81,3,0,51,73,2,0,105,8,8,0,104,18,0,52,62,7,0,65,54,4,0
0,_027,_Barnard,_Barnard,339,174,13,11,2,0,25,5,331,200,19,4,4,0,470,48,4,268,273,21,0,296,236,7,1,374,49,70,1,448,43,0,273,198,35,0,327,169,16,1
0,_027,_Bethel,_Bethel,543,299,33,36,2,0,73,11,603,352,25,13,12,0,845,103,11,423,555,31,1,534,434,23,0,737,119,50,6,813,99,6,517,346,53,1,633,289,33,0
0,_027,_Bridgewater,_Bridgewater,280,160,11,13,16,2,32,8,273,198,26,7,7,0,416,69,0,227,260,21,1,235,206,51,1,319,53,101,0,394,81,0,238,206,33,0,304,161,20,0
0,_027,_Cavendish,_Cavendish,306,262,20,19,5,0,62,12,345,271,44,12,8,0,523,103,4,269,387,24,0,309,327,19,1,483,72,51,2,489,110,2,281,285,54,0,350,262,33,0
0,_027,_Chester,_Chester,827,512,47,34,3,1,94,28,878,542,72,37,13,1,1257,185,5,691,801,50,2,788,656,51,1,1161,181,56,4,1186,221,2,752,576,107,1,870,508,88,1
0,_027,_Hartford 1,_Hartford 1,738,356,51,20,2,0,43,28,727,461,28,14,10,2,1028,117,8,608,588,29,0,645,508,31,0,878,116,92,2,963,115,3,593,456,55,2,692,415,35,1
0,_027,_Hartford 2,_Hartford 2,2452,947,123,73,20,6,237,41,2493,1150,129,68,31,8,3337,365,22,2165,1563,146,8,2270,1348,116,3,2821,461,257,8,3048,449,13,2143,1170,229,7,2487,1019,157,5
0,_027,_Hartland,_Hartland,1158,558,52,38,3,1,92,22,1189,616,69,30,15,1,1645,175,13,958,910,53,3,1070,735,46,3,1367,199,162,3,1520,194,2,1018,604,98,0,1209,526,68,0
0,_027,_Ludlow,_Ludlow,538,403,28,23,7,2,74,15,577,408,71,16,14,4,876,129,1,468,578,47,0,535,500,21,0,830,86,51,2,822,151,2,500,414,84,0,574,398,56,0
0,_027,_Norwich,_Norwich,1982,191,36,33,1,1,48,29,1928,297,36,25,11,2,2157,70,4,1750,483,62,2,1759,400,40,2,1702,281,60,3,1913,127,3,1624,362,62,3,1782,297,46,2
0,_027,_Plymouth,_Plymouth,173,125,13,9,1,0,16,11,175,147,13,6,3,0,271,41,4,141,185,17,1,153,164,5,0,230,32,26,3,263,33,3,167,140,13,0,176,129,15,0
0,_027,_Pomfret,_Pomfret,395,130,21,7,0,1,29,9,351,219,13,8,4,0,531,42,0,313,261,20,1,342,224,16,0,393,30,133,0,505,53,0,349,186,27,0,403,156,18,0
0,_027,_Reading,_Reading,231,108,11,7,0,0,15,1,222,132,5,4,3,0,310,29,0,186,176,12,0,190,153,11,0,262,35,33,0,290,36,0,169,140,29,0,206,122,15,0
0,_027,_Rochester,_Rochester,393,162,17,17,1,0,50,3,411,186,29,13,7,0,554,58,2,341,288,17,0,386,237,10,0,464,78,39,0,504,70,1,360,187,39,0,431,151,36,0
0,_027,_Royalton,_Royalton,698,406,46,31,4,3,112,17,706,525,52,23,13,3,1105,135,9,580,711,35,3,685,549,44,3,940,138,109,5,1017,146,4,631,457,95,2,778,395,71,0
0,_027,_Sharon,_Sharon,428,217,15,25,3,0,60,7,443,279,14,9,9,0,642,75,0,358,376,27,0,443,285,16,1,539,77,73,3,616,75,1,398,244,51,1,485,203,25,3
0,_027,_Springfield 1,_Springfield 1,71,65,3,3,1,0,5,0,67,75,6,4,2,0,116,25,0,58,85,8,0,62,83,5,0,105,24,11,0,108,32,0,66,67,11,0,87,53,8,0
0,_027,_Springfield 2,_Springfield 2,1802,1445,141,82,17,2,271,45,2000,1380,229,86,46,4,3063,473,17,1520,2076,171,6,1865,1700,110,3,2830,429,213,8,2852,591,14,1720,1524,277,3,1965,1430,194,3
0,_027,_Stockbridge,_Stockbridge,222,140,7,13,6,0,33,5,231,156,19,11,2,0,359,45,1,171,228,24,0,211,190,16,0,326,35,30,1,340,46,0,202,165,29,0,250,131,16,0
0,_027,_Weathersfield,_Weathersfield,745,647,51,26,8,1,86,13,804,638,69,35,18,1,1241,225,4,610,904,54,0,712,783,36,0,1158,161,114,0,1178,235,0,664,683,109,0,801,616,77,1
0,_027,_West Windsor,_West Windsor,469,173,27,6,2,0,0,30,448,225,22,7,6,1,610,62,2,343,343,20,1,376,296,10,0,542,51,39,2,564,71,3,350,251,39,0,438,211,21,0
0,_027,_Weston,_Weston,267,106,8,5,1,0,17,10,276,118,8,3,3,0,369,27,1,210,183,21,1,214,179,8,0,307,48,20,0,335,39,0,211,145,16,0,250,123,17,0
0,_027,_Windsor,_Windsor,964,462,92,44,3,2,92,36,1062,485,89,40,13,3,1425,179,6,858,734,92,0,989,564,73,6,1219,192,129,1,1302,239,1,893,506,149,1,1055,464,75,0
0,_027,_Woodstock,_Woodstock,1319,372,48,31,5,2,73,30,1261,564,29,24,14,1,1631,148,6,1048,792,54,0,1106,661,39,0,1241,154,307,1,1509,160,1,1054,562,67,1,1225,483,46,3
