IS_AUDITED,COUNTY_NAME,PRECINCT_NAME,PRECINCT_CODE,USA_MS_20161108_GEN_PRE_REP_TRUMP,USA_MS_20161108_GEN_PRE_DEM_CLINTON,USA_MS_20161108_GEN_PRE_LIB_JOHNSON,USA_MS_20161108_GEN_PRE_GRE_STEIN,USA_MS_20161108_GEN_PRE_CON_CASTLE,USA_MS_20161108_GEN_PRE_PRO_HEDGES,USA_MS_20161108_GEN_PRE_DEL_FUENTE
0,_001,_Courthouse,_28001000101,402,171,18,2,1,0,0
0,_001,_By-Pass Firestation,_28001000102,241,504,4,1,2,2,3
0,_001,_Bellemont,_28001000103,1090,442,20,4,6,1,1
0,_001,_Liberty Park,_28001000201,572,161,6,1,1,1,1
0,_001,_Duncan Park,_28001000202,461,338,21,3,2,0,0
0,_001,_Beau Pre,_28001000203,468,285,9,1,3,0,0
0,_001,_Kingston,_28001000204,548,99,5,1,3,0,0
0,_001,_Concord,_28001000301,29,523,4,2,1,0,0
0,_001,_NPS Multi Purpose Bldg,_28001000302,160,251,5,0,0,0,0
0,_001,_Maryland Heights,_28001000303,26,504,1,1,2,1,0
0,_001,_Palestine,_28001000304,382,479,3,1,1,1,0
0,_001,_Northside School,_28001000401,46,1118,5,1,1,2,0
0,_001,_Pine Ridge,_28001000403,87,350,2,3,0,0,0
0,_001,_Carpenter,_28001000404,119,288,5,3,0,1,0
0,_001,_Morgantown,_28001000405,117,323,1,1,0,0,3
0,_001,_Foster Mound,_28001000501,47,868,3,1,1,0,0
0,_001,_Airport,_28001000502,192,419,3,2,0,0,2
0,_001,_Oakland,_28001000503,539,466,7,2,2,0,1
0,_001,_Washington,_28001000504,348,168,3,2,1,0,1
0,_003,_Shady Grove,_28003000016,648,108,7,0,1,1,0
0,_003,_Five-Point,_28003000101,1286,157,12,6,5,1,0
0,_003,_North Corinth,_28003000102,773,133,22,2,2,0,0
0,_003,_Wenasoga,_28003000103,665,147,11,1,3,0,0
0,_003,_Central,_28003000201,1216,131,8,7,3,1,0
0,_003,_Glen,_28003000202,826,112,11,2,5,0,1
0,_003,_Jacinto,_28003000203,289,23,2,0,0,3,0
0,_003,_Pinecrest,_28003000204,363,120,7,1,1,0,1
0,_003,_South Corinth,_28003000301,479,629,15,4,6,3,1
0,_003,_Biggersville,_28003000302,605,134,11,0,3,1,1
0,_003,_Rienzi,_28003000303,724,145,6,2,7,1,1
0,_003,_College Hill,_28003000401,419,243,13,5,3,1,1
0,_003,_Kossuth,_28003000402,1310,97,9,1,4,0,0
0,_003,_West Corinth,_28003000501,418,107,10,4,9,0,0
0,_003,_Union Center,_28003000502,832,80,7,1,1,0,1
0,_003,_Bethel,_28003000503,82,1,0,0,0,0,0
0,_003,_East Corinth,_28003000504,884,317,16,2,3,0,0
0,_005,_Vance Park,_28005000024,172,30,1,0,0,0,0
0,_005,_East Gloster,_28005000101,182,69,1,0,2,0,1
0,_005,_Liberty,_28005000102,406,143,6,1,0,1,1
0,_005,_New Zion,_28005000103,281,45,2,0,0,0,0
0,_005,_Zion Hill,_28005000104,303,61,2,0,1,0,0
0,_005,_Ariel,_28005000201,72,221,1,0,0,0,0
0,_005,_Berwick,_28005000202,109,244,0,2,0,0,0
0,_005,_East Centreville,_28005000203,223,128,0,0,0,0,0
0,_005,_Amite River,_28005000205,131,185,2,1,0,0,0
0,_005,_Crosby,_28005000301,92,98,0,0,1,1,0
0,_005,_Gloster,_28005000302,125,493,4,2,1,0,0
0,_005,_Homochitto,_28005000303,67,7,0,0,1,0,0
0,_005,_Oneil,_28005000304,218,7,0,0,0,0,0
0,_005,_East Fork,_28005000401,332,83,2,1,0,0,2
0,_005,_East Liberty,_28005000402,185,62,3,0,0,0,0
0,_005,_Smithdale,_28005000403,236,135,1,0,0,0,0
0,_005,_Tangipahoa,_28005000404,392,54,1,0,0,0,0
0,_005,_Riceville,_28005000501,171,149,4,0,1,0,0
0,_005,_South Liberty,_28005000502,111,193,3,1,0,1,0
0,_005,_Tickfaw,_28005000503,122,114,1,0,2,2,0
0,_005,_Walls,_28005000504,359,176,4,0,0,0,0
0,_007,_South Central,_28007000101,394,289,4,2,6,0,0
0,_007,_Williamsville,_28007000102,751,314,10,3,1,1,0
0,_007,_McCool,_28007000201,169,105,3,1,2,0,0
0,_007,_Liberty Chapel,_28007000202,188,52,4,2,0,0,0
0,_007,_Berea,_28007000203,110,4,0,0,2,0,0
0,_007,_Northeast,_28007000204,271,767,5,1,3,3,0
0,_007,_Carmack,_28007000301,192,9,3,1,2,0,0
0,_007,_Hesterville,_28007000302,175,26,1,0,4,0,0
0,_007,_Possumneck,_28007000303,132,73,1,0,1,0,1
0,_007,_North Central,_28007000304,240,27,3,0,1,0,0
0,_007,_Northwest,_28007000305,385,251,5,3,1,0,0
0,_007,_McAdams,_28007000401,125,141,0,1,1,0,0
0,_007,_Newport,_28007000402,146,123,1,0,1,0,1
0,_007,_Sallis,_28007000403,240,533,1,0,3,2,0
0,_007,_Southwest,_28007000404,94,205,0,0,3,1,0
0,_007,_Thompson,_28007000501,109,7,0,0,0,0,0
0,_007,_Zama,_28007000502,167,70,0,1,1,0,0
0,_007,_Providence,_28007000503,246,21,2,0,0,0,0
0,_007,_East,_28007000504,556,127,11,2,0,0,1
0,_007,_Ethel,_28007000505,207,98,3,0,0,1,0
0,_009,_Lamar,_28009000101,186,594,3,2,2,0,0
0,_009,_Canaan,_28009000102,299,475,2,1,0,0,0
0,_009,_Ashland,_28009000103,469,366,12,1,2,0,0
0,_009,_Floyd,_28009000104,573,179,8,3,1,0,0
0,_009,_Hickory Flat,_28009000105,724,105,3,2,0,0,1
0,_011,_Gunnison,_28011000101,74,203,1,0,1,0,1
0,_011,_West Rosedale,_28011000102,70,231,2,0,1,0,0
0,_011,_Pace,_28011000103,63,227,1,0,1,0,0
0,_011,_Benoit,_28011000104,81,237,0,0,1,1,0
0,_011,_Scott,_28011000105,72,77,0,0,0,0,0
0,_011,_Stringtown,_28011000106,32,4,0,0,0,0,0
0,_011,_East Rosedale,_28011000107,33,492,0,1,2,1,0
0,_011,_Winstonville,_28011000108,9,205,1,0,0,0,0
0,_011,_Beulah,_28011000109,19,154,0,0,0,0,0
0,_011,_Longshot,_28011000110,63,22,0,0,0,0,0
0,_011,_East Central Cleveland,_28011000201,4,418,1,0,1,0,0
0,_011,_Northwest Cleveland,_28011000202,685,117,11,3,0,0,1
0,_011,_West Central Cleveland,_28011000203,656,123,11,7,8,1,1
0,_011,_West Cleveland,_28011000204,1150,214,34,2,2,0,0
0,_011,_Duncan/Alligator,_28011000301,55,174,1,1,1,1,0
0,_011,_Shelby,_28011000302,67,898,3,7,1,2,2
0,_011,_Mound Bayou,_28011000303,74,1004,4,2,3,0,0
0,_011,_Merigold,_28011000401,141,157,1,1,0,0,0
0,_011,_East Cleveland,_28011000402,29,921,2,2,3,2,1
0,_011,_North Cleveland,_28011000403,85,364,6,1,1,0,0
0,_011,_Renova,_28011000404,14,231,1,1,0,0,0
0,_011,_Eastgate,_28011000405,38,499,0,0,0,0,0
0,_011,_Cleveland Courthouse,_28011000406,161,60,9,4,2,0,0
0,_011,_Boyle,_28011000501,506,177,4,1,2,1,1
0,_011,_Skene,_28011000502,189,8,2,0,0,0,0
0,_011,_Shaw,_28011000503,146,880,3,1,2,1,0
0,_011,_Choctaw,_28011000504,27,125,1,1,0,0,0
0,_011,_South Cleveland,_28011000505,47,824,1,3,0,1,0
0,_013,_Banner,_28013000001,347,38,6,1,0,0,0
0,_013,_Bruce 3,_28013000002,695,213,9,1,0,0,1
0,_013,_NE Calhoun,_28013000003,634,92,6,3,3,0,0
0,_013,_Pittsboro 1,_28013000004,86,425,8,4,1,0,0
0,_013,_Calhoun City 1,_28013000005,313,380,5,1,4,0,1
0,_013,_Pittsboro 2,_28013000006,420,142,2,0,3,5,0
0,_013,_Vardaman,_28013000007,463,210,7,1,5,0,1
0,_013,_Derma 5,_28013000008,371,90,3,0,1,0,0
0,_013,_Calhoun City 4,_28013000009,775,246,2,0,7,0,2
0,_013,_Derma 4,_28013000010,286,74,1,0,2,0,0
0,_015,_Ray's Shop,_28015000101,721,62,2,0,0,0,1
0,_015,_Jefferson,_28015000102,152,26,1,0,1,0,0
0,_015,_Calvary,_28015000103,161,3,0,0,0,0,0
0,_015,_North Carrollton,_28015000104,368,71,4,0,1,0,0
0,_015,_McCarley,_28015000105,232,135,1,1,0,0,1
0,_015,_Carrollton,_28015000106,306,58,4,0,2,0,0
0,_015,_West Carroll,_28015000107,350,27,2,2,1,0,0
0,_015,_Fire Tower,_28015000108,219,437,6,2,0,1,0
0,_015,_Gravel Hill,_28015000109,429,42,3,0,0,0,0
0,_015,_Black Hawk,_28015000110,198,67,1,1,0,1,0
0,_015,_430 School,_28015000111,89,168,0,0,1,0,1
0,_015,_Salem,_28015000112,71,147,0,0,0,0,0
0,_015,_West Vaiden,_28015000113,198,169,1,1,0,0,0
0,_015,_East Vaiden,_28015000114,305,268,4,2,0,0,0
0,_017,_South Houlka,_28017000101,339,121,4,0,2,1,0
0,_017,_North Houlka,_28017000102,117,177,0,1,2,1,1
0,_017,_Van Vleet,_28017000103,169,116,5,0,1,0,1
0,_017,_North Okolona,_28017000104,252,281,5,0,0,1,1
0,_017,_West Okolona,_28017000105,306,354,3,2,0,1,1
0,_017,_East Okolona,_28017000106,70,657,2,2,1,2,0
0,_017,_Egypt,_28017000107,130,228,4,0,2,1,0
0,_017,_Buena Vista,_28017000108,105,377,2,1,3,1,0
0,_017,_Southeast Houston,_28017000109,970,229,4,1,3,1,0
0,_017,_Northwest Houston,_28017000111,194,670,7,0,2,0,1
0,_017,_Pleasant Grove,_28017000112,485,47,8,2,4,0,0
0,_017,_Anchor,_28017000113,472,122,8,3,3,1,0
0,_017,_Pearsall,_28017000114,248,79,4,0,1,0,0
0,_017,_Sparta,_28017000115,152,63,5,0,1,0,0
0,_017,_Woodland,_28017000116,118,128,0,0,0,0,1
0,_019,_Panhandle,_28019000001,128,82,2,2,1,0,1
0,_019,_East Weir,_28019000002,77,219,3,2,1,0,0
0,_019,_District 5,_28019000003,706,147,4,3,6,0,0
0,_019,_SW Ackerman,_28019000004,51,262,0,0,0,0,2
0,_019,_Fentress,_28019000005,196,67,4,0,0,0,0
0,_019,_West Weir,_28019000006,174,99,3,0,0,0,1
0,_019,_French Camp,_28019000007,240,57,6,0,0,2,0
0,_019,_Kenego,_28019000008,223,17,0,0,1,0,0
0,_019,_Chester,_28019000009,180,74,0,0,0,0,1
0,_019,_Byway,_28019000010,144,58,0,2,1,1,0
0,_019,_Hebron,_28019000011,161,21,1,1,1,0,1
0,_019,_Sherwood,_28019000012,311,15,2,1,0,0,0
0,_019,_Reform,_28019000013,197,100,1,1,1,0,0
0,_021,_District 1A,_28021000101,90,544,4,0,0,0,0
0,_021,_District 1B,_28021000103,4,295,1,2,0,0,0
0,_021,_District 2A,_28021000201,71,417,0,0,2,1,1
0,_021,_District 2B,_28021000202,26,221,0,0,0,0,0
0,_021,_District 3A,_28021000301,150,670,2,1,1,1,0
0,_021,_District 3B,_28021000302,27,12,0,0,0,0,0
0,_021,_District 4A,_28021000401,63,340,0,0,0,0,0
0,_021,_District 4B,_28021000402,47,401,0,1,0,0,0
0,_021,_District 5A,_28021000501,23,406,0,0,3,0,3
0,_021,_District 5B,_28021000502,39,402,0,1,0,0,0
0,_023,_South Quitman,_28023000101,254,402,1,4,4,1,0
0,_023,_Desoto,_28023000102,116,125,0,0,1,0,0
0,_023,_Harmony Beat 1,_28023000103,83,42,0,0,0,0,0
0,_023,_Stonewall Beat 1,_28023000104,98,218,1,0,0,0,0
0,_023,_Langsdale,_28023000105,15,36,0,0,0,0,0
0,_023,_Pachuta,_28023000202,83,163,1,0,1,0,0
0,_023,_Oakgrove,_28023000204,35,216,1,0,1,0,0
0,_023,_Shubuta,_28023000205,97,400,4,0,0,0,0
0,_023,_Beaverdam,_28023000206,61,140,0,0,1,0,0
0,_023,_Enterprise,_28023000301,956,195,4,0,2,0,0
0,_023,_Stonewall Beat 3,_28023000303,322,69,3,0,2,0,1
0,_023,_Harmony Beat 2,_28023000304,166,105,1,1,0,0,0
0,_023,_Souinlovie,_28023000305,145,24,2,1,1,0,0
0,_023,_Union,_28023000401,547,35,2,1,0,0,0
0,_023,_Energy,_28023000402,178,12,1,0,0,0,0
0,_023,_Snell,_28023000403,152,2,0,0,0,0,0
0,_023,_Hopewell,_28023000404,55,74,1,0,0,0,1
0,_023,_North Quitman,_28023000405,246,70,2,0,1,0,1
0,_023,_Rolling Creek,_28023000406,189,18,0,0,0,0,0
0,_023,_Manassa,_28023000501,100,6,0,0,0,0,0
0,_023,_Springs,_28023000502,60,70,0,0,0,0,0
0,_023,_East Quitman,_28023000503,1018,96,4,8,6,0,0
0,_023,_Carmichael,_28023000504,161,67,1,0,1,0,0
0,_025,_Vinton,_28025000101,201,277,4,0,0,1,0
0,_025,_North West Point,_28025000102,562,756,6,5,8,0,1
0,_025,_Union Star,_28025000201,221,284,6,1,1,0,0
0,_025,_Tibbee,_28025000202,119,179,3,0,1,1,1
0,_025,_East West Point,_28025000203,874,504,16,0,4,4,0
0,_025,_Siloam,_28025000301,501,294,1,1,0,0,2
0,_025,_Central West Point,_28025000302,360,473,15,1,1,0,0
0,_025,_Cairo,_28025000303,172,159,1,0,0,0,0
0,_025,_Caradine,_28025000401,88,544,0,0,4,0,0
0,_025,_West West Point,_28025000403,294,948,3,3,3,2,1
0,_025,_South West Point,_28025000501,301,745,6,7,2,0,2
0,_025,_Cedar Bluff,_28025000502,163,23,3,0,0,0,0
0,_025,_Pheba,_28025000503,223,248,2,2,0,1,1
0,_025,_Pine Bluff,_28025000504,71,288,3,0,1,0,0
0,_027,_Lula,_28027000001,119,131,1,0,2,0,0
0,_027,_Coahoma,_28027000002,18,191,2,0,0,0,0
0,_027,_Friar's Point,_28027000003,47,485,1,1,2,0,0
0,_027,_Jonestown,_28027000004,10,609,1,0,1,0,0
0,_027,_Lyon,_28027000005,588,313,11,0,1,1,0
0,_027,_Farrell,_28027000006,20,130,0,0,0,0,0
0,_027,_Sherard,_28027000007,10,19,0,1,0,0,0
0,_027,_Clarksdale 2,_28027000008,597,600,11,4,4,1,0
0,_027,_Clarksdale 3,_28027000009,54,412,4,0,1,1,0
0,_027,_Rena Lara,_28027000010,181,30,1,0,1,0,0
0,_027,_Clarksdale 5,_28027000011,226,1105,6,1,6,1,1
0,_027,_Bobo,_28027000012,39,79,0,0,0,0,0
0,_027,_Roundaway,_28027000013,25,45,0,1,0,0,0
0,_027,_Clarksdale 4,_28027000014,51,1199,5,5,7,2,0
0,_027,_Dublin,_28027000015,89,54,0,0,0,1,0
0,_027,_Cagle Crossing,_28027000016,34,16,0,0,0,0,0
0,_027,_Sasse St. Fire Station,_28027000017,16,459,0,0,2,0,3
0,_027,_Clarksdale Courthouse,_28027000018,228,401,7,0,4,0,0
0,_027,_Clarksdale 4 North,_28027000019,74,100,3,0,0,0,0
0,_029,_Gallman,_28029000101,646,769,7,3,3,2,3
0,_029,_Georgetown North,_28029000103,90,175,1,0,1,1,0
0,_029,_Hazlehurst East,_28029000104,49,1022,5,0,1,3,0
0,_029,_Georgetown South,_28029000201,226,127,1,0,0,0,0
0,_029,_Strong Hope-Union,_28029000202,336,31,2,1,1,0,0
0,_029,_Wesson,_28029000203,545,87,10,1,1,0,1
0,_029,_Beauregard,_28029000204,382,132,4,0,1,1,0
0,_029,_Shady Grove,_28029000205,312,88,2,1,1,0,0
0,_029,_Hazlehurst South,_28029000206,127,193,1,0,0,0,0
0,_029,_Martinsville,_28029000301,223,249,0,0,1,0,0
0,_029,_Centerpoint,_28029000302,465,303,2,2,0,3,0
0,_029,_Hazlehurst West,_28029000303,224,836,3,1,2,2,0
0,_029,_Hazlehurst North,_28029000304,45,104,0,0,0,0,0
0,_029,_Carpenter,_28029000401,51,130,0,1,0,0,0
0,_029,_Dentville,_28029000402,144,42,0,1,1,0,2
0,_029,_Crystal Springs South,_28029000403,455,1145,10,1,3,1,0
0,_029,_Crystal Springs North,_28029000404,76,266,2,2,1,0,1
0,_029,_Crystal Springs East,_28029000501,1214,683,15,2,6,3,0
0,_029,_Crystal Springs West,_28029000502,493,359,8,0,3,0,0
0,_031,_Seminary,_28031000001,1285,160,8,1,4,0,0
0,_031,_Strahan,_28031000002,95,33,1,0,1,0,0
0,_031,_West Collins,_28031000003,84,10,3,0,0,0,0
0,_031,_Richmond,_28031000004,634,37,8,0,1,0,2
0,_031,_Sanford,_28031000005,692,63,6,1,2,0,0
0,_031,_South Collins,_28031000006,278,44,5,0,0,0,0
0,_031,_Collins,_28031000007,718,706,12,4,6,2,0
0,_031,_Williamsburg,_28031000008,215,54,3,1,0,0,0
0,_031,_Dry Creek,_28031000009,89,270,0,0,2,0,0
0,_031,_Lone Star/Black Jack,_28031000010,172,65,0,0,1,0,0
0,_031,_Mt. Olive,_28031000011,483,565,6,1,0,0,1
0,_031,_Rock Hill,_28031000012,109,15,4,0,0,1,0
0,_031,_Gilmer,_28031000013,39,395,0,0,0,0,1
0,_031,_Mitchell,_28031000014,155,8,0,1,0,0,0
0,_031,_Okahay,_28031000015,81,507,3,1,3,0,0
0,_031,_Station Creek,_28031000016,108,273,1,0,0,0,0
0,_031,_Yawn,_28031000017,198,71,1,2,0,0,0
0,_033,_Ingrams Mill,_28033000101,619,263,18,5,13,0,0
0,_033,_Lewisburg East,_28033000102,369,43,9,1,1,0,0
0,_033,_Miller,_28033000103,1764,929,69,7,17,1,0
0,_033,_Fairhaven,_28033000104,914,690,29,6,10,0,0
0,_033,_Olive Branch South,_28033000105,1880,550,61,12,17,2,0
0,_033,_Olive Branch North,_28033000106,1142,709,41,7,8,1,2
0,_033,_Hacks Cross Road,_28033000107,1059,650,56,10,17,1,2
0,_033,_Olive Branch West,_28033000108,514,278,11,0,2,0,0
0,_033,_Cumberland,_28033000109,699,720,22,12,5,0,1
0,_033,_Mineral Wells,_28033000201,1422,705,52,10,9,0,4
0,_033,_Greenbrook North,_28033000202,1104,1033,37,20,12,1,0
0,_033,_Southaven North,_28033000203,1151,503,43,12,16,0,1
0,_033,_Greenbrook South,_28033000204,2028,864,64,15,19,0,0
0,_033,_Summershill,_28033000205,1517,569,42,6,7,0,2
0,_033,_Pleasant Hill North,_28033000206,1718,491,40,8,12,0,0
0,_033,_Elmore,_28033000207,1129,563,31,4,10,0,0
0,_033,_Colonial Hills,_28033000301,550,167,16,8,0,0,0
0,_033,_Southaven West,_28033000302,801,714,31,10,4,0,1
0,_033,_Horn Lake Intermediate,_28033000303,625,691,28,8,5,1,0
0,_033,_Horn Lake West,_28033000304,561,557,18,9,2,0,1
0,_033,_Walls,_28033000305,1028,717,27,14,6,1,2
0,_033,_Lake Cormorant,_28033000306,269,135,6,2,2,0,0
0,_033,_Horn Lake North,_28033000307,576,736,20,9,5,1,1
0,_033,_Southaven South,_28033000401,210,467,8,7,6,0,0
0,_033,_Horn Lake East,_28033000402,438,672,15,11,3,2,3
0,_033,_Horn Lake High School,_28033000403,1118,478,30,11,16,1,1
0,_033,_Northwest Community College,_28033000404,1032,880,48,5,6,0,0
0,_033,_Nesbit West,_28033000405,784,306,16,4,6,0,2
0,_033,_Eudora,_28033000406,900,210,29,5,7,0,0
0,_033,_Horn Lake Central,_28033000408,557,464,18,5,8,0,1
0,_033,_DeSoto Central,_28033000501,1576,572,54,14,15,0,1
0,_033,_Nesbit East,_28033000502,1010,423,30,4,4,0,0
0,_033,_Bridgetown,_28033000503,1523,295,32,4,4,0,1
0,_033,_Lewisburg,_28033000505,1971,577,47,7,16,0,1
0,_033,_Hernando East,_28033000506,2864,562,65,13,15,0,2
0,_033,_Hernando West,_28033000507,1917,654,79,13,14,0,0
0,_033,_Love,_28033000508,906,188,18,3,3,0,1
0,_033,_Alphaba-Cockrum,_28033000509,720,79,9,3,1,0,0
0,_033,_Hernando Central,_28033000510,1626,392,53,3,9,0,1
0,_033,_Baker's Chapel,_28033000511,498,95,7,1,3,0,0
0,_035,_Timberton,_28035000101,588,174,17,6,3,0,0
0,_035,_Sigler Center,_28035000102,184,581,29,12,9,1,0
0,_035,_Kamper Park,_28035000103,441,516,52,14,4,0,1
0,_035,_Westside,_28035000104,313,416,28,7,2,0,1
0,_035,_Dixie,_28035000107,1050,113,17,6,5,0,1
0,_035,_Camp School,_28035000108,213,289,29,6,0,1,0
0,_035,_Dantzler,_28035000109,415,22,7,2,3,0,0
0,_035,_Richburg,_28035000110,308,131,8,2,2,0,0
0,_035,_Rawls Springs,_28035000201,425,404,9,3,3,0,0
0,_035,_Eatonville,_28035000202,523,149,9,2,2,0,0
0,_035,_Glendale,_28035000203,253,628,7,5,2,1,1
0,_035,_Train Depot,_28035000204,45,336,9,1,4,0,0
0,_035,_Hattiesburg Cultural Center,_28035000205,39,605,5,2,3,0,0
0,_035,_Burger Center,_28035000206,5,398,0,0,3,0,0
0,_035,_West Hills,_28035000207,316,199,15,3,1,0,0
0,_035,_Barrontown-Macedonia,_28035000301,1593,270,34,3,8,1,1
0,_035,_Leeville,_28035000302,914,100,13,4,4,0,0
0,_035,_Petal Masonic Lodge,_28035000303,897,131,40,6,6,1,0
0,_035,_Sunrise,_28035000304,1688,250,29,7,4,1,0
0,_035,_Petal Civic Center,_28035000305,957,175,26,6,7,1,2
0,_035,_Sheeplo,_28035000306,467,205,4,2,1,0,0
0,_035,_Mclaurin,_28035000402,276,41,2,0,2,0,0
0,_035,_Lillie Burney School,_28035000404,12,621,4,2,1,0,0
0,_035,_Court Street,_28035000405,80,421,10,0,0,0,0
0,_035,_Rowan School,_28035000406,7,532,2,1,2,0,0
0,_035,_Salvation Army,_28035000407,60,854,4,4,4,0,1
0,_035,_West Petal,_28035000408,307,126,11,4,2,0,1
0,_035,_Dixie Pine-Central,_28035000409,173,732,5,2,1,4,0
0,_035,_Brooklyn,_28035000501,400,24,4,0,0,1,0
0,_035,_Carnes,_28035000502,617,21,6,0,0,1,0
0,_035,_Maxie,_28035000503,145,32,3,1,0,0,0
0,_035,_Highland Park,_28035000504,247,529,31,6,5,0,0
0,_035,_North Heights,_28035000505,89,657,12,8,6,1,0
0,_035,_Pinecrest,_28035000506,354,550,55,11,8,0,0
0,_035,_Thames School,_28035000507,1060,484,62,11,8,2,0
0,_037,_Knoxville,_28037000101,99,67,1,1,2,0,0
0,_037,_Roxie,_28037000102,157,276,3,3,1,0,0
0,_037,_Hamburg,_28037000103,68,189,1,3,3,0,0
0,_037,_Pine Grove,_28037000201,110,9,1,0,0,0,0
0,_037,_Antioch,_28037000202,175,178,1,0,1,0,1
0,_037,_Meadville,_28037000203,322,74,4,0,4,1,1
0,_037,_Wesley Chapel,_28037000301,30,72,0,0,0,1,0
0,_037,_Bude,_28037000302,279,412,4,2,1,2,0
0,_037,_Eddiceton,_28037000401,311,43,3,0,2,0,0
0,_037,_McCall Creek,_28037000403,259,60,1,3,2,0,0
0,_037,_Lucien,_28037000404,145,23,0,1,0,0,0
0,_037,_Bad Bayou,_28037000501,335,12,1,0,0,0,0
0,_037,_Whittington,_28037000502,244,31,2,1,4,0,0
0,_037,_Cains,_28037000503,187,56,0,2,3,0,0
0,_039,_Rocky Creek,_28039000101,1109,65,10,1,6,1,2
0,_039,_Shipman,_28039000102,279,21,3,2,3,0,0
0,_039,_Ward,_28039000103,277,14,2,1,2,0,0
0,_039,_Multi-Mart,_28039000104,246,14,3,2,0,0,1
0,_039,_Courthouse,_28039000201,208,27,6,2,0,0,0
0,_039,_Pine Level,_28039000202,361,19,4,0,2,0,0
0,_039,_Agricola,_28039000203,776,34,4,2,2,0,1
0,_039,_Howell School,_28039000204,351,21,0,0,5,0,0
0,_039,_Movella,_28039000205,315,22,1,0,2,0,0
0,_039,_Multipurpose Bldg.,_28039000301,141,22,1,1,0,0,0
0,_039,_Davis School,_28039000302,316,22,1,0,3,1,0
0,_039,_Basin School,_28039000303,685,145,8,1,3,0,0
0,_039,_Barton,_28039000304,617,58,8,0,3,0,0
0,_039,_Lucedale City Hall,_28039000401,620,77,11,3,3,1,0
0,_039,_Bexley School,_28039000402,355,71,5,1,0,0,0
0,_039,_Shady Grove,_28039000403,641,35,6,0,2,0,1
0,_039,_Salem School,_28039000404,71,10,0,0,0,0,0
0,_039,_Lucedale Middle School,_28039000501,300,192,8,1,3,1,0
0,_039,_Twin Creek,_28039000502,245,15,5,2,1,0,0
0,_039,_Central School,_28039000503,204,20,1,0,1,0,0
0,_039,_Benndale Crossing,_28039000504,418,120,3,0,1,3,0
0,_039,_Broome School,_28039000505,161,3,1,1,2,0,1
0,_041,_Leakesville,_28041000101,981,74,4,0,4,1,0
0,_041,_North Leakesville,_28041000201,134,163,1,1,1,0,0
0,_041,_State Line,_28041000202,264,355,2,0,0,0,0
0,_041,_Jones,_28041000302,186,6,3,0,1,1,0
0,_041,_Piave,_28041000303,302,4,4,1,1,0,2
0,_041,_Wade,_28041000304,450,28,0,0,1,0,0
0,_041,_Vernal,_28041000402,430,46,3,1,2,0,0
0,_041,_Maples,_28041000403,543,65,3,0,3,1,1
0,_041,_Mutual Rights,_28041000501,190,8,2,0,0,0,0
0,_041,_Jonathan,_28041000502,324,12,1,1,0,0,0
0,_041,_Leaf,_28041000503,89,50,0,0,2,0,1
0,_041,_McLain,_28041000504,159,156,2,0,1,0,0
0,_041,_Washington Neely,_28041000505,283,7,3,0,5,0,0
0,_043,_Box 1 Southside Church of Christ,_28043000102,1100,506,16,4,3,2,0
0,_043,_Elliott,_28043000103,388,73,2,3,0,2,0
0,_043,_Sweethome Holcomb,_28043000104,226,107,0,0,0,0,0
0,_043,_Box 2 Grenada Co Office,_28043000201,349,212,2,1,0,0,0
0,_043,_Gore Springs,_28043000202,425,68,6,0,1,0,0
0,_043,_Futheyville,_28043000203,551,171,7,0,0,0,0
0,_043,_Box 3 City Auditorium,_28043000301,396,1045,10,6,2,2,0
0,_043,_Pleasant Grove,_28043000304,166,308,1,1,3,0,0
0,_043,_Box 4 Taylor Hall,_28043000401,114,1378,5,2,6,0,2
0,_043,_Geeslin,_28043000402,560,94,6,0,0,1,0
0,_043,_Box 5 EOC Building,_28043000501,1155,277,12,3,2,0,0
0,_043,_Holcomb Community Center,_28043000502,540,185,2,2,0,1,1
0,_045,_Pearlington,_28045000001,366,169,7,1,4,0,0
0,_045,_Lakeshore,_28045000003,1011,120,16,4,4,0,1
0,_045,_Arlington,_28045000005,227,73,10,3,1,0,0
0,_045,_Waveland East,_28045000006,504,262,20,7,2,0,0
0,_045,_Waveland West,_28045000007,745,254,16,6,5,1,0
0,_045,_South Bay,_28045000008,705,265,33,9,3,2,0
0,_045,_City Hall,_28045000009,156,372,4,3,2,0,0
0,_045,_North Bay East,_28045000010,309,226,15,5,2,0,0
0,_045,_North Bay West,_28045000011,567,146,18,2,5,1,2
0,_045,_Garden Isle,_28045000012,375,88,10,1,1,0,0
0,_045,_Bayou Phillip,_28045000013,137,70,1,1,1,0,0
0,_045,_Kiln West,_28045000014,538,97,10,1,0,0,0
0,_045,_West Shoreline Park,_28045000015,239,49,5,1,1,0,0
0,_045,_Edwardsville,_28045000016,350,39,4,0,0,0,1
0,_045,_Kiln East,_28045000017,449,43,6,3,1,0,0
0,_045,_Diamondhead East,_28045000018,2466,525,72,19,10,3,3
0,_045,_Diamondhead West,_28045000019,914,205,27,5,5,1,1
0,_045,_Fenton,_28045000020,583,55,1,2,2,0,0
0,_045,_Catahoula,_28045000021,115,8,4,0,0,1,0
0,_045,_Dedeaux,_28045000022,422,36,2,1,3,0,0
0,_045,_Standard,_28045000023,674,52,4,3,4,0,1
0,_045,_Flat Top,_28045000024,581,45,6,1,4,0,0
0,_045,_Crane Creek,_28045000026,658,37,6,0,2,0,0
0,_045,_Leetown,_28045000027,597,53,10,5,3,1,0
0,_045,_Courthouse,_28045000028,123,55,5,0,3,0,0
0,_047,_East Biloxi,_28047000101,280,748,6,4,2,1,0
0,_047,_Biloxi #8,_28047000108,467,245,12,4,1,1,0
0,_047,_Biloxi Central,_28047000109,524,415,23,10,1,1,0
0,_047,_Biloxi Bay,_28047000110,518,347,21,9,1,1,0
0,_047,_North Bay,_28047000111,2048,866,58,18,7,0,1
0,_047,_White Plains,_28047000112,573,76,5,1,1,1,1
0,_047,_Poplar Head,_28047000113,241,34,1,0,0,0,1
0,_047,_New Popps Ferry,_28047000115,507,250,13,7,2,1,1
0,_047,_Advance,_28047000201,763,92,15,1,5,0,0
0,_047,_County Farm/Gulf Haven,_28047000202,1215,232,22,5,4,0,1
0,_047,_East Lyman,_28047000203,496,184,19,3,3,1,0
0,_047,_East Orange Grove,_28047000204,1165,791,49,13,5,1,0
0,_047,_Gulfport #4,_28047000205,205,59,8,4,0,0,0
0,_047,_Gulfport #5,_28047000206,385,231,10,4,5,0,0
0,_047,_Gulfport #7,_28047000207,285,132,14,5,3,0,2
0,_047,_Gulfport #11,_28047000208,401,63,13,1,1,0,0
0,_047,_Gulfport #12,_28047000209,909,147,30,3,5,0,0
0,_047,_West Lyman,_28047000210,1734,434,33,6,4,0,0
0,_047,_West Orange Grove,_28047000211,1530,682,40,10,14,0,1
0,_047,_Riceville,_28047000212,167,9,4,1,1,0,0
0,_047,_Stonewall,_28047000213,869,316,16,6,4,0,1
0,_047,_West Handsboro,_28047000214,1164,288,39,7,2,0,0
0,_047,_West Mississippi City,_28047000215,227,89,10,2,1,0,0
0,_047,_Delisle,_28047000301,677,438,19,9,5,0,1
0,_047,_East Pass Christian,_28047000302,661,565,30,3,1,1,2
0,_047,_Westside,_28047000303,340,206,17,5,1,0,0
0,_047,_West Pass Christian,_28047000304,656,298,12,3,1,0,1
0,_047,_Ladner,_28047000305,710,133,12,3,6,2,0
0,_047,_West Lizana,_28047000306,507,59,6,1,1,0,0
0,_047,_Long Beach #1,_28047000307,538,224,13,3,1,0,0
0,_047,_Long Beach #2,_28047000308,696,153,19,3,2,0,1
0,_047,_Long Beach #3,_28047000309,604,181,15,2,3,1,1
0,_047,_Long Beach #4,_28047000310,822,256,30,9,3,0,0
0,_047,_Long Beach #5,_28047000311,1325,285,35,10,12,0,0
0,_047,_Long Beach #6,_28047000312,749,153,19,5,5,0,0
0,_047,_Outside Long Beach,_28047000313,323,53,15,2,0,0,0
0,_047,_Pineville,_28047000314,1114,186,23,11,1,0,0
0,_047,_Vidalia,_28047000315,404,35,9,1,1,0,0
0,_047,_Gulfport #3,_28047000401,52,361,1,3,3,0,1
0,_047,_Gulfport #8,_28047000402,245,540,14,7,4,1,1
0,_047,_Gulfport #13,_28047000404,177,672,15,5,1,0,0
0,_047,_Gulfport #14,_28047000405,83,943,4,6,0,0,1
0,_047,_Gulfport #16,_28047000406,97,597,6,1,1,0,0
0,_047,_East North Gulfport,_28047000407,21,646,3,5,1,0,0
0,_047,_Magnolia Grove,_28047000408,128,512,6,4,1,0,1
0,_047,_North Bel-Aire,_28047000409,931,1270,40,13,5,0,0
0,_047,_South Bel-Aire,_28047000410,584,750,36,6,5,0,2
0,_047,_West North Gulfport,_28047000411,26,1011,1,3,0,0,0
0,_047,_New Hope,_28047000501,648,397,11,7,4,1,1
0,_047,_Biloxi #10,_28047000502,733,462,31,6,1,1,1
0,_047,_Biloxi #11,_28047000503,1753,860,75,18,13,2,0
0,_047,_East Handsboro,_28047000504,776,252,28,10,7,0,1
0,_047,_East Mississippi City,_28047000505,1219,532,48,10,4,0,0
0,_047,_Howard Creek,_28047000506,1672,304,44,10,5,1,2
0,_047,_Saucier,_28047000507,948,152,19,2,3,0,2
0,_047,_Peace,_28047000508,1332,142,33,4,4,0,0
0,_047,_Bay Central,_28047000509,797,315,32,9,2,0,0
0,_047,_Margaret Sherry,_28047000510,1333,496,48,7,5,0,0
0,_049,_33,_28049000101,525,163,23,4,4,0,0
0,_049,_34,_28049000102,832,324,41,5,10,0,0
0,_049,_35,_28049000103,778,264,33,1,5,0,0
0,_049,_36,_28049000104,206,479,15,4,2,0,0
0,_049,_37,_28049000105,147,453,8,5,0,1,1
0,_049,_38,_28049000106,42,447,7,6,1,0,0
0,_049,_08,_28049000108,176,285,24,2,4,0,0
0,_049,_09,_28049000109,353,430,46,7,3,0,1
0,_049,_42,_28049000110,53,797,6,5,0,0,0
0,_049,_43,_28049000111,49,917,4,8,3,1,0
0,_049,_44,_28049000112,354,837,12,12,6,0,0
0,_049,_45,_28049000113,803,419,38,15,7,0,0
0,_049,_46,_28049000114,850,1096,36,14,3,0,0
0,_049,_78,_28049000115,361,546,14,6,1,0,0
0,_049,_79,_28049000116,157,908,11,8,1,0,0
0,_049,_80,_28049000117,47,1089,5,6,0,0,0
0,_049,_81,_28049000118,37,1309,5,4,2,1,1
0,_049,_82,_28049000119,15,836,3,5,0,0,0
0,_049,_83,_28049000120,31,1796,3,8,7,0,1
0,_049,_32,_28049000121,333,209,17,2,2,0,0
0,_049,_11,_28049000201,3,302,0,0,1,0,0
0,_049,_13,_28049000203,10,809,3,2,2,0,0
0,_049,_14,_28049000204,303,246,25,4,0,0,1
0,_049,_16,_28049000206,294,850,52,13,4,0,1
0,_049,_39,_28049000208,11,596,1,2,1,0,0
0,_049,_40,_28049000209,8,814,2,5,1,0,0
0,_049,_23,_28049000210,12,724,1,1,1,0,1
0,_049,_25,_28049000211,23,795,6,6,1,0,0
0,_049,_27,_28049000212,16,927,3,3,0,0,0
0,_049,_28,_28049000213,16,734,3,4,0,2,0
0,_049,_29,_28049000214,4,434,1,3,2,1,0
0,_049,_30,_28049000215,2,401,1,1,0,0,0
0,_049,_41,_28049000216,11,1208,2,5,1,0,1
0,_049,_85,_28049000217,33,1486,4,8,5,0,0
0,_049,_86,_28049000218,17,768,1,0,0,1,0
0,_049,_Bolton,_28049000219,253,731,3,2,2,1,0
0,_049,_Edwards,_28049000220,288,1006,13,2,3,0,0
0,_049,_Pinehaven,_28049000221,941,914,32,8,11,0,0
0,_049,_84,_28049000222,4,182,0,3,0,0,0
0,_049,_Brownsville,_28049000223,212,172,2,3,0,0,0
0,_049,_Cayuga,_28049000224,79,158,2,0,2,0,0
0,_049,_Cynthia,_28049000225,61,364,2,2,1,1,0
0,_049,_Pocahontas,_28049000226,185,285,1,2,0,0,0
0,_049,_St. Thomas,_28049000227,11,297,1,1,1,0,0
0,_049,_Tinnin,_28049000228,579,192,9,2,8,0,0
0,_049,_Utica 1,_28049000229,294,294,6,2,2,0,1
0,_049,_21,_28049000301,12,259,0,2,1,0,0
0,_049,_22,_28049000302,12,975,5,1,0,0,0
0,_049,_24,_28049000303,13,437,0,1,2,0,0
0,_049,_59,_28049000304,15,728,3,4,1,0,1
0,_049,_26,_28049000305,61,988,1,6,0,0,0
0,_049,_68,_28049000307,66,1084,3,5,2,0,0
0,_049,_69,_28049000308,57,705,1,0,3,2,0
0,_049,_31,_28049000309,13,629,1,2,0,0,0
0,_049,_71,_28049000310,50,472,5,1,2,1,0
0,_049,_54,_28049000311,2,238,3,3,0,0,0
0,_049,_55,_28049000312,11,456,2,1,0,0,1
0,_049,_56,_28049000313,4,211,2,3,0,0,1
0,_049,_57,_28049000314,9,452,2,1,0,0,1
0,_049,_60,_28049000315,8,233,0,0,0,0,0
0,_049,_61,_28049000316,4,314,0,4,2,0,0
0,_049,_89,_28049000317,45,803,3,6,3,1,3
0,_049,_62,_28049000318,33,799,1,3,0,0,0
0,_049,_94,_28049000320,193,1626,10,10,6,0,0
0,_049,_88,_28049000321,50,935,1,3,1,0,0
0,_049,_90,_28049000322,64,664,1,1,3,0,1
0,_049,_91,_28049000323,83,1252,6,7,2,2,0
0,_049,_Clinton 1,_28049000401,668,433,33,6,12,0,0
0,_049,_Clinton 2,_28049000402,1314,662,40,7,10,0,2
0,_049,_Clinton 3,_28049000403,978,777,28,9,10,0,1
0,_049,_Clinton 4,_28049000404,397,402,18,7,1,0,0
0,_049,_Clinton 5,_28049000405,493,272,32,2,9,0,0
0,_049,_Clinton 6,_28049000406,468,617,29,7,6,0,0
0,_049,_Raymond 1,_28049000407,905,622,16,6,6,0,0
0,_049,_Raymond 2,_28049000408,988,643,12,4,8,0,1
0,_049,_Spring Ridge,_28049000409,927,1295,19,11,3,1,1
0,_049,_73,_28049000410,36,426,2,5,0,0,0
0,_049,_74,_28049000411,56,384,1,3,0,0,0
0,_049,_76,_28049000413,67,334,1,3,2,0,0
0,_049,_92,_28049000414,131,1216,8,9,2,0,1
0,_049,_93,_28049000415,87,658,0,2,0,1,1
0,_049,_96,_28049000417,229,924,7,4,2,0,0
0,_049,_Byram 1,_28049000418,514,1515,15,7,4,1,1
0,_049,_Byram 2,_28049000419,950,726,21,4,3,0,2
0,_049,_Learned,_28049000420,276,152,1,2,1,0,0
0,_049,_Clinton 7,_28049000421,809,478,30,4,15,0,0
0,_049,_Byram 3,_28049000422,391,869,8,5,3,1,0
0,_049,_01,_28049000501,113,430,24,10,4,1,1
0,_049,_02,_28049000502,1,136,1,1,0,0,0
0,_049,_Old Byram,_28049000503,732,625,15,3,7,0,1
0,_049,_04,_28049000504,2,319,1,3,0,1,0
0,_049,_06,_28049000506,56,367,10,6,1,0,1
0,_049,_Terry 1,_28049000507,293,973,4,1,2,0,1
0,_049,_70,_28049000508,7,296,2,2,0,0,0
0,_049,_72,_28049000509,18,392,0,0,0,1,0
0,_049,_10,_28049000510,2,244,0,1,0,0,0
0,_049,_18,_28049000511,4,335,1,1,1,0,2
0,_049,_19,_28049000512,4,320,0,2,0,0,0
0,_049,_20,_28049000513,7,372,2,4,2,0,0
0,_049,_77,_28049000514,145,627,2,4,1,0,0
0,_049,_47,_28049000515,29,363,1,1,0,0,1
0,_049,_51,_28049000517,29,938,6,5,1,0,0
0,_049,_63,_28049000520,10,309,1,1,1,0,0
0,_049,_64,_28049000521,7,297,0,3,0,0,0
0,_049,_Chapel Hill,_28049000523,290,317,4,1,1,1,0
0,_049,_Dry Grove,_28049000524,476,255,9,3,3,0,0
0,_049,_58,_28049000525,12,761,3,8,4,0,0
0,_049,_49,_28049000526,5,650,8,15,1,0,0
0,_049,_Utica 2,_28049000527,94,511,1,3,3,0,1
0,_049,_Terry 2,_28049000528,1631,799,20,10,3,0,1
0,_051,_Lexington Beat 1,_28051000101,103,859,2,2,5,1,0
0,_051,_Acona,_28051000102,36,445,2,2,2,1,1
0,_051,_Durant St Anderson,_28051000103,23,211,0,2,1,0,0
0,_051,_Durant,_28051000104,148,360,2,0,2,1,1
0,_051,_West,_28051000201,118,278,0,0,1,1,0
0,_051,_Sub Durant,_28051000202,57,407,1,0,0,2,1
0,_051,_Coxburg,_28051000301,124,40,1,0,1,1,0
0,_051,_Ebenezer,_28051000302,67,198,2,1,1,1,0
0,_051,_Pickens,_28051000303,91,581,1,6,1,1,0
0,_051,_Goodman,_28051000304,67,469,4,2,1,0,0
0,_051,_Thornton,_28051000401,25,264,1,0,0,0,0
0,_051,_Lexington Beat 4,_28051000402,122,1029,2,2,3,0,1
0,_051,_Walden Chapel,_28051000403,13,164,0,0,2,0,0
0,_051,_Cruger,_28051000501,66,180,1,0,0,0,0
0,_051,_Tchula,_28051000502,78,1001,3,2,0,1,0
0,_051,_Lexington Beat 5,_28051000503,171,203,3,0,0,0,0
0,_053,_Four Mile,_28053000101,34,2,0,0,0,0,0
0,_053,_Belzoni North 1,_28053000102,164,703,1,2,4,1,2
0,_053,_Isola,_28053000201,142,416,1,0,0,2,0
0,_053,_Gooden Lake,_28053000203,39,6,0,0,0,0,0
0,_053,_Belzoni North 2,_28053000204,4,76,0,1,0,0,0
0,_053,_Silver City,_28053000301,105,221,1,0,2,0,0
0,_053,_Lake City,_28053000302,83,12,0,0,1,0,0
0,_053,_Belzoni South 3,_28053000305,8,322,0,0,0,0,0
0,_053,_Putnam,_28053000401,132,42,1,0,0,0,0
0,_053,_Belzoni North 4,_28053000402,267,580,1,0,1,0,0
0,_053,_Midnight,_28053000501,65,68,1,0,0,0,0
0,_053,_Louise,_28053000502,103,322,6,0,0,1,2
0,_053,_Belzoni South 5,_28053000504,5,301,0,0,0,0,0
0,_055,_Valley Park,_28055000101,76,31,2,0,0,0,0
0,_055,_Tallula,_28055000102,75,59,1,0,0,0,1
0,_055,_Mayersville,_28055000103,8,157,0,0,0,0,0
0,_055,_Addie,_28055000104,57,96,0,0,0,0,0
0,_055,_Grace,_28055000105,82,52,1,0,0,1,0
0,_057,_Salem/Copeland,_28057000101,343,32,2,0,1,0,0
0,_057,_Banner/Pineville,_28057000102,499,59,2,0,3,1,0
0,_057,_Fairview/Pleasanton,_28057000103,117,11,1,0,0,0,1
0,_057,_Courthouse,_28057000104,179,22,1,1,1,0,0
0,_057,_Ryan,_28057000105,245,21,2,0,1,2,0
0,_057,_Friendship 1D,_28057000106,80,4,1,0,0,0,0
0,_057,_Kirkville,_28057000202,593,39,4,0,0,0,0
0,_057,_Ratliff,_28057000203,185,4,1,0,1,0,0
0,_057,_Mantachie,_28057000204,537,46,5,0,5,0,1
0,_057,_Centerville,_28057000205,290,28,3,0,2,0,1
0,_057,_Fawn Grove,_28057000206,330,26,3,1,4,0,0
0,_057,_Dorsey,_28057000301,489,33,8,1,3,0,0
0,_057,_Friendship,_28057000302,137,17,1,3,0,0,0
0,_057,_Greenwood,_28057000303,218,124,4,1,1,0,0
0,_057,_Mantachie 3D,_28057000304,138,9,0,0,0,0,0
0,_057,_Carolina,_28057000305,213,45,3,1,0,1,0
0,_057,_Evergreen,_28057000306,230,107,5,1,2,0,0
0,_057,_Cardsville,_28057000307,140,8,1,0,0,0,0
0,_057,_American Legion,_28057000401,930,121,11,3,1,0,1
0,_057,_Friendship 4D,_28057000402,81,4,0,0,0,0,0
0,_057,_James Creek,_28057000404,153,13,0,0,0,0,0
0,_057,_Tremont,_28057000407,326,32,1,1,0,1,0
0,_057,_Tilden,_28057000409,333,50,1,0,2,0,1
0,_057,_Clay,_28057000501,608,47,11,2,4,0,0
0,_057,_Armory,_28057000502,367,45,5,3,1,0,0
0,_057,_Friendship 5D,_28057000503,81,8,0,0,0,0,0
0,_057,_Bounds,_28057000504,140,8,2,0,0,0,0
0,_057,_ICDC,_28057000505,488,154,6,2,4,0,0
0,_059,_Hwy 57,_28059000101,333,16,9,1,0,0,0
0,_059,_North Vancleave,_28059000102,1325,194,34,2,9,1,0
0,_059,_East Central,_28059000105,3832,319,42,14,6,1,2
0,_059,_Big Point,_28059000108,1491,85,18,3,5,0,0
0,_059,_Escatawpa,_28059000110,1723,506,34,3,6,0,1
0,_059,_Orange Grove,_28059000113,760,98,9,1,3,1,1
0,_059,_Sue Ellen,_28059000202,54,1664,11,2,6,1,0
0,_059,_Rec Center,_28059000203,171,1012,8,2,1,0,1
0,_059,_YMBC/Dantzler,_28059000205,420,745,14,3,1,0,3
0,_059,_Jefferson Street,_28059000207,348,1146,12,3,9,1,2
0,_059,_Fair,_28059000209,837,1594,25,8,6,2,1
0,_059,_Pinecrest,_28059000301,656,177,8,5,2,0,0
0,_059,_Sacred Heart,_28059000304,1073,372,25,3,3,0,0
0,_059,_Eastlawn,_28059000305,806,179,21,2,1,2,1
0,_059,_American Legion,_28059000306,302,70,6,0,2,1,0
0,_059,_Presbyterian,_28059000307,486,115,13,3,2,2,0
0,_059,_North Pascagoula,_28059000309,300,65,4,0,1,0,0
0,_059,_Gautier,_28059000310,2132,1454,47,16,11,1,2
0,_059,_Villa Maria,_28059000401,251,125,2,1,4,1,0
0,_059,_Ocean Springs Comm Center,_28059000402,131,75,11,1,0,0,0
0,_059,_Ocean Springs Armory,_28059000403,1056,423,55,9,6,0,0
0,_059,_St. Martin,_28059000406,3268,1143,113,8,23,3,2
0,_059,_Latimer,_28059000407,1824,276,47,15,12,0,2
0,_059,_Larue,_28059000408,205,16,3,0,1,1,0
0,_059,_Hickory Hills,_28059000501,1058,450,28,8,6,1,0
0,_059,_Fontainebleau,_28059000503,1757,596,62,14,8,1,1
0,_059,_Gulf Park Estates,_28059000504,1477,452,60,8,7,1,2
0,_059,_Ocean Springs Civic Center,_28059000505,3255,1108,127,21,20,2,3
0,_059,_South Vancleave,_28059000507,1952,167,35,6,6,1,2
0,_059,_Red Hill,_28059000509,232,12,14,0,1,0,0
0,_059,_Carterville,_28059000511,114,3,4,0,0,0,0
0,_061,_Antioch,_28061000101,251,35,1,1,1,0,0
0,_061,_Holders,_28061000102,254,259,2,0,2,1,1
0,_061,_Palestine,_28061000104,12,62,0,0,0,0,0
0,_061,_Moss,_28061000105,553,167,3,0,0,0,0
0,_061,_Paulding,_28061000201,219,544,0,0,0,1,0
0,_061,_Fellowship,_28061000202,81,6,0,0,0,0,0
0,_061,_Midway,_28061000203,96,167,2,0,1,0,0
0,_061,_Rose Hill,_28061000205,196,163,0,1,0,0,0
0,_061,_Vossburg,_28061000206,22,218,0,0,1,0,0
0,_061,_Bay Springs Beat 3,_28061000301,353,451,9,0,5,1,1
0,_061,_Louin,_28061000303,236,316,3,1,3,2,1
0,_061,_Montrose,_28061000304,155,150,1,0,1,1,0
0,_061,_Bay Springs Beat 4,_28061000401,331,414,1,1,4,0,0
0,_061,_Stringer,_28061000402,921,82,4,0,2,0,1
0,_061,_Philadelphia,_28061000501,54,249,1,0,0,0,0
0,_061,_Claiborne,_28061000502,166,249,0,0,0,0,1
0,_061,_Heidelberg,_28061000503,138,836,1,2,2,1,1
0,_063,_Union Church,_28063000001,145,175,4,0,1,0,0
0,_063,_Red Lick,_28063000003,48,265,0,0,1,1,0
0,_063,_Harriston,_28063000004,14,196,0,1,0,1,0
0,_063,_Stampley,_28063000005,5,230,0,2,1,0,0
0,_063,_Mt. Israel Baptist,_28063000008,44,395,1,1,0,0,1
0,_063,_Multipurpose Center,_28063000009,4,283,0,0,0,0,0
0,_063,_City Hall,_28063000010,9,494,0,0,1,0,0
0,_063,_Cannonsburg,_28063000011,15,200,2,0,0,0,0
0,_063,_Church Hill,_28063000012,98,56,3,0,0,0,0
0,_063,_Old Hollywood Church,_28063000013,52,366,1,0,0,2,0
0,_063,_Lorman,_28063000014,41,175,1,2,1,0,0
0,_063,_Chambliss,_28063000015,15,502,1,1,2,1,0
0,_065,_Granby,_28065000011,40,84,0,0,1,1,0
0,_065,_South Prentiss 12,_28065000012,353,218,6,1,2,0,0
0,_065,_South Prentiss 13,_28065000013,173,292,0,0,3,0,0
0,_065,_Carson,_28065000022,167,59,1,0,0,0,0
0,_065,_Green's Creek,_28065000023,209,93,0,0,0,0,0
0,_065,_Hathorn,_28065000024,132,60,1,0,0,0,0
0,_065,_Sons Academy,_28065000025,56,166,0,0,0,0,0
0,_065,_Bassfield Beat 2,_28065000026,184,161,4,0,1,0,1
0,_065,_Bassfield Hwy 42,_28065000031,195,823,4,0,3,2,0
0,_065,_Good Hope,_28065000033,139,89,0,1,5,0,0
0,_065,_Melba,_28065000034,61,16,0,0,0,0,0
0,_065,_Clem,_28065000041,85,87,2,0,1,0,0
0,_065,_Mt. Carmel,_28065000042,13,188,0,1,4,0,0
0,_065,_Northeast Prentiss,_28065000043,187,426,1,0,0,1,0
0,_065,_Williamson Mill,_28065000044,178,114,1,0,0,0,0
0,_065,_Gwinville,_28065000051,33,115,0,0,0,0,1
0,_065,_Old Hebron,_28065000052,60,51,0,0,0,1,0
0,_065,_Northwest Prentiss,_28065000053,67,193,0,0,0,0,0
0,_065,_Red House,_28065000055,90,232,1,0,0,0,0
0,_065,_Whiting,_28065000056,44,253,0,0,0,0,0
0,_067,_North Laurel,_28067000102,1202,732,33,6,8,1,0
0,_067,_Shady Grove,_28067000103,1463,543,22,8,5,3,1
0,_067,_Sharon,_28067000104,921,157,7,1,1,1,1
0,_067,_Big Creek,_28067000201,384,23,4,1,0,0,0
0,_067,_Calhoun,_28067000202,1336,78,9,4,2,0,1
0,_067,_Centerville,_28067000203,150,9,1,0,0,0,0
0,_067,_Parkview Baptist Church,_28067000204,440,323,8,1,3,0,0
0,_067,_Gitano,_28067000205,183,66,3,0,0,0,1
0,_067,_Hebron,_28067000206,219,329,2,0,3,0,1
0,_067,_Matthews,_28067000207,394,37,8,0,1,0,0
0,_067,_Pleasant Ridge,_28067000208,507,34,3,1,1,0,0
0,_067,_Soso,_28067000210,474,344,4,2,3,0,0
0,_067,_Springhill/Mauldin,_28067000211,894,198,15,1,2,0,1
0,_067,_Erata,_28067000302,159,195,4,0,1,0,0
0,_067,_Glade School,_28067000303,791,36,8,2,0,1,1
0,_067,_Myrick,_28067000304,941,41,7,1,1,1,1
0,_067,_Powers Comm. Ctr.,_28067000305,691,174,5,0,5,0,1
0,_067,_Ovett,_28067000306,599,35,8,1,3,0,0
0,_067,_Rustin,_28067000307,457,13,6,0,3,0,0
0,_067,_Sandersville Civic Center,_28067000308,501,101,8,1,3,0,0
0,_067,_Tuckers,_28067000309,665,27,8,1,3,0,0
0,_067,_Antioch,_28067000310,346,15,1,2,0,1,1
0,_067,_Blackwell,_28067000401,270,7,6,0,1,0,0
0,_067,_Johnson,_28067000403,488,13,4,1,1,0,0
0,_067,_George Harrison,_28067000404,938,278,15,5,8,0,2
0,_067,_Landrum,_28067000405,302,14,2,1,1,0,0
0,_067,_Moselle,_28067000406,666,151,8,3,0,0,0
0,_067,_Pine Grove,_28067000407,664,32,7,2,2,0,1
0,_067,_Rainey,_28067000408,796,31,9,2,0,0,0
0,_067,_Sand Hill,_28067000409,609,46,13,1,1,0,0
0,_067,_Shelton,_28067000410,369,149,1,0,1,0,0
0,_067,_Union,_28067000412,612,29,6,0,2,1,0
0,_067,_L T Ellis Center,_28067000503,30,1268,1,4,4,0,1
0,_067,_Oak Park School,_28067000505,6,643,1,0,1,0,0
0,_067,_First Assembly of God,_28067000506,337,296,11,1,9,0,1
0,_067,_Currie,_28067000509,18,158,1,0,0,1,0
0,_067,_Magnolia Center,_28067000510,311,1166,9,0,2,0,1
0,_069,_Scooba,_28069000101,239,449,0,0,1,1,0
0,_069,_Farmers Market,_28069000102,50,63,0,0,0,0,0
0,_069,_Band Building,_28069000201,144,262,2,0,1,1,0
0,_069,_Porterville,_28069000202,114,380,0,0,1,1,0
0,_069,_Kemper Springs,_28069000204,16,119,1,0,0,0,0
0,_069,_Satellite,_28069000301,205,312,2,0,0,0,0
0,_069,_Lynwood,_28069000302,235,88,3,0,1,0,0
0,_069,_Ft. Stevens,_28069000303,103,37,2,0,2,0,0
0,_069,_Kellis Store,_28069000403,27,134,1,0,0,0,1
0,_069,_Lynville,_28069000404,192,124,4,0,2,0,0
0,_069,_Preston,_28069000406,159,210,0,0,0,0,0
0,_069,_Courthouse,_28069000501,172,458,2,1,3,0,0
0,_069,_Mt. Nebo Fire Station,_28069000502,122,191,1,0,0,0,0
0,_071,_Lafayette Springs,_28071000101,434,57,6,1,2,0,0
0,_071,_Yocona,_28071000102,451,77,15,4,4,0,1
0,_071,_Oxford 1,_28071000103,1450,1041,74,18,8,0,0
0,_071,_Philadelphia,_28071000201,121,84,2,0,0,0,0
0,_071,_Oxford 2,_28071000202,2021,1831,146,28,14,0,4
0,_071,_Harmontown,_28071000301,336,51,3,1,2,1,1
0,_071,_Abbeville,_28071000302,410,558,12,0,2,1,0
0,_071,_College Hill,_28071000303,900,567,48,8,5,1,0
0,_071,_Oxford 3,_28071000304,774,1054,45,15,3,1,2
0,_071,_Burgess,_28071000401,285,99,4,1,3,0,0
0,_071,_Taylor 3,_28071000402,155,361,11,4,2,0,0
0,_071,_Union West,_28071000403,184,90,3,1,0,0,0
0,_071,_Anchor-Taylor 4,_28071000405,409,60,12,0,3,0,0
0,_071,_Oxford 4,_28071000406,1404,1180,114,30,9,1,6
0,_071,_Paris,_28071000501,235,18,2,0,0,0,0
0,_071,_Airport Grocery,_28071000502,380,105,17,4,2,1,0
0,_071,_Tula,_28071000504,233,35,4,1,1,1,0
0,_071,_Oxford 5,_28071000506,690,701,59,18,8,1,1
0,_073,_Sumrall,_28073000001,2063,233,28,9,6,0,1
0,_073,_Breland,_28073000002,1528,509,52,6,9,0,3
0,_073,_Rocky Branch,_28073000003,427,114,4,3,3,0,0
0,_073,_Oloh,_28073000004,555,30,5,4,2,0,0
0,_073,_Midway,_28073000005,1099,128,19,2,11,0,0
0,_073,_Kingsmill,_28073000006,1100,130,21,2,4,1,0
0,_073,_Lake Serene,_28073000007,1865,291,52,2,8,2,1
0,_073,_Arnold Line,_28073000008,456,271,15,4,0,0,1
0,_073,_NE Lamar,_28073000009,576,468,31,9,3,0,0
0,_073,_Lamar Park,_28073000010,592,510,34,6,9,1,0
0,_073,_Wesley Manor,_28073000011,381,451,21,3,8,0,1
0,_073,_Richburg,_28073000012,1098,379,49,7,11,0,1
0,_073,_Oak Grove,_28073000013,1146,283,38,3,7,0,2
0,_073,_Okahola,_28073000014,376,100,12,4,3,0,0
0,_073,_Pine Grove,_28073000015,468,15,6,1,2,0,0
0,_073,_Purvis,_28073000016,1400,283,18,2,2,0,0
0,_073,_South Purvis,_28073000017,1313,118,18,1,3,1,1
0,_073,_Baxterville,_28073000019,339,6,3,0,0,0,0
0,_073,_Lumberton,_28073000020,578,564,5,4,3,1,2
0,_073,_Yawn,_28073000021,204,11,0,0,1,0,0
0,_073,_Greenville,_28073000022,719,20,2,0,2,0,0
0,_073,_Mill Creek,_28073000023,393,60,5,0,5,0,0
0,_073,_Westover,_28073000024,75,216,14,3,2,1,0
0,_075,_1,_28075000101,1030,458,35,9,2,0,0
0,_075,_5,_28075000102,874,450,11,1,3,0,1
0,_075,_Andrews Chapel,_28075000103,524,156,9,0,7,1,0
0,_075,_Bailey,_28075000104,863,272,18,0,2,0,0
0,_075,_West Dalewood,_28075000105,124,20,1,0,0,0,0
0,_075,_Marion,_28075000106,335,306,13,1,1,0,1
0,_075,_New Lauderdale,_28075000107,981,188,24,3,3,0,0
0,_075,_Prospect,_28075000108,259,78,6,1,1,0,0
0,_075,_13,_28075000109,703,616,17,6,15,2,2
0,_075,_6,_28075000201,138,1041,5,2,4,2,0
0,_075,_Alamucha,_28075000202,113,59,3,1,2,0,0
0,_075,_Daleville,_28075000203,64,170,5,0,4,0,0
0,_075,_14,_28075000204,45,329,0,1,0,0,0
0,_075,_Odom,_28075000205,205,169,5,0,0,0,0
0,_075,_East Lauderdale,_28075000206,637,344,6,2,2,0,0
0,_075,_Kewanee,_28075000208,128,108,0,0,0,0,0
0,_075,_Toomsuba,_28075000209,166,154,3,2,0,0,0
0,_075,_Russell,_28075000210,514,255,6,2,3,1,0
0,_075,_2,_28075000301,140,66,4,1,0,0,0
0,_075,_3,_28075000302,199,678,4,3,0,1,1
0,_075,_Center Hill,_28075000303,1022,130,12,6,4,1,0
0,_075,_Collinsville,_28075000304,1146,215,13,4,2,0,2
0,_075,_Martin,_28075000305,800,29,3,0,6,1,0
0,_075,_Suqualena,_28075000309,1152,287,12,3,1,1,0
0,_075,_4,_28075000401,58,344,4,1,0,0,1
0,_075,_9,_28075000402,58,396,3,0,0,0,0
0,_075,_10,_28075000403,54,234,1,3,1,1,0
0,_075,_11,_28075000404,143,636,3,1,2,0,0
0,_075,_12,_28075000405,51,972,2,0,3,1,0
0,_075,_Pickard,_28075000407,307,112,2,4,0,0,1
0,_075,_7,_28075000501,152,496,7,2,1,0,1
0,_075,_8,_28075000502,177,444,4,2,1,0,0
0,_075,_17,_28075000504,334,165,4,1,1,0,0
0,_075,_Clarkdale,_28075000506,1037,76,11,2,3,0,0
0,_075,_Meehan,_28075000508,347,89,9,1,3,0,0
0,_075,_South Nellieburg,_28075000509,284,87,1,1,1,3,1
0,_075,_Valley,_28075000511,95,22,1,0,0,0,0
0,_075,_Causeyville,_28075000512,331,31,2,1,0,0,0
0,_075,_Vimville,_28075000514,737,308,15,2,2,1,0
0,_075,_Whynot,_28075000515,372,66,3,1,4,0,0
0,_075,_Zero,_28075000516,711,117,13,1,4,0,0
0,_075,_Mt. Gilead,_28075000517,331,96,7,0,2,1,0
0,_077,_East Arm,_28077000001,92,110,0,0,2,1,0
0,_077,_Center,_28077000002,140,6,2,1,0,0,1
0,_077,_Cooper's Creek,_28077000003,404,34,2,1,1,0,0
0,_077,_Courthouse,_28077000004,844,184,11,3,0,0,0
0,_077,_Grange,_28077000005,169,29,1,0,1,0,0
0,_077,_Hooker,_28077000006,40,127,0,1,0,1,0
0,_077,_Jayess,_28077000007,320,20,2,3,1,0,0
0,_077,_Monticello Beat 5,_28077000008,4,112,0,0,0,0,0
0,_077,_Armory,_28077000009,92,19,2,0,0,0,0
0,_077,_New Hebron,_28077000010,318,95,5,0,0,0,0
0,_077,_Nola,_28077000011,54,4,0,0,0,0,0
0,_077,_North Silver Creek,_28077000012,47,76,1,0,0,1,0
0,_077,_Oakvale,_28077000013,104,23,1,0,0,0,0
0,_077,_Oma,_28077000014,42,234,1,2,1,0,0
0,_077,_Peyton Town,_28077000015,17,138,1,0,0,1,0
0,_077,_Sontag,_28077000016,212,111,2,1,0,0,0
0,_077,_South Silver Creek,_28077000017,85,155,2,0,0,0,0
0,_077,_Stringer,_28077000018,115,167,1,1,1,1,2
0,_077,_Tilton,_28077000019,130,43,1,0,0,1,0
0,_077,_Wanilla,_28077000021,62,9,0,0,0,0,0
0,_077,_West Arm,_28077000022,77,124,1,0,2,0,0
0,_077,_West Monticello,_28077000023,298,243,1,1,1,1,0
0,_077,_Topeka,_28077000024,267,22,3,0,0,0,0
0,_077,_Nola 91,_28077000025,2,52,0,0,0,0,0
0,_077,_Wanilla 91,_28077000026,6,47,0,0,0,0,0
0,_077,_West District 1,_28077000027,150,11,0,1,3,0,0
0,_079,_Edinburg,_28079000101,375,14,2,2,0,0,0
0,_079,_East Carthage,_28079000102,474,134,3,0,2,1,0
0,_079,_Sunrise,_28079000103,307,15,0,0,0,0,0
0,_079,_Renfroe,_28079000104,258,51,2,1,0,1,0
0,_079,_North Carthage,_28079000201,379,267,4,1,1,0,0
0,_079,_Conway,_28079000202,111,256,2,0,1,0,0
0,_079,_Singleton,_28079000203,405,174,7,0,4,0,0
0,_079,_West Carthage,_28079000301,131,585,3,0,1,0,0
0,_079,_Wiggins,_28079000302,113,215,1,1,1,0,0
0,_079,_Thomastown,_28079000303,157,201,1,1,0,0,0
0,_079,_Ofahoma,_28079000304,39,278,1,4,0,0,0
0,_079,_South Carthage,_28079000401,202,101,2,0,1,0,0
0,_079,_Good Hope,_28079000402,357,119,2,0,2,1,0
0,_079,_Lena,_28079000403,162,224,2,0,0,0,1
0,_079,_Freeny,_28079000404,395,88,2,3,1,1,0
0,_079,_Harmony,_28079000501,103,189,2,0,0,0,0
0,_079,_Walnut Grove,_28079000502,178,560,2,0,1,0,1
0,_079,_Salem,_28079000503,295,20,1,0,1,0,0
0,_079,_Madden,_28079000504,341,93,1,0,8,0,0
0,_081,_Baldwyn,_28081000101,313,329,6,2,2,0,0
0,_081,_Pratts,_28081000102,247,30,2,0,2,1,0
0,_081,_Friendship,_28081000103,152,11,0,0,1,0,0
0,_081,_Guntown,_28081000104,520,164,7,5,0,0,0
0,_081,_Unity,_28081000105,388,21,5,0,1,0,0
0,_081,_Hebron,_28081000106,292,20,3,1,0,0,0
0,_081,_Fellowship,_28081000107,413,59,6,1,6,0,0
0,_081,_Oak Hill,_28081000108,981,230,17,11,4,0,2
0,_081,_Tupelo 1,_28081000109,407,70,6,2,2,0,0
0,_081,_Eggville,_28081000110,377,33,1,1,1,1,0
0,_081,_Mooreville,_28081000112,994,95,9,3,2,0,0
0,_081,_Auburn,_28081000113,875,83,12,4,1,0,0
0,_081,_East Heights,_28081000114,273,56,3,0,1,0,0
0,_081,_Tupelo 2,_28081000115,1600,636,58,14,6,3,1
0,_081,_Tupelo 3,_28081000201,1805,851,37,9,11,0,2
0,_081,_Cedar Hill,_28081000202,964,195,16,2,3,3,0
0,_081,_Euclatubba,_28081000203,213,18,3,4,4,0,0
0,_081,_Birmingham Ridge,_28081000204,873,104,18,5,2,0,1
0,_081,_Saltillo,_28081000205,1706,319,25,5,5,0,1
0,_081,_Davis Box,_28081000206,106,67,6,1,0,0,0
0,_081,_Beech Springs,_28081000208,311,149,4,1,3,0,0
0,_081,_Belden,_28081000301,1114,515,29,6,5,0,0
0,_081,_Bissell,_28081000302,2883,726,52,8,19,2,0
0,_081,_Tupelo 4 South,_28081000303,156,1087,5,3,2,0,2
0,_081,_Tupelo 4 North,_28081000304,379,1257,17,12,2,1,1
0,_081,_Pleasant Grove,_28081000401,311,521,9,0,0,0,1
0,_081,_Old Union,_28081000402,202,174,3,0,0,0,0
0,_081,_Palmetto,_28081000404,391,279,3,2,2,0,2
0,_081,_Nettleton,_28081000501,500,113,6,0,0,0,0
0,_081,_Petersburg,_28081000502,204,19,2,2,2,0,0
0,_081,_Shannon,_28081000503,235,303,5,1,4,1,1
0,_081,_Brewer,_28081000504,329,42,3,0,2,1,0
0,_081,_Plantersville,_28081000505,347,349,5,4,1,1,0
0,_081,_Richmond,_28081000506,292,62,4,1,1,0,0
0,_081,_Kedron,_28081000507,297,111,1,1,3,0,0
0,_081,_Tupelo 5,_28081000508,307,359,5,4,4,0,0
0,_081,_Gilvo,_28081000509,105,16,4,2,0,0,0
0,_081,_Verona,_28081000511,358,556,8,4,5,0,1
0,_083,_Minter City,_28083000035,125,96,1,1,0,0,1
0,_083,_North Greenwood,_28083000036,2010,599,56,8,11,1,3
0,_083,_Money,_28083000037,87,33,1,0,0,0,0
0,_083,_Central Greenwood,_28083000040,83,322,0,0,0,0,1
0,_083,_West Greenwood,_28083000041,118,899,4,2,4,0,0
0,_083,_MVSU,_28083000042,24,380,5,4,0,0,1
0,_083,_Schlater,_28083000043,85,117,0,0,0,0,0
0,_083,_Southwest Greenwood,_28083000044,10,324,1,1,2,1,0
0,_083,_North Itta Bena,_28083000045,101,855,0,1,1,1,0
0,_083,_South Itta Bena,_28083000046,56,236,0,0,1,0,0
0,_083,_Rising Sun,_28083000047,15,442,0,1,2,1,0
0,_083,_Sidon,_28083000048,72,186,1,0,1,0,0
0,_083,_Morgan City,_28083000049,64,112,0,0,0,0,0
0,_083,_Swiftown,_28083000050,26,18,1,1,0,0,0
0,_083,_South Greenwood,_28083000051,5,368,1,1,0,0,0
0,_083,_Southeast Greenwood,_28083000052,213,1063,1,2,0,1,0
0,_083,_Northeast Greenwood,_28083000059,104,589,3,2,1,0,0
0,_083,_East Greenwood,_28083000068,14,1148,3,1,2,1,1
0,_085,_Alexander Jr. High,_28085000101,17,435,1,2,1,0,0
0,_085,_East Lincoln,_28085000102,247,11,0,0,0,0,0
0,_085,_Forrestry,_28085000103,318,194,2,3,1,0,1
0,_085,_Fair River,_28085000104,191,15,1,0,0,0,1
0,_085,_Government Complex,_28085000105,19,447,2,0,2,1,0
0,_085,_High School,_28085000106,29,375,2,1,0,0,0
0,_085,_Little Bahala,_28085000201,133,83,1,1,1,0,0
0,_085,_Heucks Retreat,_28085000202,458,91,5,0,6,1,0
0,_085,_Big Springs,_28085000203,134,47,1,0,0,1,0
0,_085,_Pearlhaven,_28085000204,66,312,1,1,1,0,1
0,_085,_Montgomery,_28085000205,191,113,2,0,0,0,0
0,_085,_New Sight,_28085000206,583,251,7,0,4,0,0
0,_085,_Brignal,_28085000207,32,203,0,1,0,0,1
0,_085,_Rogers Circle,_28085000208,179,262,6,4,2,0,0
0,_085,_City Hall,_28085000301,150,80,2,1,0,1,0
0,_085,_Enterprise,_28085000302,892,61,7,0,2,1,1
0,_085,_Bogue Chitto,_28085000303,168,165,0,1,1,0,0
0,_085,_Ruth,_28085000304,450,21,5,1,1,0,1
0,_085,_Norfield,_28085000305,165,38,0,0,3,0,2
0,_085,_Old Brook,_28085000306,663,121,6,3,6,0,0
0,_085,_West Lincoln,_28085000401,686,38,3,1,0,0,0
0,_085,_Johnson Grove,_28085000402,464,87,4,0,4,0,0
0,_085,_Arlington,_28085000403,433,86,3,2,1,1,0
0,_085,_Johnson,_28085000404,373,74,4,0,4,0,0
0,_085,_Halbert Heights,_28085000405,944,193,11,0,3,0,2
0,_085,_Old Red Star,_28085000501,402,69,5,0,0,1,0
0,_085,_Loyd Star,_28085000502,722,135,5,2,1,0,2
0,_085,_Zetus,_28085000503,462,62,0,1,4,0,0
0,_085,_Vaughn,_28085000504,283,80,0,1,1,1,0
0,_085,_Caseyville,_28085000505,342,87,0,0,1,0,0
0,_085,_Lipsey School,_28085000506,354,222,3,0,0,0,0
0,_087,_Caledonia,_28087000101,2164,345,40,4,11,1,1
0,_087,_Steens,_28087000102,410,62,6,2,2,0,2
0,_087,_East Columbus Gym,_28087000104,683,1158,12,5,5,0,2
0,_087,_Immanuel,_28087000106,413,234,9,1,4,0,0
0,_087,_First Assembly,_28087000201,1905,729,53,12,6,0,2
0,_087,_Brandon,_28087000202,854,648,23,4,5,2,0
0,_087,_Air Base,_28087000204,482,440,22,1,3,0,1
0,_087,_Trinity,_28087000301,246,510,7,7,2,1,1
0,_087,_Rural Hill,_28087000302,1349,444,23,1,3,0,0
0,_087,_New Hope,_28087000303,2972,582,36,11,12,1,0
0,_087,_Coleman,_28087000401,8,250,1,2,1,0,0
0,_087,_Townsend Park,_28087000402,68,842,6,6,1,1,0
0,_087,_Plum Grove,_28087000403,22,298,1,0,0,0,0
0,_087,_Crawford,_28087000404,134,653,4,5,1,1,0
0,_087,_National Guard Armory,_28087000409,379,1820,13,11,9,0,2
0,_087,_Propst Park Community Hut,_28087000412,11,270,2,1,1,0,0
0,_087,_Hunt,_28087000502,14,1126,1,2,1,0,0
0,_087,_Union Academy,_28087000504,101,607,5,2,0,1,1
0,_087,_University,_28087000505,342,282,15,10,1,1,1
0,_087,_West Lowndes,_28087000507,658,246,15,7,2,0,1
0,_087,_Artesia,_28087000508,56,273,1,1,2,0,0
0,_089,_Pleasant Gift Baptist,_28089000101,296,387,6,0,2,0,0
0,_089,_New Life Baptist,_28089000103,1172,213,24,0,6,2,0
0,_089,_Canton 2,_28089000104,551,831,5,3,3,3,2
0,_089,_Canton 3,_28089000105,128,124,4,0,1,0,0
0,_089,_Canton 7,_28089000106,9,202,1,0,0,0,0
0,_089,_Grace Crossing,_28089000107,1889,871,50,6,8,4,0
0,_089,_Ridgeland Rec Center,_28089000108,1703,1422,64,16,9,2,2
0,_089,_Victory Baptist Church,_28089000109,847,206,28,1,7,2,1
0,_089,_First Presbyterian,_28089000201,1287,355,32,3,5,0,2
0,_089,_Victory Christian,_28089000202,1463,281,45,8,9,0,3
0,_089,_First Baptist,_28089000203,1784,582,70,7,15,0,0
0,_089,_Ridgeland 4,_28089000204,240,418,14,4,4,0,0
0,_089,_Highland Chapel,_28089000211,2253,742,63,8,11,0,1
0,_089,_Ridgeland 1st Methodist,_28089000301,857,567,39,6,11,0,0
0,_089,_Gluckstadt St Joe Catholic,_28089000302,2673,949,100,10,11,1,2
0,_089,_Twin Lakes Baptist,_28089000303,615,440,18,6,2,0,1
0,_089,_Colonial Heights Baptist,_28089000304,426,591,14,7,4,1,1
0,_089,_Tougaloo,_28089000305,2,329,1,8,0,0,1
0,_089,_Trace Ridge Baptist,_28089000306,1106,579,29,5,9,4,0
0,_089,_Highland Colony Baptist,_28089000307,2037,936,80,6,10,0,1
0,_089,_China Grove AME,_28089000308,1460,443,36,7,5,0,2
0,_089,_Smith School,_28089000401,244,23,6,0,0,0,0
0,_089,_Magnolia Heights,_28089000402,217,705,3,4,0,1,0
0,_089,_Ferns Chapel Freewill,_28089000403,823,398,7,0,0,0,0
0,_089,_Virlilia,_28089000404,219,64,4,2,1,0,0
0,_089,_Canton 5,_28089000405,11,934,2,0,3,1,0
0,_089,_Greater Mt. Levi Church,_28089000406,12,622,1,0,3,1,0
0,_089,_Canton Fire Station #4,_28089000407,103,248,2,0,2,0,0
0,_089,_Mad. Co. Bap. Family Life,_28089000408,9,697,3,0,1,0,0
0,_089,_Lake Caroline Clubhouse,_28089000410,1714,280,21,1,6,0,1
0,_089,_Cameron Bethel MB,_28089000501,87,80,0,0,0,0,0
0,_089,_Couparle United Methodist,_28089000502,16,30,1,0,0,0,0
0,_089,_Camden Community Center,_28089000503,62,605,6,1,2,0,1
0,_089,_Sharon,_28089000504,60,482,2,0,0,1,0
0,_089,_Canton 1,_28089000505,267,875,2,3,4,0,1
0,_089,_Canton 4,_28089000506,141,1148,3,1,0,0,0
0,_089,_Farmhaven Fire Station,_28089000507,91,564,7,1,1,0,0
0,_089,_Canton Bible Church,_28089000508,6,391,0,1,0,1,0
0,_089,_Cedar Grove Baptist,_28089000996,118,14,1,0,1,0,2
0,_089,_Bear Creek,_28089000997,285,438,11,2,3,1,0
0,_089,_Sunnybrook Village,_28089000998,372,112,15,4,6,1,0
0,_089,_NorthBay Bayview,_28089000999,610,165,22,2,3,1,0
0,_091,_Morris,_28091000001,793,439,6,3,8,3,0
0,_091,_National Guard,_28091000002,1123,104,10,7,1,0,0
0,_091,_Union,_28091000003,250,9,1,1,0,0,0
0,_091,_Popetown,_28091000004,351,392,6,2,2,1,1
0,_091,_Carley,_28091000005,683,48,9,1,2,0,0
0,_091,_Cedar Grove,_28091000006,260,109,5,0,1,0,0
0,_091,_Goss,_28091000007,339,54,7,1,0,1,0
0,_091,_Foxworth,_28091000008,562,296,8,2,1,0,0
0,_091,_Morgantown,_28091000009,393,19,5,0,0,0,2
0,_091,_Little Rock,_28091000010,232,218,8,4,0,0,0
0,_091,_City Hall,_28091000011,141,120,5,0,0,0,0
0,_091,_Darbun,_28091000013,211,39,1,0,2,1,0
0,_091,_Courthouse,_28091000014,336,121,12,1,1,0,1
0,_091,_Balls Mill,_28091000015,422,113,5,1,1,0,0
0,_091,_Kokomo,_28091000016,377,130,5,2,0,1,0
0,_091,_Pittman,_28091000017,423,19,1,0,1,0,0
0,_091,_Sandy Hook,_28091000018,222,117,0,1,1,0,0
0,_091,_South Columbia,_28091000019,5,129,1,1,0,0,0
0,_091,_Jefferson School,_28091000020,6,174,0,0,0,0,0
0,_091,_Hub,_28091000021,156,222,5,1,4,0,0
0,_091,_East Columbia,_28091000022,260,703,6,4,3,1,0
0,_091,_Pine Burr,_28091000023,291,102,1,0,1,0,0
0,_093,_N. Holly Springs Dist. 1,_28093000101,40,718,3,3,1,1,0
0,_093,_West Holly Springs,_28093000102,124,900,3,3,3,2,1
0,_093,_Red Banks,_28093000103,394,374,6,4,2,0,2
0,_093,_N. Holly Springs Dist. 2,_28093000201,145,544,8,3,3,0,0
0,_093,_Early Grove,_28093000202,104,130,0,0,1,0,0
0,_093,_Hudsonville,_28093000203,163,212,3,1,0,1,0
0,_093,_Slayden,_28093000204,290,212,3,2,6,0,0
0,_093,_Mt. Pleasant,_28093000205,604,264,6,7,6,0,0
0,_093,_North Cayce,_28093000206,219,218,3,1,0,2,0
0,_093,_Byhalia,_28093000301,810,534,12,7,3,0,0
0,_093,_Cayce,_28093000302,252,259,2,0,2,0,0
0,_093,_Barton,_28093000303,678,114,11,4,6,0,0
0,_093,_Victoria,_28093000401,108,264,1,0,3,0,1
0,_093,_Warsaw,_28093000402,224,288,1,2,2,0,0
0,_093,_Watson,_28093000403,206,188,3,0,3,2,1
0,_093,_Wall Hill,_28093000404,128,376,4,2,3,1,1
0,_093,_Marianna,_28093000405,202,296,1,3,4,0,0
0,_093,_Chulahoma,_28093000406,67,391,1,0,0,0,0
0,_093,_Laws Hill,_28093000407,94,105,1,1,0,0,0
0,_093,_South Holly Springs,_28093000501,617,1035,15,10,1,3,1
0,_093,_Potts Camp,_28093000502,472,333,2,0,2,0,0
0,_093,_Cornersville,_28093000503,111,6,0,0,0,0,1
0,_093,_Bethlehem,_28093000504,257,45,0,0,3,0,0
0,_093,_Waterford,_28093000505,278,217,6,2,4,0,1
0,_095,_Smithville,_28095000102,675,101,9,2,5,0,1
0,_095,_Williams,_28095000103,69,9,0,0,0,0,1
0,_095,_Parham,_28095000104,136,24,1,0,0,0,0
0,_095,_Hatley,_28095000105,1252,98,6,4,3,0,0
0,_095,_Amory 1,_28095000107,564,82,2,1,0,3,0
0,_095,_Bigbee,_28095000108,152,8,0,1,0,0,0
0,_095,_Boyds,_28095000109,310,29,2,0,3,0,1
0,_095,_Sipsey,_28095000201,188,10,0,0,1,0,0
0,_095,_Greenwood Springs,_28095000202,116,7,0,0,0,0,0
0,_095,_Becker,_28095000204,777,80,7,1,3,0,0
0,_095,_Amory 2,_28095000205,1227,336,20,2,5,2,1
0,_095,_Bartahatchie,_28095000302,239,20,1,0,0,0,0
0,_095,_Hamilton,_28095000304,1059,254,10,3,5,2,1
0,_095,_Lackey,_28095000305,575,105,8,2,0,1,0
0,_095,_Aberdeen,_28095000306,343,263,4,1,1,0,0
0,_095,_Athens,_28095000307,323,75,3,0,0,0,0
0,_095,_South Aberdeen,_28095000401,143,824,1,1,1,0,0
0,_095,_Darracott,_28095000402,113,23,1,0,0,0,0
0,_095,_Prairie,_28095000405,59,420,3,1,0,0,0
0,_095,_Gibson,_28095000406,78,297,2,0,3,0,0
0,_095,_North Aberdeen,_28095000407,407,714,7,4,1,3,1
0,_095,_Willis,_28095000501,140,509,5,1,1,0,0
0,_095,_Central Grove,_28095000502,104,210,2,1,1,0,0
0,_095,_Nettleton,_28095000503,429,312,10,0,2,0,0
0,_095,_Wren,_28095000505,679,161,6,1,2,0,0
0,_095,_Amory 5,_28095000506,10,553,0,2,1,0,0
0,_097,_Mt. Pisgah,_28097000101,137,20,1,0,0,0,0
0,_097,_North Winona,_28097000102,589,113,7,0,2,0,0
0,_097,_North Mt. Pisgah/Sweethome,_28097000103,67,48,3,0,1,0,0
0,_097,_Duck Hill,_28097000201,277,185,0,0,0,1,0
0,_097,_West Winona,_28097000202,436,127,2,1,2,0,0
0,_097,_North Duck Hill,_28097000203,89,106,1,0,0,0,1
0,_097,_East Winona,_28097000302,179,313,2,3,2,3,0
0,_097,_Lodi,_28097000303,41,139,2,0,0,1,0
0,_097,_North Kilmichael,_28097000304,14,70,0,0,1,0,0
0,_097,_Kilmichael,_28097000401,260,227,7,2,3,1,0
0,_097,_Stewart,_28097000402,71,6,0,0,0,0,0
0,_097,_Nations,_28097000403,210,32,2,0,1,0,2
0,_097,_Poplar Creek,_28097000501,90,7,0,0,0,0,0
0,_097,_South Winona,_28097000502,249,658,4,1,1,0,0
0,_097,_Southeast Winona,_28097000503,109,64,1,1,1,0,0
0,_099,_Zephyr Hill,_28099000101,189,57,6,0,2,1,1
0,_099,_Tucker District 1,_28099000102,12,43,1,3,1,0,0
0,_099,_Arlington,_28099000103,306,9,2,1,1,0,1
0,_099,_Fork,_28099000104,214,10,4,0,0,2,0
0,_099,_Hope,_28099000106,165,45,1,1,0,0,0
0,_099,_Fairview,_28099000107,158,30,0,1,0,0,0
0,_099,_Pearl River,_28099000108,51,178,7,2,2,0,1
0,_099,_North Bend,_28099000201,402,21,1,1,4,0,1
0,_099,_Center,_28099000202,275,39,5,0,1,0,0
0,_099,_Forestdale,_28099000204,232,41,2,0,1,1,1
0,_099,_Bogue Chitto,_28099000205,25,32,0,1,1,1,0
0,_099,_Northeast Philadelphia,_28099000206,1116,200,16,1,3,0,2
0,_099,_Southeast Philadelphia,_28099000301,806,185,6,2,2,0,0
0,_099,_County Line,_28099000303,306,12,3,2,1,0,0
0,_099,_Tucker District 3,_28099000304,425,25,3,0,1,0,0
0,_099,_House,_28099000305,404,32,4,0,1,0,0
0,_099,_Herbert,_28099000306,270,15,1,1,0,0,0
0,_099,_South Philadelphia,_28099000401,100,19,1,0,1,0,0
0,_099,_McDonald,_28099000402,503,29,2,0,1,2,0
0,_099,_Dixon,_28099000403,280,167,2,0,1,3,0
0,_099,_Deemer,_28099000404,165,10,3,0,0,0,1
0,_099,_Hays,_28099000406,246,40,0,0,0,0,0
0,_099,_Neshoba,_28099000407,284,46,1,0,0,0,0
0,_099,_Northwest Philadelphia,_28099000501,169,1013,6,4,4,4,1
0,_099,_Burnside,_28099000502,152,231,0,0,2,0,0
0,_099,_East Neshoba,_28099000503,100,183,3,0,0,1,1
0,_099,_Fusky,_28099000504,324,3,3,0,1,0,0
0,_101,_Union 1,_28101000101,113,172,2,0,2,0,0
0,_101,_Decatur 1,_28101000102,399,176,2,1,1,2,1
0,_101,_Newton 1,_28101000104,67,665,4,4,4,2,0
0,_101,_Union 2,_28101000201,446,36,7,0,2,0,0
0,_101,_Duffee,_28101000202,473,35,3,3,0,1,0
0,_101,_Decatur 2,_28101000203,368,73,6,1,1,0,0
0,_101,_Little Rock,_28101000204,657,39,4,0,2,0,1
0,_101,_Union 3,_28101000301,283,67,1,0,2,0,0
0,_101,_Decatur 3/Scanlan,_28101000302,478,122,7,0,1,0,0
0,_101,_Conehatta,_28101000303,284,128,0,3,0,0,1
0,_101,_Prospect,_28101000304,331,15,2,0,0,0,0
0,_101,_Lawrence,_28101000401,615,319,5,1,6,2,0
0,_101,_Newton 4,_28101000402,559,407,8,3,5,0,1
0,_101,_Chunky,_28101000501,370,24,4,0,1,0,2
0,_101,_Hickory,_28101000502,818,292,9,1,2,0,0
0,_101,_Newton 5,_28101000504,287,186,3,5,2,1,0
0,_103,_Cliftonville,_28103000101,34,458,1,1,1,1,0
0,_103,_Prairie Point,_28103000103,119,373,0,0,0,0,0
0,_103,_Earl Nash Gym,_28103000203,207,1021,0,3,2,0,0
0,_103,_Central District 3,_28103000302,168,987,1,0,1,1,0
0,_103,_Mashulaville,_28103000401,169,157,2,1,0,1,0
0,_103,_Summerville,_28103000403,94,37,1,0,0,0,0
0,_103,_Shuqualak,_28103000404,133,509,3,0,1,0,0
0,_103,_Brooksville,_28103000501,276,805,4,1,1,0,0
0,_105,_West Starkville,_28105000101,1109,1163,81,17,20,0,2
0,_105,_South Adaton,_28105000102,216,128,4,1,3,0,0
0,_105,_North Longview,_28105000103,429,175,19,4,2,2,0
0,_105,_Double Springs,_28105000104,370,68,4,0,4,0,0
0,_105,_Osborn,_28105000201,234,551,12,1,3,1,1
0,_105,_Northeast Starkville,_28105000202,276,351,39,9,5,0,0
0,_105,_Hickory Grove,_28105000203,504,536,31,7,2,0,0
0,_105,_North Starkville 2,_28105000204,138,535,15,3,2,1,2
0,_105,_East Starkville,_28105000301,277,220,23,5,0,0,0
0,_105,_North Starkville 3,_28105000302,683,711,46,13,7,2,2
0,_105,_Bell Schoolhouse,_28105000303,104,220,2,0,1,0,0
0,_105,_North Adaton,_28105000304,289,265,6,0,1,2,1
0,_105,_Maben,_28105000305,89,144,2,0,1,0,0
0,_105,_South Starkville,_28105000401,2124,1176,100,22,32,3,0
0,_105,_South Longview,_28105000402,117,44,4,1,0,0,0
0,_105,_Craig Springs,_28105000403,181,13,2,0,0,0,0
0,_105,_Sturgis,_28105000405,546,180,6,0,1,1,0
0,_105,_Central Starkville,_28105000501,189,770,22,6,6,3,0
0,_105,_Needmore,_28105000502,251,612,26,7,4,1,0
0,_105,_Sessums,_28105000503,226,592,14,2,4,0,0
0,_105,_Oktoc,_28105000504,224,405,6,3,1,1,0
0,_107,_North Sardis,_28107000101,347,668,3,2,3,3,2
0,_107,_Como Library,_28107000103,305,847,8,2,2,1,1
0,_107,_Pleasant Mount,_28107000105,197,230,2,0,1,0,0
0,_107,_Cold Springs,_28107000106,89,156,2,0,1,0,0
0,_107,_Longtown Fire Station,_28107000201,91,120,4,0,1,0,0
0,_107,_Crenshaw City Hall,_28107000202,125,246,0,0,0,0,0
0,_107,_Pleasant Grove FS,_28107000203,146,69,2,0,0,1,0
0,_107,_South Sardis,_28107000204,241,762,4,0,4,1,2
0,_107,_Curtis,_28107000206,87,369,1,0,0,0,0
0,_107,_Macedonia-Concord,_28107000207,44,224,1,0,1,0,0
0,_107,_Enon Water Bldg,_28107000301,81,47,0,0,0,0,0
0,_107,_Tocowa Comm Center,_28107000303,567,102,2,1,3,0,0
0,_107,_Pope City Hall,_28107000304,557,238,4,1,4,1,0
0,_107,_Courtland,_28107000305,344,768,2,1,4,1,2
0,_107,_Batesville 3,_28107000306,422,129,4,1,2,0,1
0,_107,_East Crowder,_28107000307,59,152,1,0,1,0,0
0,_107,_Coles Point,_28107000401,296,33,2,1,2,1,1
0,_107,_North Springport,_28107000402,451,231,4,4,3,0,0
0,_107,_South Springport,_28107000403,574,301,11,1,4,0,0
0,_107,_Eureka Comm Center,_28107000404,657,210,5,0,1,0,0
0,_107,_East Batesville 4,_28107000405,422,123,8,0,1,1,0
0,_107,_North Batesville A,_28107000502,444,288,9,2,4,1,0
0,_107,_North Batesville B,_28107000503,85,901,2,0,1,1,0
0,_107,_East Batesville 5,_28107000504,818,217,15,4,4,0,0
0,_109,_Whitesand 1,_28109000110,122,209,3,1,2,0,0
0,_109,_Derby 1,_28109000130,369,73,4,0,2,0,0
0,_109,_Picayune 1 Eastside,_28109000140,487,483,14,3,5,0,0
0,_109,_Poplarville 1,_28109000150,310,196,8,3,0,1,0
0,_109,_Mill Creek 2,_28109000210,509,51,7,0,3,1,1
0,_109,_Poplarville 2,_28109000227,481,69,18,1,2,0,0
0,_109,_Oak Hill 2,_28109000230,555,34,14,2,6,0,1
0,_109,_Buck Branch 2,_28109000240,505,42,9,0,4,0,1
0,_109,_Ford's Creek 2,_28109000250,129,15,1,2,0,0,0
0,_109,_Byrd Line 2,_28109000260,157,6,1,0,0,0,0
0,_109,_Picayune 2,_28109000270,1068,150,25,3,3,0,0
0,_109,_Henleyfield 2,_28109000280,662,73,11,0,2,0,0
0,_109,_Whitesand 2,_28109000290,182,14,2,0,0,0,1
0,_109,_Ozona 3,_28109000310,501,46,6,1,2,0,0
0,_109,_Salem 4,_28109000320,1480,110,15,7,9,1,3
0,_109,_Caesar 3,_28109000321,165,11,0,2,0,0,0
0,_109,_Savannah 3,_28109000330,479,36,3,0,2,1,0
0,_109,_Steep Hollow 3,_28109000340,456,38,4,3,1,0,0
0,_109,_Progress 3,_28109000350,271,11,3,3,1,0,0
0,_109,_McNeill 3,_28109000359,618,38,5,1,10,0,0
0,_109,_Poplarville 3,_28109000367,639,71,16,4,5,1,1
0,_109,_Hickory Grove 3,_28109000380,96,11,0,0,0,0,0
0,_109,_Gum Pond 3,_28109000390,601,58,11,2,2,0,0
0,_109,_Pine Grove 4,_28109000410,1265,103,17,9,5,0,0
0,_109,_Nicholson 4,_28109000420,732,102,18,7,2,2,0
0,_109,_Picayune 1 Southside,_28109000440,230,939,14,5,1,1,2
0,_109,_Carriere 3,_28109000520,330,87,5,2,3,0,0
0,_109,_Sycamore 5,_28109000525,672,74,8,3,3,1,0
0,_109,_Carriere 5,_28109000527,857,105,20,2,5,0,1
0,_109,_Anchor Lake/West Union 5,_28109000535,654,66,13,3,0,0,0
0,_109,_Hide-A-Way/North Hill 5,_28109000540,1270,175,20,4,3,0,0
0,_109,_Picayune 5,_28109000550,930,108,20,5,0,0,1
0,_111,_New Augusta Comm Ctr,_28111000101,101,111,4,0,0,0,0
0,_111,_Indian Springs,_28111000102,161,128,3,1,4,1,0
0,_111,_Beaumont District 1,_28111000103,91,302,2,0,0,0,1
0,_111,_Prospect,_28111000201,191,16,0,1,0,0,0
0,_111,_Runnelstown,_28111000202,820,42,11,0,2,1,1
0,_111,_Richton Holly Street,_28111000301,320,75,3,0,1,0,0
0,_111,_Richton City Hall,_28111000302,686,68,7,0,3,0,0
0,_111,_Richton Multi-Purpose,_28111000401,263,92,0,0,0,0,2
0,_111,_Hintonville,_28111000402,158,74,1,1,1,0,0
0,_111,_Arlington,_28111000403,370,52,4,0,2,0,0
0,_111,_Miracle Temple,_28111000404,23,94,0,1,1,0,0
0,_111,_New Augusta Courthouse,_28111000501,268,25,2,0,0,0,0
0,_111,_Thompson Hill,_28111000502,56,3,0,0,1,0,0
0,_111,_Beaumont Senior Ctr,_28111000503,132,50,4,0,0,0,0
0,_111,_Janice,_28111000504,432,73,3,0,0,1,0
0,_111,_Deep Creek,_28111000505,63,15,3,1,2,1,0
0,_113,_New Hope Baptist,_28113000101,45,580,1,3,1,1,1
0,_113,_South McComb Baptist,_28113000102,65,223,5,1,1,0,1
0,_113,_Martin Luther King Center,_28113000103,13,647,1,3,2,1,1
0,_113,_First Baptist Summit,_28113000105,63,301,1,0,0,0,0
0,_113,_Alpha Center Library,_28113000201,96,377,2,0,0,0,0
0,_113,_Fernwood School,_28113000202,189,471,1,1,1,1,2
0,_113,_Magnolia Community Center,_28113000203,228,554,9,3,3,1,3
0,_113,_Braswell Education Complex,_28113000204,346,506,9,2,4,0,0
0,_113,_South Pike Community Center,_28113000206,15,270,0,1,1,0,0
0,_113,_Leggett Community Center,_28113000301,145,219,0,0,2,1,0
0,_113,_MEPA Bldg 98 East,_28113000302,628,450,11,3,4,1,0
0,_113,_Holmesville Community Center,_28113000304,368,248,7,0,1,1,1
0,_113,_Calvary Baptist Church,_28113000305,451,188,3,2,3,1,0
0,_113,_Old Jones School,_28113000306,534,116,2,1,1,1,0
0,_113,_Johnston Chapel Methodist,_28113000401,779,107,8,0,5,1,0
0,_113,_American Legion Hut,_28113000402,325,164,9,2,0,0,0
0,_113,_Pike County National Bank,_28113000403,277,268,13,4,2,2,0
0,_113,_Summit City Hall,_28113000404,321,375,7,2,3,1,0
0,_113,_SMCC Work Force Training Center,_28113000405,550,215,7,2,1,0,0
0,_113,_Pisgah Methodist,_28113000406,722,161,12,1,0,2,0
0,_113,_Unity MBC,_28113000501,360,476,7,3,3,1,1
0,_113,_Church of Christ,_28113000503,345,388,12,7,2,2,0
0,_113,_West McComb Baptist,_28113000504,388,252,4,1,2,0,0
0,_113,_St. Mary of the Pines,_28113000505,535,370,9,1,2,0,0
0,_113,_Osyka City Hall,_28113000506,221,117,2,0,1,0,0
0,_115,_Friendship,_28115000101,186,27,3,0,2,0,0
0,_115,_Cherry Creek,_28115000102,442,51,8,1,4,0,0
0,_115,_Oak Hill,_28115000103,238,27,4,0,3,1,0
0,_115,_Bethel,_28115000104,428,74,13,4,0,0,1
0,_115,_Sherman,_28115000106,284,45,2,0,0,0,0
0,_115,_Pontotoc 1,_28115000107,286,54,4,0,0,0,1
0,_115,_Ecru,_28115000108,510,146,7,2,2,2,0
0,_115,_Hurricane,_28115000201,394,21,9,0,0,0,0
0,_115,_Buchanan,_28115000202,400,34,5,1,1,0,0
0,_115,_Thaxton,_28115000203,452,38,4,0,4,0,0
0,_115,_Toccopola,_28115000204,164,36,6,1,4,1,3
0,_115,_Turnpike,_28115000205,307,36,6,2,4,0,0
0,_115,_Pontotoc 2,_28115000206,361,96,7,2,4,0,1
0,_115,_Randolph,_28115000301,620,40,5,4,3,1,0
0,_115,_Springville,_28115000303,549,91,7,4,3,1,0
0,_115,_Pontotoc 3,_28115000304,629,189,6,1,3,1,0
0,_115,_Judah,_28115000305,282,16,4,0,1,0,0
0,_115,_Robbs,_28115000306,44,14,1,1,0,0,0
0,_115,_Bankhead,_28115000401,303,278,4,4,2,0,0
0,_115,_Pontotoc 4,_28115000402,359,138,5,1,0,0,0
0,_115,_Longview,_28115000403,149,118,4,0,0,1,0
0,_115,_Hoyle,_28115000404,339,270,5,4,3,0,1
0,_115,_Zion,_28115000405,299,107,4,0,5,0,0
0,_115,_Woodland,_28115000406,128,15,2,0,2,0,0
0,_115,_Algoma,_28115000501,485,73,0,1,2,0,1
0,_115,_Beckham,_28115000502,402,77,9,2,0,0,1
0,_115,_Troy,_28115000503,466,65,6,0,0,0,0
0,_115,_Pontotoc 5,_28115000504,830,210,10,1,5,2,0
0,_117,_Tuscumbia-New Candler,_28117000101,465,89,5,0,4,0,1
0,_117,_Thrasher,_28117000103,339,115,3,0,1,0,0
0,_117,_Booneville,_28117000104,830,119,10,2,3,0,0
0,_117,_Crossroads,_28117000202,482,64,4,0,6,0,1
0,_117,_Blackland,_28117000203,322,50,0,0,0,2,1
0,_117,_West Booneville,_28117000205,1317,250,20,10,4,1,1
0,_117,_Wheeler,_28117000302,516,130,1,1,4,1,0
0,_117,_Ingram,_28117000303,207,11,0,0,0,0,0
0,_117,_Baldwyn,_28117000304,467,460,6,4,3,0,0
0,_117,_New Site,_28117000402,414,47,1,0,2,1,2
0,_117,_Marietta,_28117000404,497,64,2,1,1,3,0
0,_117,_East Booneville,_28117000405,563,177,3,4,0,0,1
0,_117,_Cairo,_28117000501,296,35,5,0,2,0,0
0,_117,_Hills Chapel-New Hope,_28117000502,725,68,13,2,2,0,0
0,_117,_North Booneville,_28117000504,208,388,6,1,1,3,2
0,_119,_Sledge,_28119000101,46,359,2,1,1,1,1
0,_119,_Crenshaw,_28119000102,3,106,0,0,0,1,0
0,_119,_Darling,_28119000103,44,140,0,0,1,1,0
0,_119,_Northwest Marks,_28119000202,103,456,3,1,1,2,0
0,_119,_District 3 North,_28119000301,188,193,4,1,0,1,0
0,_119,_District 3 South,_28119000302,180,192,1,1,0,1,0
0,_119,_Southwest Marks,_28119000401,84,252,6,2,4,3,0
0,_119,_West Lambert,_28119000402,73,274,3,1,1,2,1
0,_119,_Lambert,_28119000501,53,301,1,0,1,1,1
0,_119,_Crowder,_28119000502,227,39,0,0,0,0,0
0,_121,_Clear Branch,_28121000101,513,123,1,0,0,0,0
0,_121,_Cleary,_28121000102,1197,137,13,2,4,0,0
0,_121,_East Steen Creek,_28121000103,1473,331,20,4,11,0,0
0,_121,_Mountain Creek,_28121000104,319,75,1,4,2,0,0
0,_121,_North Richland,_28121000105,814,265,17,4,5,1,2
0,_121,_South Richland,_28121000106,1425,365,29,6,5,1,0
0,_121,_Star,_28121000107,563,150,13,5,2,0,3
0,_121,_West Steen Creek,_28121000109,1280,307,16,7,13,0,0
0,_121,_West Pearl,_28121000110,597,356,7,8,4,1,0
0,_121,_Castlewoods West,_28121000201,1780,580,55,12,10,1,0
0,_121,_Crest Park,_28121000202,882,237,20,4,6,0,0
0,_121,_Fannin,_28121000203,1201,315,31,3,5,0,0
0,_121,_Liberty,_28121000204,1206,348,34,9,6,0,0
0,_121,_Lakeland,_28121000205,603,162,28,4,2,0,0
0,_121,_Reservoir West,_28121000206,1135,237,24,3,7,1,2
0,_121,_Northshore,_28121000207,1652,350,31,4,2,0,0
0,_121,_Reservoir East,_28121000208,1070,234,37,6,3,0,3
0,_121,_Grant's Ferry,_28121000209,1747,528,48,12,7,1,1
0,_121,_Castlewoods East,_28121000210,1627,418,49,6,21,0,0
0,_121,_Cato,_28121000301,655,197,10,2,1,0,1
0,_121,_Cunningham Heights,_28121000302,533,157,7,4,6,0,0
0,_121,_Dry Creek,_28121000303,606,510,5,4,5,0,0
0,_121,_Briarhill,_28121000304,430,196,6,0,4,0,0
0,_121,_North McLaurin,_28121000305,581,111,14,2,4,0,0
0,_121,_Pearl City Hall,_28121000308,865,224,17,4,1,0,1
0,_121,_Puckett,_28121000309,420,92,6,0,1,0,0
0,_121,_South Pearson,_28121000310,160,619,4,2,2,0,2
0,_121,_Antioch,_28121000311,232,9,2,2,0,1,0
0,_121,_East Brandon,_28121000312,1811,304,33,5,8,0,0
0,_121,_Johns,_28121000313,394,123,3,1,1,0,1
0,_121,_Mayton,_28121000314,132,40,0,0,1,0,0
0,_121,_South Brandon,_28121000315,606,81,14,5,4,0,0
0,_121,_Crossroads,_28121000401,480,44,2,3,0,0,0
0,_121,_Leesburg,_28121000402,496,27,0,2,3,0,1
0,_121,_North Brandon,_28121000403,1329,543,14,7,8,0,0
0,_121,_West Crossgates,_28121000404,1496,313,31,8,10,0,1
0,_121,_Pelahatchie,_28121000405,1088,389,9,8,9,0,3
0,_121,_Oakdale,_28121000408,1741,579,41,13,5,1,1
0,_121,_Pisgah,_28121000409,285,164,5,0,0,1,1
0,_121,_Shiloh,_28121000410,170,87,0,0,3,0,0
0,_121,_Northeast Brandon,_28121000411,1623,411,26,6,9,0,1
0,_121,_East Crossgates,_28121000412,2067,359,46,5,7,2,0
0,_121,_Brandon Central,_28121000413,1014,231,12,2,8,0,1
0,_121,_South McLaurin,_28121000501,687,126,22,5,3,1,0
0,_121,_Springhill,_28121000502,862,115,16,3,4,0,0
0,_121,_West Brandon,_28121000503,806,628,19,1,3,1,1
0,_121,_Greenfield,_28121000504,1183,591,22,9,5,3,0
0,_121,_Eldorado,_28121000505,1082,365,26,3,6,1,0
0,_121,_Highlands/Patrick Farms,_28121000507,842,536,35,2,3,1,2
0,_121,_Flowood Library,_28121000508,1418,421,46,7,6,3,1
0,_123,_Harperville,_28123000101,268,409,3,1,1,0,0
0,_123,_Hillsboro,_28123000102,279,454,4,2,5,0,0
0,_123,_North Forest,_28123000103,94,549,2,1,0,2,2
0,_123,_South Forest,_28123000201,298,513,6,2,4,0,0
0,_123,_Usry,_28123000202,240,33,0,0,1,0,0
0,_123,_Lake,_28123000203,137,123,2,0,0,1,0
0,_123,_High Hill,_28123000204,141,139,5,0,0,0,1
0,_123,_Homewood,_28123000205,195,59,1,0,0,0,1
0,_123,_East-West Morton,_28123000301,647,338,10,1,5,1,0
0,_123,_Northwest Forest,_28123000302,119,20,3,0,0,2,0
0,_123,_Pulaski,_28123000303,247,28,1,1,0,1,0
0,_123,_Cooperville/Springfield,_28123000304,535,33,11,0,1,0,0
0,_123,_Contrell,_28123000401,78,174,1,1,0,0,0
0,_123,_Clifton,_28123000402,80,12,1,0,0,0,0
0,_123,_Forkville,_28123000403,220,10,2,0,0,0,1
0,_123,_North Morton,_28123000404,274,431,3,3,1,0,0
0,_123,_Branch,_28123000405,450,106,4,0,0,0,0
0,_123,_Ludlow,_28123000406,306,137,3,0,0,0,0
0,_123,_Sebastapol,_28123000501,354,12,3,0,0,0,0
0,_123,_Salem,_28123000502,217,221,3,1,0,0,0
0,_123,_Northeast Forest,_28123000503,373,49,4,1,0,0,0
0,_123,_Langs Mill,_28123000504,366,130,4,4,1,1,0
0,_123,_Steele,_28123000505,204,288,5,1,0,0,0
0,_125,_Cary,_28125000101,83,234,2,0,0,1,0
0,_125,_Rolling Fork 2,_28125000102,2,63,0,0,0,0,0
0,_125,_Spanish Fort,_28125000103,34,3,0,0,0,0,0
0,_125,_Rolling Fork 1,_28125000104,254,212,3,0,3,1,0
0,_125,_Rolling Fork 3,_28125000105,20,328,1,1,1,0,0
0,_125,_Rolling Fork 4,_28125000106,1,93,0,0,0,0,0
0,_125,_Anguilla 4,_28125000107,132,169,1,0,1,0,0
0,_125,_Straight Bayou,_28125000108,55,38,0,0,0,0,0
0,_125,_Delta City,_28125000109,78,148,0,1,0,0,0
0,_125,_Anguilla 5,_28125000110,33,191,3,0,0,0,0
0,_127,_Magee 1,_28127000101,76,451,0,2,0,1,0
0,_127,_Jupiter,_28127000102,125,401,1,3,2,0,1
0,_127,_Weathersby,_28127000103,128,575,4,1,2,1,0
0,_127,_Mendenhall 1,_28127000104,87,181,3,0,1,0,0
0,_127,_Saratoga,_28127000201,122,137,3,1,1,0,0
0,_127,_New Hope,_28127000202,113,105,2,0,0,1,0
0,_127,_Bowie,_28127000203,180,93,0,0,2,0,0
0,_127,_Oak Grove,_28127000204,267,259,1,1,0,0,0
0,_127,_Magee 2,_28127000205,793,184,7,0,3,2,0
0,_127,_Sumrall,_28127000301,325,78,1,0,2,0,0
0,_127,_Mendenhall 3,_28127000302,703,141,12,3,8,0,0
0,_127,_DLo,_28127000303,254,27,0,0,0,0,0
0,_127,_Dry Creek,_28127000304,540,54,3,0,3,0,0
0,_127,_Magee 4-N,_28127000401,362,75,3,0,0,0,0
0,_127,_Magee 4-S,_28127000402,633,173,12,0,2,1,0
0,_127,_Pinola,_28127000403,210,108,0,1,0,0,0
0,_127,_Shivers,_28127000404,187,161,5,1,1,0,0
0,_127,_Bridgeport,_28127000405,99,215,1,0,0,1,1
0,_127,_Braxton,_28127000501,635,38,4,1,4,0,0
0,_127,_Merit,_28127000502,531,49,7,2,4,0,1
0,_127,_Fork Church,_28127000503,102,211,1,0,0,2,0
0,_127,_Harrisville,_28127000504,566,81,3,3,3,1,0
0,_127,_Pearl,_28127000505,355,77,1,3,4,0,1
0,_129,_Center Ridge,_28129000101,377,21,2,1,0,0,0
0,_129,_Sylvarena,_28129000102,181,15,0,0,0,0,0
0,_129,_Ag Complex,_28129000103,456,43,5,0,2,0,0
0,_129,_Union/New Home,_28129000201,334,134,1,2,1,1,0
0,_129,_Summerland,_28129000202,234,390,4,1,1,1,1
0,_129,_Warren Hill,_28129000203,36,325,1,2,0,0,0
0,_129,_Zion Hill/New Haven,_28129000301,516,132,10,2,1,0,0
0,_129,_Taylorsville,_28129000302,729,66,4,0,1,0,0
0,_129,_Mize,_28129000303,472,33,2,0,3,0,0
0,_129,_West Raleigh,_28129000401,298,22,1,0,1,0,0
0,_129,_Shady Grove,_28129000402,349,11,3,0,0,0,1
0,_129,_White Oak,_28129000403,332,15,0,0,0,0,0
0,_129,_Polkville,_28129000404,401,29,1,0,1,0,1
0,_129,_North Raleigh,_28129000501,386,210,8,0,0,2,0
0,_129,_Burns,_28129000502,190,66,2,0,0,0,0
0,_129,_Clear Springs/Pineville,_28129000503,243,13,0,0,0,0,0
0,_129,_Lorena/Spinola,_28129000504,294,39,4,0,3,1,0
0,_129,_Cedar Grove,_28129000505,100,53,3,0,1,0,0
0,_131,_Bond,_28131000101,121,9,3,0,2,0,0
0,_131,_Courthouse,_28131000102,354,80,14,1,4,0,1
0,_131,_Old Health Dept,_28131000103,389,58,9,1,3,1,0
0,_131,_American Legion,_28131000201,244,415,2,1,4,0,0
0,_131,_New Hope,_28131000203,184,499,4,1,1,0,1
0,_131,_Perkinston,_28131000301,235,58,10,3,4,0,0
0,_131,_Elarbee,_28131000302,317,21,6,0,1,0,0
0,_131,_McHenry Library,_28131000303,333,25,7,2,2,0,0
0,_131,_Magnolia,_28131000304,335,18,3,3,3,1,0
0,_131,_Tuxachanie,_28131000401,804,57,9,2,3,0,1
0,_131,_Ten Mile NG,_28131000402,241,25,2,0,1,0,0
0,_131,_McHenry Fire Station,_28131000403,415,91,13,1,4,0,0
0,_131,_Flint Creek,_28131000501,634,120,9,1,1,0,1
0,_131,_Big Level,_28131000502,524,75,14,0,2,1,0
0,_131,_Pleasant Hill,_28131000503,176,22,3,0,0,0,0
0,_133,_Inverness,_28133000101,394,309,2,0,2,0,0
0,_133,_Indianola 1 Southeast,_28133000102,3,469,0,0,1,1,0
0,_133,_Moorhead,_28133000103,139,717,0,2,2,0,1
0,_133,_Indianola 2 West,_28133000201,183,408,1,1,0,0,1
0,_133,_Indianola 2 East,_28133000202,15,1496,3,7,3,2,3
0,_133,_Sunflower,_28133000301,105,400,1,2,0,0,0
0,_133,_Indianola 3 North,_28133000302,185,226,0,2,1,0,1
0,_133,_Indianola 3 South,_28133000303,454,499,7,3,2,3,2
0,_133,_Indianola 3 Northeast,_28133000304,227,195,0,0,0,0,0
0,_133,_Ruleville,_28133000401,87,781,0,1,2,0,0
0,_133,_Doddsville,_28133000402,24,105,1,0,0,0,0
0,_133,_Boyer-Linn,_28133000403,176,150,1,0,0,1,1
0,_133,_Fairview-Hale,_28133000404,86,15,1,0,0,0,0
0,_133,_Rome,_28133000501,62,73,0,0,1,0,0
0,_133,_Sunflower Plantation,_28133000502,125,15,0,0,0,0,0
0,_133,_Drew,_28133000503,286,695,4,0,0,0,0
0,_133,_Ruleville North,_28133000504,243,172,6,2,2,0,0
0,_135,_Teasdale,_28135000101,234,57,3,0,1,1,0
0,_135,_Enid,_28135000102,210,98,0,0,1,0,0
0,_135,_Springhill,_28135000103,153,21,2,0,0,0,0
0,_135,_Charleston Beat 1,_28135000104,210,325,4,2,1,1,0
0,_135,_Charleston Beat 2,_28135000201,248,565,2,1,5,3,0
0,_135,_Brazil,_28135000202,17,26,0,0,0,0,0
0,_135,_Sumner Beat 2,_28135000204,145,90,0,0,0,0,0
0,_135,_Charleston Beat 3,_28135000301,168,256,5,1,1,1,1
0,_135,_Paynes,_28135000302,146,14,0,0,0,0,0
0,_135,_Leverette,_28135000303,46,43,0,0,1,0,0
0,_135,_Cascilla,_28135000304,240,73,1,0,1,2,0
0,_135,_Murphreesboro,_28135000305,131,14,6,0,1,0,1
0,_135,_Rosebloom,_28135000306,120,6,2,0,0,0,0
0,_135,_Blue Cane,_28135000307,61,225,0,1,0,3,0
0,_135,_Tippo,_28135000401,84,69,0,0,0,0,0
0,_135,_Philipp,_28135000402,61,103,0,0,0,3,0
0,_135,_Glendora,_28135000403,12,294,1,0,1,1,0
0,_135,_Webb Beat 4,_28135000404,32,115,0,0,1,0,0
0,_135,_Webb Beat 5,_28135000501,41,340,0,2,1,0,0
0,_135,_Sumner Beat 5,_28135000502,48,117,1,0,0,0,0
0,_135,_Tutwiler,_28135000503,55,486,4,1,0,0,0
0,_137,_Senatobia 1,_28137000101,1278,459,19,5,6,3,1
0,_137,_Sarah,_28137000102,141,9,2,0,0,0,0
0,_137,_Sherrod,_28137000103,235,16,2,0,4,0,0
0,_137,_Strayhorn 1,_28137000104,356,38,8,1,1,0,0
0,_137,_Strayhorn 2,_28137000105,284,29,3,1,1,0,0
0,_137,_Senatobia 2,_28137000201,745,269,19,2,4,0,1
0,_137,_Coldwater,_28137000202,429,828,8,2,10,0,2
0,_137,_Arkabutla,_28137000203,436,258,6,2,2,0,1
0,_137,_Evansville,_28137000204,120,55,3,0,3,0,0
0,_137,_Poagville 4,_28137000302,535,121,7,1,3,2,0
0,_137,_Palestine,_28137000303,226,29,4,0,2,0,0
0,_137,_Taylor,_28137000304,61,115,0,1,0,0,0
0,_137,_Senatobia 3,_28137000305,85,406,3,0,2,0,0
0,_137,_Senatobia 4,_28137000401,638,187,12,1,1,1,0
0,_137,_Looxahoma,_28137000402,435,325,4,0,6,1,1
0,_137,_Tyro,_28137000403,117,145,1,0,2,0,1
0,_137,_Thyatira,_28137000502,184,66,4,0,0,0,0
0,_137,_Wyatte,_28137000503,116,68,2,1,0,0,1
0,_137,_Independence,_28137000504,919,419,8,3,7,1,0
0,_137,_Poagville 5,_28137000505,155,84,0,0,1,0,0
0,_139,_Threeforks,_28139000101,238,21,2,0,2,0,0
0,_139,_Brownfield,_28139000102,118,9,0,0,0,0,0
0,_139,_Walnut,_28139000103,360,91,5,1,0,1,1
0,_139,_Chalybeate,_28139000104,443,59,1,1,2,0,1
0,_139,_Tiplersville,_28139000105,145,100,0,0,1,0,0
0,_139,_North Falkner,_28139000106,144,39,2,3,1,0,1
0,_139,_Falkner,_28139000201,526,88,7,0,9,0,0
0,_139,_North Ripley,_28139000202,735,348,12,9,6,1,1
0,_139,_Blue Mountain,_28139000301,449,269,7,1,4,0,0
0,_139,_Cotton Plant,_28139000302,83,90,1,0,0,2,0
0,_139,_New Hope,_28139000303,257,18,1,0,1,0,0
0,_139,_Clarysville,_28139000304,125,3,3,0,0,0,0
0,_139,_Palmer,_28139000305,409,57,5,3,1,0,1
0,_139,_Shady Grove,_28139000306,134,5,2,0,3,0,0
0,_139,_Mitchell,_28139000401,188,14,0,0,1,0,0
0,_139,_Pine Grove,_28139000402,199,7,1,0,0,0,1
0,_139,_Dumas,_28139000403,430,19,6,1,3,0,1
0,_139,_Dry Creek,_28139000404,216,18,0,0,0,0,0
0,_139,_Southwest Ripley,_28139000405,613,249,7,1,5,2,1
0,_139,_Chapman,_28139000501,416,27,2,0,1,0,0
0,_139,_Spout Springs,_28139000503,145,19,0,0,1,0,0
0,_139,_Peoples,_28139000506,178,29,0,0,0,0,0
0,_139,_Providence,_28139000507,161,19,2,0,1,0,0
0,_139,_Ripley,_28139000508,528,244,6,2,3,0,0
0,_141,_Hubbard-Salem,_28141000101,101,13,3,2,0,0,0
0,_141,_Iuka,_28141000103,1374,238,32,4,5,0,1
0,_141,_Coles Mill,_28141000201,410,51,8,5,2,0,0
0,_141,_North Burnsville,_28141000202,418,58,7,0,1,1,0
0,_141,_Burnsville,_28141000204,670,46,12,3,1,1,0
0,_141,_East Iuka,_28141000301,970,186,27,3,5,0,1
0,_141,_Spring Hill,_28141000302,341,62,14,2,0,1,0
0,_141,_Paden,_28141000401,211,25,2,0,4,0,0
0,_141,_Tishomingo,_28141000403,785,192,17,4,1,1,2
0,_141,_Dennis,_28141000404,219,12,1,0,1,0,0
0,_141,_North Belmont,_28141000405,246,16,1,2,1,0,0
0,_141,_Cotton Springs,_28141000501,195,9,2,0,1,0,0
0,_141,_Belmont,_28141000502,738,56,11,0,5,1,0
0,_141,_Golden,_28141000504,488,35,3,3,1,0,1
0,_143,_WIN Job Center,_28143000001,55,148,1,1,0,0,0
0,_143,_Banks/Hambrick,_28143000002,3,180,0,0,1,0,0
0,_143,_Prichard,_28143000003,17,272,0,2,1,0,1
0,_143,_Tunica Auditorium,_28143000004,26,371,0,0,1,0,0
0,_143,_Mhoon Landing,_28143000005,82,12,1,0,1,0,0
0,_143,_Tunica,_28143000007,216,242,3,0,2,0,1
0,_143,_Tunica Supt. Of Educ.,_28143000009,88,158,7,2,1,1,0
0,_143,_West End Store,_28143000010,33,41,0,0,1,0,1
0,_143,_White Oak,_28143000011,64,318,2,1,0,1,1
0,_143,_Two Mile Lake,_28143000012,96,295,2,0,3,1,0
0,_143,_Robinsonville,_28143000013,46,335,1,1,2,0,1
0,_143,_New Sub,_28143000014,127,295,1,1,0,0,0
0,_145,_Macedonia,_28145000101,255,23,0,0,1,0,0
0,_145,_Blythe,_28145000102,178,24,1,0,0,0,1
0,_145,_Myrtle,_28145000103,830,134,6,3,6,3,1
0,_145,_Glenfield,_28145000105,471,140,8,1,4,2,0
0,_145,_Pinedale,_28145000201,302,24,2,0,3,0,0
0,_145,_West Union,_28145000202,517,36,8,1,0,1,0
0,_145,_Sportsplex,_28145000205,615,269,12,0,3,4,0
0,_145,_Ingomar,_28145000206,632,126,8,0,2,0,1
0,_145,_Kings Chapel,_28145000301,343,42,3,2,0,0,0
0,_145,_Courthouse,_28145000302,521,185,11,1,15,0,1
0,_145,_Central Maintenance,_28145000304,667,119,9,2,10,1,0
0,_145,_Beacon Hill,_28145000306,492,100,12,1,4,1,0
0,_145,_Blue Springs,_28145000401,374,54,4,0,1,0,0
0,_145,_Hillcrest Church,_28145000402,376,234,7,0,7,0,0
0,_145,_Center,_28145000404,311,16,4,1,2,1,0
0,_145,_East Union,_28145000407,591,121,7,1,3,1,0
0,_145,_Northeast MS Community College,_28145000503,789,282,22,5,9,2,0
0,_145,_Keownville,_28145000504,469,39,3,0,0,0,0
0,_145,_Pleasant Ridge,_28145000505,206,22,3,2,2,0,2
0,_145,_Jericho,_28145000508,296,22,3,0,2,0,0
0,_147,_Midway,_28147000101,182,50,0,0,0,0,0
0,_147,_North Kirklin,_28147000102,183,247,3,0,2,0,0
0,_147,_Lexie,_28147000103,472,82,2,0,6,2,0
0,_147,_South Kirklin,_28147000104,124,38,0,0,0,1,0
0,_147,_Mesa,_28147000201,51,9,0,0,0,0,0
0,_147,_West Tylertown,_28147000202,179,218,2,0,0,0,0
0,_147,_East Tylertown,_28147000203,66,6,3,1,0,0,0
0,_147,_North Knoxo,_28147000204,52,576,4,3,2,0,1
0,_147,_Improve,_28147000301,319,102,1,0,2,0,0
0,_147,_Dexter,_28147000302,416,137,1,1,1,0,0
0,_147,_Tylertown 3,_28147000303,327,135,2,0,0,0,0
0,_147,_Sartinville,_28147000401,132,58,0,0,2,0,0
0,_147,_Darbun,_28147000402,93,22,0,0,0,0,0
0,_147,_Varnell,_28147000403,410,114,3,0,0,0,0
0,_147,_Tylertown 4,_28147000404,306,33,3,0,1,0,0
0,_147,_Tylertown 4 West,_28147000405,313,85,2,0,3,0,0
0,_147,_Enon,_28147000501,159,38,0,0,2,0,1
0,_147,_Dinan,_28147000502,185,463,5,3,1,1,0
0,_147,_Hope,_28147000503,30,194,0,0,1,1,0
0,_147,_Saint Paul,_28147000504,57,183,0,2,1,1,0
0,_149,_Oak Ridge,_28149000101,91,21,4,1,0,0,0
0,_149,_Bovina,_28149000102,733,199,6,1,3,0,0
0,_149,_Culkin,_28149000103,2356,831,40,4,7,2,1
0,_149,_Redwood,_28149000104,140,14,2,0,1,0,0
0,_149,_St. Aloysius,_28149000201,10,243,2,1,0,0,0
0,_149,_Kings,_28149000202,305,484,8,0,4,0,2
0,_149,_Cedar Grove,_28149000203,212,854,9,2,2,1,0
0,_149,_3-61 Store,_28149000204,78,50,0,0,0,0,0
0,_149,_Auditorium,_28149000205,94,744,9,2,0,1,0
0,_149,_Brunswick,_28149000206,216,36,3,0,0,0,0
0,_149,_Vicksburg Jr. High School,_28149000301,372,1023,15,8,3,2,1
0,_149,_American Legion Post,_28149000302,212,897,13,1,6,1,0
0,_149,_No. 7 Fire Station,_28149000303,192,604,12,4,0,0,0
0,_149,_Jett,_28149000401,431,637,5,2,6,0,1
0,_149,_Elks Lodge,_28149000402,508,537,13,9,2,1,1
0,_149,_Goodrum,_28149000403,560,203,14,2,4,0,1
0,_149,_Yokena,_28149000404,347,139,4,1,2,1,0
0,_149,_Plumbers & Pipefitters,_28149000501,516,358,9,2,1,2,0
0,_149,_Beechwood,_28149000502,927,286,28,6,6,2,1
0,_149,_YMCA,_28149000503,300,193,9,4,2,0,0
0,_149,_Moose Lodge,_28149000504,719,274,14,4,2,2,1
0,_149,_Tingleville,_28149000505,448,657,10,2,3,1,1
0,_151,_St. James Epis. Church,_28151000102,641,1129,14,5,5,3,2
0,_151,_Swiftwater Baptist Church,_28151000103,556,66,5,2,0,0,0
0,_151,_Glen Allan Library,_28151000104,243,161,4,0,1,0,0
0,_151,_Covenant Presbyterian,_28151000105,808,269,13,2,1,0,0
0,_151,_Wards Recreation Center,_28151000201,727,721,8,6,4,1,2
0,_151,_Buster Brown Comm. Center,_28151000202,326,1267,18,4,4,1,1
0,_151,_Arcola Technology Center,_28151000204,153,230,0,1,1,0,1
0,_151,_Tampa Drive,_28151000301,97,298,3,1,1,0,1
0,_151,_Mount Bethel Baptist,_28151000302,8,563,2,0,2,0,1
0,_151,_Extension Building,_28151000303,12,462,0,1,0,0,1
0,_151,_Lake Vista Masonic Lodge,_28151000304,254,814,9,3,2,0,0
0,_151,_Metcalfe Municipal,_28151000305,7,395,0,2,0,0,1
0,_151,_Elks Lodge,_28151000401,75,1142,4,1,4,1,1
0,_151,_Leland Health Dept,_28151000402,464,832,5,2,2,2,1
0,_151,_Leland Rotary Club,_28151000403,398,540,8,1,1,1,3
0,_151,_Hollandale City Hall,_28151000501,226,835,3,2,0,1,1
0,_151,_Darlove Baptist Church,_28151000502,36,26,2,0,0,0,0
0,_151,_Washington Convention Center,_28151000504,200,604,6,1,4,0,1
0,_151,_Jakes Chapel MB Church,_28151000505,13,1026,2,1,1,0,0
0,_153,_Buckatunna,_28153000101,225,269,1,0,2,1,2
0,_153,_Waynesboro 1,_28153000102,9,518,2,0,0,1,0
0,_153,_Chicora,_28153000103,223,48,6,0,2,0,0
0,_153,_State Line,_28153000105,342,243,2,0,2,0,1
0,_153,_Waynesboro 2,_28153000201,394,388,2,0,2,1,0
0,_153,_Big Rock,_28153000202,76,71,0,0,0,0,0
0,_153,_Winchester,_28153000203,202,335,1,0,0,0,0
0,_153,_Denham,_28153000204,333,66,4,0,2,0,2
0,_153,_Waynesboro 3,_28153000301,591,156,7,1,1,0,1
0,_153,_Yellow Creek,_28153000302,320,187,0,0,1,1,0
0,_153,_Hiwannee,_28153000303,86,184,2,0,0,1,0
0,_153,_Chapparal/Diamond,_28153000304,64,213,2,0,0,0,0
0,_153,_Matherville/Coyt,_28153000305,113,27,0,0,0,0,0
0,_153,_Waynesboro 4,_28153000401,111,253,1,0,0,1,0
0,_153,_Mozingo,_28153000402,247,58,1,0,1,1,0
0,_153,_Beat Four,_28153000403,514,81,4,0,0,0,0
0,_153,_Pleasant Grove,_28153000404,301,126,1,0,1,0,0
0,_153,_Eucutta,_28153000405,145,47,2,0,1,1,0
0,_153,_Waynesboro 5,_28153000501,97,211,2,0,3,1,0
0,_153,_Clara,_28153000502,1197,32,4,2,2,0,0
0,_153,_Corinth,_28153000503,241,8,1,0,0,0,1
0,_153,_Strengthford,_28153000505,159,3,1,0,0,0,0
0,_155,_Bluff Springs,_28155000101,68,60,0,0,0,0,0
0,_155,_Eupora 1,_28155000102,386,412,5,1,5,0,1
0,_155,_Cadaretta,_28155000201,96,10,0,0,0,0,0
0,_155,_Walthall,_28155000202,330,29,3,1,0,0,0
0,_155,_Eupora 2,_28155000204,267,45,1,1,3,0,0
0,_155,_Bellefontaine,_28155000205,202,30,2,0,1,0,0
0,_155,_Fay,_28155000301,100,4,2,0,0,0,1
0,_155,_Eupora 3,_28155000302,174,59,2,1,3,0,1
0,_155,_Tomnolen,_28155000303,287,30,1,2,3,0,0
0,_155,_Grady,_28155000304,175,35,2,1,1,0,0
0,_155,_Big Black,_28155000401,200,13,0,0,1,0,0
0,_155,_Mathiston,_28155000402,395,80,2,1,3,0,0
0,_155,_Maben,_28155000403,297,119,4,2,1,1,0
0,_155,_Fame,_28155000501,195,13,0,0,2,0,0
0,_155,_Clarkson,_28155000502,268,10,1,0,2,0,1
0,_155,_Cumberland,_28155000503,243,42,1,5,0,0,1
0,_155,_Mantee,_28155000504,293,28,1,0,1,0,0
0,_157,_Woodville 1,_28157000101,150,240,0,0,0,0,0
0,_157,_Centreville 1,_28157000102,74,387,1,0,4,0,1
0,_157,_Woodville 2,_28157000201,100,395,1,0,1,0,0
0,_157,_Fort Adams,_28157000202,72,275,1,1,1,0,0
0,_157,_Centreville 3,_28157000301,293,462,3,0,4,0,0
0,_157,_Woodville 4,_28157000401,87,595,1,2,3,1,2
0,_157,_Cold Springs,_28157000402,91,89,0,1,1,0,0
0,_157,_Woodville 5,_28157000501,222,265,5,0,3,0,1
0,_157,_Longmire,_28157000502,229,149,3,0,2,0,0
0,_159,_Fairground,_28159000102,1015,539,17,6,4,0,0
0,_159,_New National Guard,_28159000104,233,83,5,0,0,0,1
0,_159,_East Winston,_28159000201,430,151,4,2,0,1,0
0,_159,_Nanih Waiya,_28159000203,848,178,4,2,0,0,2
0,_159,_Lovorn Tractor,_28159000204,237,144,0,0,1,0,0
0,_159,_American Legion,_28159000301,108,686,4,4,3,1,1
0,_159,_Mill Creek,_28159000303,699,370,5,8,4,2,1
0,_159,_Zion Ridge,_28159000401,45,404,0,2,2,0,2
0,_159,_County Agent,_28159000402,142,715,3,3,6,1,0
0,_159,_Shiloh,_28159000405,285,96,4,0,0,0,0
0,_159,_Noxapater,_28159000502,529,250,6,2,1,0,0
0,_159,_Mars Hill,_28159000504,339,234,3,1,2,1,0
0,_161,_One South,_28161000101,223,140,4,2,3,1,0
0,_161,_One North,_28161000102,592,297,26,5,4,0,1
0,_161,_Water Valley,_28161000202,355,673,11,7,3,2,0
0,_161,_Sylva Rena,_28161000301,346,108,3,1,1,0,0
0,_161,_Three North West,_28161000302,598,201,10,6,1,1,0
0,_161,_Oakland,_28161000401,373,414,3,2,3,0,0
0,_161,_Coffeeville 4,_28161000402,93,380,1,0,1,0,1
0,_161,_Scuna-Vanns Mill,_28161000502,101,48,1,1,0,0,0
0,_161,_Coffeeville 5,_28161000503,397,211,6,0,2,0,0
0,_161,_Scobey,_28161000504,133,72,3,0,1,0,0
0,_161,_Tillatoba,_28161000505,165,38,2,0,0,0,0
0,_163,_Center Ridge,_28163000101,343,46,8,0,0,0,0
0,_163,_Dover,_28163000102,276,60,2,0,4,2,0
0,_163,_East Bentonia,_28163000103,189,106,3,1,0,0,0
0,_163,_Fugates,_28163000104,182,181,3,0,0,0,0
0,_163,_Mechanicsburg,_28163000105,399,42,3,0,5,0,2
0,_163,_Robinette,_28163000107,297,32,3,0,0,0,0
0,_163,_Satartia,_28163000108,36,15,1,1,0,1,0
0,_163,_Valley,_28163000109,133,5,2,1,0,1,0
0,_163,_West Bentonia,_28163000110,221,280,2,0,4,1,0
0,_163,_Benton,_28163000201,421,197,4,1,2,0,1
0,_163,_Deasonville,_28163000202,202,239,4,0,0,2,0
0,_163,_Harttown,_28163000203,42,176,0,0,0,0,1
0,_163,_Ward 2 Welfare Office,_28163000204,287,209,1,0,1,1,0
0,_163,_Zion,_28163000205,198,54,1,0,3,0,0
0,_163,_3-1 Mound St Bldg,_28163000301,3,331,0,0,1,0,0
0,_163,_3-2 Old Jr. High,_28163000302,87,437,2,1,0,1,0
0,_163,_3-3 Jonestown,_28163000303,4,336,0,0,0,0,0
0,_163,_3-4 Washington St FS,_28163000304,185,180,0,0,0,0,0
0,_163,_East Midway,_28163000401,68,189,1,0,0,0,0
0,_163,_Eden,_28163000402,174,59,0,1,4,0,0
0,_163,_Free Run,_28163000403,119,28,1,0,0,1,0
0,_163,_West Midway,_28163000404,151,25,0,0,1,0,0
0,_163,_Ward 4 Teen Center,_28163000405,341,877,4,0,4,1,0
0,_163,_Lake City,_28163000501,129,32,1,0,1,0,0
0,_163,_Holly Bluff,_28163000504,90,64,0,0,0,0,1
0,_163,_Ward 5 N D Taylor Gym,_28163000506,21,1169,1,0,3,0,1
