IS_AUDITED,COUNTY_NAME,PRECINCT_NAME,PRECINCT_CODE,USA_AZ_20161108_GEN_PRE_REP_TRUMP,USA_AZ_20161108_GEN_PRE_DEM_CLINTON,USA_AZ_20161108_GEN_PRE_LIB_JOHNSON,USA_AZ_20161108_GEN_PRE_GRE_STEIN,USA_AZ_20161108_GEN_PRE_OTH_WRITEIN,USA_AZ_20161108_GEN_USS_REP_MCCAIN,USA_AZ_20161108_GEN_USS_DEM_KIRKPATRICK,USA_AZ_20161108_GEN_USS_GRE_SWING,USA_AZ_20161108_GEN_USS_OTH_WRITEIN
0,_AP,_ALPINE,_AP0002,216,60,13,2,4,196,65,22,5
0,_AP,_CANYON DE CHELLY,_AP0003,143,1387,72,32,51,188,1499,45,4
0,_AP,_CHINLE,_AP0005,93,678,38,17,36,127,721,24,1
0,_AP,_CONCHO,_AP0009,1135,228,44,11,27,836,291,195,42
0,_AP,_CORNFIELDS,_AP0010,33,349,16,3,12,37,375,5,1
0,_AP,_COTTONWOOD,_AP0011,47,589,26,11,21,84,632,10,1
0,_AP,_CORONADO,_AP0012,582,57,13,5,16,527,77,49,5
0,_AP,_DENNEHOTSO,_AP0013,40,430,16,9,10,60,458,3,0
0,_AP,_EAGAR,_AP0016,762,141,22,7,13,704,139,75,6
0,_AP,_FLAT TOP,_AP0017,559,83,12,2,10,483,106,58,6
0,_AP,_FT DEFIANCE,_AP0019,251,1306,90,39,49,282,1403,73,9
0,_AP,_GANADO NORTH,_AP0022,33,316,18,4,14,46,338,7,3
0,_AP,_GANADO SOUTH,_AP0023,55,485,25,15,32,69,523,13,11
0,_AP,_GREER,_AP0025,87,34,1,0,0,76,38,6,0
0,_AP,_HOUCK,_AP0027,102,407,47,9,23,106,463,26,0
0,_AP,_KINLICHEE,_AP0029,42,520,27,8,11,61,559,11,0
0,_AP,_KLAGETOH,_AP0031,54,359,35,12,16,64,419,12,0
0,_AP,_LUKACHUKAI,_AP0033,47,710,44,14,24,78,760,25,1
0,_AP,_LUPTON,_AP0035,50,261,12,8,4,61,269,13,2
0,_AP,_MCNARY,_AP0037,11,66,4,3,2,12,71,4,0
0,_AP,_MANY FARMS,_AP0039,51,732,45,7,17,76,767,19,1
0,_AP,_MEXICAN WATER,_AP0041,5,87,9,1,4,22,84,1,0
0,_AP,_NAZLINI,_AP0043,45,430,28,6,14,48,465,17,2
0,_AP,_NUTRIOSO,_AP0045,213,59,4,3,7,194,62,20,2
0,_AP,_OAK SPRINGS,_AP0046,24,218,17,10,4,23,249,11,1
0,_AP,_PUERCO E/W,_AP0048,223,478,32,20,35,184,556,51,3
0,_AP,_RED MESA,_AP0051,10,98,9,4,4,23,96,6,0
0,_AP,_RED VALLEY,_AP0052,81,259,45,6,3,120,259,22,0
0,_AP,_ROCK POINT,_AP0054,38,557,28,8,17,69,581,7,1
0,_AP,_ROUGH ROCK,_AP0056,25,381,12,1,7,30,403,5,1
0,_AP,_ROUND ROCK,_AP0058,25,407,23,5,11,39,435,8,0
0,_AP,_ROUND VALLEY,_AP0059,470,66,14,5,7,398,83,52,8
0,_AP,_ST JOHNS,_AP0061,761,195,31,19,17,635,241,101,11
0,_AP,_ST MICHAELS,_AP0065,124,854,62,39,18,185,879,45,4
0,_AP,_SAWMILL,_AP0067,39,337,28,16,15,51,373,23,1
0,_AP,_SPRINGERVILLE,_AP0070,521,145,28,5,4,472,166,48,6
0,_AP,_STEAMBOAT,_AP0074,38,630,22,11,8,48,664,11,1
0,_AP,_SWEETWATER,_AP0076,61,228,36,7,3,88,243,8,0
0,_AP,_TACHEE,_AP0078,22,245,5,6,7,32,261,2,0
0,_AP,_TEEC NOS POS,_AP0080,61,303,27,7,4,98,300,12,0
0,_AP,_VERNON,_AP0082,838,175,30,16,12,705,220,97,19
0,_AP,_WHEATFIELDS,_AP0084,42,693,30,17,25,90,723,26,2
0,_AP,_WIDE RUINS,_AP0086,37,335,19,5,9,39,366,7,2
0,_AP,_WINDOW ROCK,_AP0088,144,705,62,34,21,178,764,37,2
0,_CH,_BE BENSON,_CH0001,630,304,48,24,24,576,357,64,13
0,_CH,_BE J-SIX,_CH0002,992,320,59,20,34,895,338,119,28
0,_CH,_BE SAN PEDRO,_CH0003,727,376,65,26,22,691,397,81,12
0,_CH,_BI BISBEE,_CH0004,179,699,26,58,23,209,689,71,2
0,_CH,_BI DON LUIS,_CH0005,397,499,41,27,12,421,486,60,2
0,_CH,_BI WARREN,_CH0006,330,577,50,40,24,357,579,71,5
0,_CH,_BOWIE,_CH0007,126,81,7,7,4,124,83,12,1
0,_CH,_COCHISE STRONGHOLD,_CH0008,883,292,40,29,14,733,351,107,25
0,_CH,_DO CALVARY,_CH0009,117,605,21,23,5,227,522,21,0
0,_CH,_DO CARLSON,_CH0010,272,795,34,20,18,432,689,18,1
0,_CH,_DO CASTRO PARK,_CH0011,104,815,21,24,8,249,688,29,1
0,_CH,_DO GADSDEN,_CH0012,119,561,22,17,8,232,460,20,0
0,_CH,_DO SUNNYSIDE,_CH0013,201,553,22,27,9,284,488,23,2
0,_CH,_GREATER SAN PEDRO,_CH0014,869,241,81,28,28,766,313,120,20
0,_CH,_HEREFORD,_CH0015,948,359,62,21,34,883,388,92,22
0,_CH,_HUACHUCA,_CH0016,373,203,55,14,14,385,225,33,4
0,_CH,_MCNEAL,_CH0017,452,168,31,15,16,402,189,55,14
0,_CH,_NACO,_CH0018,92,253,15,11,4,117,231,21,1
0,_CH,_PALOMINAS,_CH0019,650,241,56,18,19,575,297,74,14
0,_CH,_PIRTLEVILLE,_CH0020,211,514,22,23,9,263,453,35,8
0,_CH,_POMERENE,_CH0021,528,216,31,15,11,451,268,49,11
0,_CH,_PORTAL,_CH0022,119,96,4,6,2,98,100,21,1
0,_CH,_SAN SIMON,_CH0023,134,27,2,3,2,97,46,17,6
0,_CH,_ST DAVID,_CH0024,1044,290,72,16,39,957,340,99,27
0,_CH,_SUNIZONA,_CH0025,259,104,10,8,15,223,117,35,3
0,_CH,_SV AVENIDA DEL SOL,_CH0026,837,486,69,23,59,854,491,80,20
0,_CH,_SV BUFFALO SOLDIER,_CH0027,1137,646,120,32,48,1189,625,123,23
0,_CH,_SV BUSBY,_CH0028,538,374,62,25,27,550,364,83,9
0,_CH,_SV CARMELITA,_CH0029,402,240,49,14,15,386,267,48,7
0,_CH,_SV CLOUD,_CH0030,295,189,33,9,20,297,186,41,7
0,_CH,_SV COLLEGE,_CH0031,693,370,75,23,51,720,369,91,16
0,_CH,_SV COUNTRY CLUB,_CH0032,1194,490,75,16,34,1180,495,76,16
0,_CH,_SV ESTATES,_CH0033,734,378,54,21,33,704,380,93,16
0,_CH,_SV HOPI,_CH0034,543,352,52,21,22,555,333,73,11
0,_CH,_SV MOSON,_CH0035,953,327,82,23,27,893,361,103,35
0,_CH,_SV PUEBLO DEL SOL,_CH0036,536,292,55,20,31,563,288,51,13
0,_CH,_SV RAMSEY,_CH0037,727,294,42,16,20,661,336,62,10
0,_CH,_SV SNYDER,_CH0038,403,281,55,17,19,421,285,42,6
0,_CH,_SV SOLDIER CREEK,_CH0039,723,496,109,35,33,761,487,112,13
0,_CH,_SV TOWN & COUNTRY,_CH0040,889,398,70,13,42,913,406,69,12
0,_CH,_SV VILLAGE MEADOWS,_CH0041,1028,507,88,19,38,1037,506,87,18
0,_CH,_SV VISTA VILLAGE,_CH0042,617,366,76,25,42,649,358,73,17
0,_CH,_SV YAQUI,_CH0043,1174,449,67,18,42,1141,453,78,20
0,_CH,_TOMBSTONE,_CH0044,828,278,60,24,22,740,334,95,7
0,_CH,_WEBB,_CH0045,306,116,16,9,3,251,138,42,4
0,_CH,_WHETSTONE,_CH0046,1087,330,80,25,22,974,387,123,28
0,_CH,_WI KANSAS SETTLEMENT,_CH0047,663,248,39,13,12,605,280,70,4
0,_CH,_WI STEWART,_CH0048,623,177,35,14,7,551,230,53,7
0,_CH,_WI WILLCOX,_CH0049,406,177,34,18,19,394,189,48,10
0,_CN,_FLAGSTAFF #01,_CN0001,239,903,43,39,25,299,890,44,2
0,_CN,_FLAGSTAFF #02,_CN0002,168,884,51,32,36,268,826,64,2
0,_CN,_FLAGSTAFF #03,_CN0003,96,692,45,30,25,151,678,45,3
0,_CN,_FLAGSTAFF #04,_CN0004,348,935,48,31,23,450,887,47,6
0,_CN,_FLAGSTAFF #05,_CN0005,557,1058,76,34,48,684,1001,67,5
0,_CN,_FLAGSTAFF #06,_CN0006,372,564,68,27,37,449,530,56,11
0,_CN,_FLAGSTAFF #07,_CN0007,351,556,62,18,24,467,485,36,0
0,_CN,_FLAGSTAFF #08,_CN0008,180,500,39,21,10,234,470,32,4
0,_CN,_FLAGSTAFF #09,_CN0009,321,748,99,45,47,420,696,96,10
0,_CN,_FLAGSTAFF #10,_CN0010,86,235,24,16,6,144,172,34,0
0,_CN,_FLAGSTAFF #11,_CN0011,152,422,20,35,22,187,407,61,5
0,_CN,_FLAGSTAFF #12,_CN0012,139,601,46,42,22,207,531,79,5
0,_CN,_FLAGSTAFF #13,_CN0013,135,350,32,15,12,206,275,38,2
0,_CN,_FLAGSTAFF #14,_CN0014,236,625,86,32,37,352,548,69,5
0,_CN,_FLAGSTAFF #15,_CN0015,491,1184,102,85,76,633,1129,143,12
0,_CN,_FLAGSTAFF #16,_CN0016,453,884,82,33,58,568,829,87,5
0,_CN,_FLAGSTAFF #17,_CN0017,164,281,32,12,13,201,266,26,2
0,_CN,_FLAGSTAFF #18,_CN0018,229,271,40,24,26,259,251,55,10
0,_CN,_FLAGSTAFF #19,_CN0019,482,722,63,32,50,592,688,53,6
0,_CN,_FLAGSTAFF #20,_CN0020,137,406,38,18,17,213,351,31,0
0,_CN,_FLAGSTAFF #21,_CN0021,626,1087,114,44,30,805,1012,58,9
0,_CN,_FLAGSTAFF #22,_CN0022,790,1214,129,41,85,1020,1104,93,13
0,_CN,_FLAGSTAFF #23,_CN0023,323,671,79,34,29,409,629,67,11
0,_CN,_FLAGSTAFF #24,_CN0024,862,1050,94,34,62,1032,949,76,17
0,_CN,_FLAGSTAFF #25,_CN0025,561,828,76,27,51,678,771,62,10
0,_CN,_FLAGSTAFF #26,_CN0026,325,336,34,19,33,372,316,45,5
0,_CN,_BELLEMONT,_CN0040,226,143,21,1,26,247,123,26,4
0,_CN,_BLUE RIDGE,_CN0041,325,104,9,7,8,289,117,33,4
0,_CN,_BODAWAY,_CN0042,126,458,25,23,22,122,517,20,5
0,_CN,_CAMERON,_CN0043,99,436,27,17,34,111,488,26,0
0,_CN,_COPPERMINE,_CN0047,48,240,20,8,17,54,280,10,1
0,_CN,_COALMINE,_CN0048,10,167,4,5,18,12,190,8,1
0,_CN,_DONEY PARK,_CN0050,826,539,77,24,60,905,535,57,11
0,_CN,_SCHULTZ,_CN0051,36,27,1,2,0,34,23,5,3
0,_CN,_TIMBERLINE FERNWOOD,_CN0052,730,530,60,22,40,763,509,87,6
0,_CN,_FOREST LAKES,_CN0053,109,37,9,0,0,107,34,6,1
0,_CN,_FORT VALLEY EAST,_CN0055,88,155,10,7,14,126,142,7,0
0,_CN,_FORT VALLEY WEST,_CN0056,249,276,26,5,16,296,258,22,1
0,_CN,_FREDONIA,_CN0058,403,74,23,2,16,379,79,37,11
0,_CN,_GRAND CANYON,_CN0059,139,404,40,19,19,189,384,33,5
0,_CN,_HAVASUPAI,_CN0060,5,26,1,1,2,7,24,2,0
0,_CN,_INSCRIPTION HOUSE,_CN0061,101,265,18,8,9,88,315,8,1
0,_CN,_PUMPHOUSE WASH,_CN0062,832,1275,145,55,65,966,1238,116,13
0,_CN,_MORMON LAKE,_CN0063,111,49,7,1,2,108,44,16,0
0,_CN,_KAIBAB NORTH,_CN0064,12,0,1,0,0,10,0,3,0
0,_CN,_KAIBETO,_CN0065,110,535,27,16,26,119,597,15,2
0,_CN,_KAIBAB WEST,_CN0066,261,82,11,3,7,230,89,37,4
0,_CN,_LECHEE,_CN0067,122,322,35,20,25,114,401,19,0
0,_CN,_LEUPP,_CN0069,114,591,25,12,25,151,599,21,0
0,_CN,_MOENKOPI,_CN0070,26,120,10,4,9,51,108,10,1
0,_CN,_NAVAJO MOUNTAIN,_CN0071,15,58,2,3,6,17,68,2,0
0,_CN,_PAGE CENTRAL,_CN0072,379,218,55,17,24,366,244,53,7
0,_CN,_PAGE EAST,_CN0073,433,187,37,15,32,434,216,42,3
0,_CN,_PAGE SOUTH,_CN0074,226,183,27,5,27,238,193,37,0
0,_CN,_PAGE WEST,_CN0075,499,279,51,6,19,513,275,57,3
0,_CN,_PARKS,_CN0079,480,210,41,11,6,451,215,64,8
0,_CN,_PINEWOOD,_CN0080,426,204,21,8,10,419,208,31,3
0,_CN,_SEDONA NORTH,_CN0082,275,405,13,24,17,292,402,32,3
0,_CN,_SEDONA SOUTH,_CN0083,524,664,25,38,24,558,642,65,1
0,_CN,_RANCHES,_CN0084,184,123,19,4,22,217,119,12,1
0,_CN,_SUNSET CRATER,_CN0085,703,447,58,24,47,714,445,82,11
0,_CN,_MOUNTAIN VIEW,_CN0086,106,80,11,3,6,125,72,4,1
0,_CN,_TOLANI LAKE,_CN0088,43,228,9,3,10,51,244,2,0
0,_CN,_TONALEA,_CN0090,113,861,40,29,41,120,955,22,0
0,_CN,_WINONA,_CN0092,715,540,64,27,33,696,563,94,7
0,_CN,_TUBA CITY NORTHEAST,_CN0093,75,436,22,14,24,93,463,27,0
0,_CN,_TUBA CITY NORTHWEST,_CN0094,41,310,13,11,16,59,328,14,2
0,_CN,_TUBA CITY SOUTH,_CN0095,219,1386,68,57,87,236,1544,78,3
0,_CN,_TUSAYAN,_CN0097,249,145,28,4,14,237,147,46,3
0,_CN,_WILLIAMS NORTHSIDE,_CN0098,1071,374,78,19,33,1013,364,128,24
0,_CN,_WILLIAMS SOUTHSIDE,_CN0099,401,204,42,10,18,404,203,49,12
0,_GI,_GLOBE #1,_GI0100,248,129,18,4,5,255,120,21,3
0,_GI,_GLOBE #2,_GI0105,72,67,10,1,4,72,64,15,2
0,_GI,_GLOBE #3,_GI0110,49,49,7,3,4,55,51,6,0
0,_GI,_GLOBE #4,_GI0115,214,163,25,4,12,216,161,25,0
0,_GI,_GLOBE #6,_GI0120,365,205,20,9,11,338,191,54,3
0,_GI,_GLOBE #7,_GI0125,177,105,9,3,7,171,103,20,4
0,_GI,_GLOBE #8,_GI0130,186,175,15,2,2,179,151,38,2
0,_GI,_GLOBE #11,_GI0135,359,127,16,3,13,343,123,32,1
0,_GI,_EAST GLOBE,_GI0140,347,180,23,4,16,375,159,34,3
0,_GI,_MIAMI #1,_GI0150,139,86,13,3,0,139,87,15,0
0,_GI,_MIAMI #3,_GI0155,141,204,25,3,3,162,180,27,1
0,_GI,_CLAYPOOL #1,_GI0160,388,134,23,8,8,360,153,42,1
0,_GI,_CLAYPOOL #2,_GI0165,285,168,20,2,9,303,147,26,2
0,_GI,_CLAYPOOL #3,_GI0170,128,117,12,2,3,125,111,28,1
0,_GI,_CENTRAL HEIGHTS,_GI0175,182,90,14,4,8,178,84,25,0
0,_GI,_PINAL CREEK,_GI0180,105,74,6,1,0,110,65,8,0
0,_GI,_WHEATFIELDS,_GI0185,62,33,7,3,1,51,39,11,1
0,_GI,_PAYSON #1,_GI0200,599,177,28,10,10,520,178,72,7
0,_GI,_PAYSON #2,_GI0205,1052,283,48,14,21,932,292,99,14
0,_GI,_PAYSON #3,_GI0210,1348,506,61,13,23,1251,502,118,7
0,_GI,_PAYSON #4,_GI0215,553,203,28,9,14,492,215,55,9
0,_GI,_PAYSON #5,_GI0220,897,312,44,10,14,800,308,87,22
0,_GI,_PAYSON #6,_GI0225,505,188,32,6,14,460,198,51,8
0,_GI,_PAYSON #7,_GI0230,453,138,26,3,9,395,147,43,4
0,_GI,_PAYSON #8,_GI0235,687,228,30,14,14,624,220,64,15
0,_GI,_STAR VALLEY,_GI0240,1253,362,53,15,14,1123,344,126,17
0,_GI,_COPPER BASIN,_GI0300,115,312,8,9,0,129,286,22,1
0,_GI,_GISELA,_GI0305,264,68,15,5,1,230,73,30,1
0,_GI,_P/S EAST,_GI0310,334,94,14,5,6,291,98,32,7
0,_GI,_P/S WEST,_GI0315,932,323,47,13,17,830,320,103,14
0,_GI,_ROOSEVELT,_GI0320,113,31,9,3,4,101,36,12,3
0,_GI,_SIERRA ANCHA,_GI0325,77,14,3,0,1,57,19,15,0
0,_GI,_TONTO BASIN,_GI0330,705,159,15,3,3,591,172,61,9
0,_GI,_WHISPERING PINES,_GI0335,114,49,9,0,3,112,44,11,0
0,_GI,_YOUNG,_GI0340,329,54,11,2,7,270,58,52,7
0,_GI,_ZANE GREY,_GI0345,256,114,25,2,7,248,111,25,1
0,_GI,_CANYON DAY,_GI0400,24,307,6,0,2,33,292,5,1
0,_GI,_CARRIZO,_GI0405,2,30,1,2,1,1,34,0,1
0,_GI,_SAN CARLOS,_GI0410,123,945,27,15,24,235,765,110,2
0,_GM,_SOLOMON,_GM0001,428,205,29,5,16,394,217,52,10
0,_GM,_SAFFORD,_GM0002,565,302,37,12,17,558,303,51,11
0,_GM,_SAFFORD,_GM0003,334,113,23,3,6,319,113,28,4
0,_GM,_LAYTON,_GM0004,207,136,19,4,12,226,120,21,2
0,_GM,_LAYTON,_GM0005,587,248,43,10,25,590,246,54,6
0,_GM,_THATCHER,_GM0006,451,61,27,3,32,442,66,43,7
0,_GM,_THATCHER,_GM0007,847,223,56,10,50,837,247,78,8
0,_GM,_CENTRAL,_GM0008,374,33,17,3,18,370,48,18,1
0,_GM,_PIMA,_GM0009,1239,225,47,16,53,1122,258,122,26
0,_GM,_FORT THOMAS,_GM0010,159,22,5,2,1,131,26,24,3
0,_GM,_BYLAS,_GM0011,42,605,18,6,19,133,503,46,1
0,_GM,_KLONDYKE,_GM0012,28,15,1,0,0,19,21,2,0
0,_GM,_BONITA,_GM0013,105,13,2,0,0,90,17,3,4
0,_GM,_THUNDERBIRD,_GM0014,186,40,12,1,4,159,49,11,3
0,_GM,_SAFFORD,_GM0015,620,349,60,13,13,633,318,68,5
0,_GM,_PERIDOT,_GM0016,40,349,8,8,3,75,290,47,0
0,_GM,_CACTUS,_GM0017,109,37,6,1,3,102,36,10,0
0,_GM,_JACKSON,_GM0018,635,117,38,8,37,633,138,44,2
0,_GM,_DESERT HILLS,_GM0019,606,108,26,8,21,508,157,72,6
0,_GM,_ARTESIA,_GM0020,400,80,21,3,11,341,85,62,8
0,_GM,_QUATRO CERROS,_GM0021,52,10,2,0,1,37,14,12,0
0,_GM,_GILA RIVER,_GM0022,11,10,0,0,0,9,8,3,0
0,_GN,_EAGLE,_GN0001,13,2,1,0,0,15,1,0,0
0,_GN,_BLUE,_GN0002,25,1,1,0,1,25,1,1,0
0,_GN,_CLIFTON 1,_GN0003,226,326,38,9,5,221,342,44,4
0,_GN,_CLIFTON 2,_GN0004,204,192,13,7,2,183,190,30,4
0,_GN,_MORENCI,_GN0005,461,222,54,18,16,457,250,49,8
0,_GN,_EAST PLANTSITE,_GN0006,145,62,23,2,3,145,62,22,2
0,_GN,_YORK/SHELDON,_GN0007,330,152,23,12,11,297,176,48,7
0,_GN,_DUNCAN,_GN0008,488,135,47,11,19,441,167,74,10
0,_LP,_PARKER 1,_LP0051,951,702,85,43,35,996,660,117,17
0,_LP,_POSTON,_LP0052,61,126,12,3,6,91,103,12,0
0,_LP,_UPRIVER,_LP0054,958,220,31,6,10,857,238,81,9
0,_LP,_BOUSE,_LP0055,280,53,9,3,3,214,78,42,5
0,_LP,_WENDEN,_LP0056,85,23,4,0,4,74,25,13,0
0,_LP,_SALOME,_LP0057,461,121,13,0,9,394,124,53,9
0,_LP,_QUARTZSITE 2,_LP0058,551,149,32,10,7,447,196,71,15
0,_LP,_CIBOLA,_LP0059,67,19,2,1,0,65,19,3,0
0,_LP,_EHRENBERG,_LP0060,179,64,6,4,5,165,65,21,0
0,_LP,_VICKSBURG,_LP0062,137,32,8,1,2,111,43,15,4
0,_LP,_QUARTZSITE 3,_LP0064,273,66,9,2,8,248,78,22,3
0,_MC,_ACACIA,_MC0001,1156,1144,133,45,52,1250,1006,194,11
0,_MC,_ACOMA,_MC0002,1437,726,73,19,46,1506,618,111,12
0,_MC,_ACUNA,_MC0003,218,1312,43,22,26,387,1126,70,5
0,_MC,_ADOBE,_MC0004,897,586,60,15,28,929,506,94,16
0,_MC,_AGUA FRIA,_MC0005,677,444,37,10,5,676,389,72,6
0,_MC,_AGUILA,_MC0006,179,69,4,2,3,155,64,25,3
0,_MC,_AHWATUKEE,_MC0007,1302,1439,145,34,52,1450,1314,129,21
0,_MC,_AIRLINE CANAL,_MC0008,647,754,78,30,33,759,633,98,22
0,_MC,_ALAMO,_MC0009,996,1192,157,52,71,1160,1082,154,22
0,_MC,_ALEXANDER,_MC0010,1671,2126,159,37,74,2162,1716,115,12
0,_MC,_ALHAMBRA,_MC0011,140,364,19,6,10,183,311,33,3
0,_MC,_ALPACA,_MC0012,878,500,27,5,14,866,480,65,8
0,_MC,_ALSUP,_MC0013,323,191,30,8,17,344,166,42,12
0,_MC,_ALTADENA,_MC0014,703,332,41,14,22,743,274,61,5
0,_MC,_ALVARADO,_MC0015,359,653,55,20,19,460,563,58,2
0,_MC,_AMBER,_MC0016,616,589,79,15,22,667,534,77,5
0,_MC,_ANDERSON,_MC0017,702,639,77,19,27,757,574,83,12
0,_MC,_ANDORA,_MC0018,814,780,73,24,28,909,657,104,10
0,_MC,_ANGELA,_MC0019,1788,1292,129,30,70,2025,1061,136,22
0,_MC,_ANNETTE,_MC0020,1234,985,101,27,47,1332,853,136,6
0,_MC,_APACHE,_MC0021,1543,739,125,29,32,1485,700,213,20
0,_MC,_APACHE PARK,_MC0022,889,579,60,16,20,957,490,89,11
0,_MC,_APACHE WELLS,_MC0023,2067,1194,145,38,67,2140,1077,187,36
0,_MC,_APPLEBY,_MC0024,1999,1646,154,24,90,2420,1279,110,24
0,_MC,_ARBOLEDA,_MC0025,1871,788,104,25,133,2055,667,107,26
0,_MC,_ARCADIA,_MC0026,876,1252,110,32,51,1168,1027,103,9
0,_MC,_ARDMORE,_MC0027,1051,3311,173,52,64,1414,2931,178,23
0,_MC,_ARLINGTON,_MC0028,101,27,3,2,2,94,27,7,2
0,_MC,_ARROWHEAD RANCH,_MC0029,831,623,58,11,31,959,501,66,6
0,_MC,_ARTESIAN,_MC0030,1008,833,125,41,56,1138,745,111,16
0,_MC,_ASTER,_MC0031,1016,737,72,21,33,1162,582,76,17
0,_MC,_ATHENS,_MC0032,1084,777,77,23,43,1178,656,118,10
0,_MC,_AUGUSTA,_MC0033,303,385,40,14,11,333,356,53,3
0,_MC,_AVIANO,_MC0034,1482,1304,101,17,42,1888,918,83,6
0,_MC,_AVONDALE,_MC0035,210,667,17,13,17,303,542,46,6
0,_MC,_AZTEC SPRINGS,_MC0036,1556,1004,92,37,51,1601,904,170,23
0,_MC,_BALBOA,_MC0037,819,1458,146,59,78,1062,1266,150,21
0,_MC,_BALSZ,_MC0038,448,1480,75,41,51,619,1307,93,9
0,_MC,_BARBADOS,_MC0039,773,640,63,11,31,910,509,59,8
0,_MC,_BARNES,_MC0040,672,820,59,22,25,816,704,47,5
0,_MC,_BAYSHORE,_MC0041,1391,1186,128,20,35,1581,976,128,7
0,_MC,_BEARDSLEY,_MC0042,2136,1305,120,23,51,2313,1060,145,22
0,_MC,_BERYL,_MC0043,644,540,60,21,36,696,482,90,9
0,_MC,_BETHANY,_MC0044,568,682,43,12,17,719,551,36,3
0,_MC,_BETHANY PARK,_MC0045,141,319,18,14,8,178,278,40,2
0,_MC,_BETHUNE,_MC0046,116,626,13,14,11,211,525,28,1
0,_MC,_BILTMORE,_MC0047,863,971,68,18,26,1121,743,46,11
0,_MC,_BISCUIT FLAT,_MC0048,1279,544,74,16,35,1298,488,92,20
0,_MC,_BLACK CANYON,_MC0049,1173,1553,129,75,66,1300,1395,221,14
0,_MC,_BLACK GOLD,_MC0050,1334,733,34,7,20,1325,683,93,8
0,_MC,_BLACKHAWK,_MC0051,1154,933,128,46,55,1223,843,179,15
0,_MC,_BLOOM,_MC0052,953,522,82,29,38,960,520,107,17
0,_MC,_BLUE SKY,_MC0053,546,294,33,0,4,559,268,36,6
0,_MC,_BLUEBIRD,_MC0054,1683,1595,203,59,58,1815,1410,229,32
0,_MC,_BLUEFIELD,_MC0055,1258,830,136,24,54,1255,773,193,33
0,_MC,_BONANZA,_MC0056,960,479,26,8,15,937,467,65,5
0,_MC,_BONSALL PARK,_MC0057,98,291,15,10,5,139,244,24,4
0,_MC,_BREWER,_MC0058,1379,778,115,24,40,1489,653,139,12
0,_MC,_BRONCO,_MC0059,1668,1036,85,10,37,1931,764,80,15
0,_MC,_BROOKS FARM,_MC0060,3853,2151,272,52,153,4298,1745,247,50
0,_MC,_BUCKEYE,_MC0061,496,410,55,13,21,530,352,76,17
0,_MC,_BUCKLEY,_MC0062,581,821,87,35,60,676,727,120,11
0,_MC,_BUFFALO RIDGE,_MC0063,1323,1183,137,46,68,1457,1018,190,21
0,_MC,_BULLARD,_MC0064,58,32,2,1,3,52,37,8,0
0,_MC,_BULLMOOSE,_MC0065,763,620,99,23,32,865,549,76,7
0,_MC,_BUNKER PEAK,_MC0066,140,96,11,4,5,143,87,24,1
0,_MC,_BURGESS,_MC0067,284,1117,46,14,23,418,971,71,5
0,_MC,_BUTLER,_MC0068,1586,1920,183,74,57,1878,1610,258,19
0,_MC,_CACTUS GLEN,_MC0069,1168,869,61,12,38,1395,671,59,7
0,_MC,_CAIRO,_MC0070,571,1317,103,54,65,769,1183,109,10
0,_MC,_CALAVAR,_MC0071,564,455,51,14,19,587,390,87,5
0,_MC,_CALAVEROS,_MC0072,521,711,49,10,16,673,554,48,4
0,_MC,_CALYPSO,_MC0073,1232,751,96,18,24,1261,688,135,9
0,_MC,_CAMBRIDGE,_MC0074,52,291,20,16,3,97,259,20,1
0,_MC,_CAMELOT,_MC0075,1212,1299,107,22,55,1555,1017,69,17
0,_MC,_CAMEO,_MC0076,1476,842,54,14,20,1429,803,138,9
0,_MC,_CAMPBELL,_MC0077,1750,812,98,33,94,1932,651,112,21
0,_MC,_CAMPBELL PARK,_MC0078,443,646,61,9,20,553,539,42,8
0,_MC,_CANDLELIGHT,_MC0079,2211,979,170,35,165,2445,822,152,33
0,_MC,_CANTERBURY,_MC0080,1103,1042,75,19,37,1247,875,96,14
0,_MC,_CANYON,_MC0081,129,57,4,3,7,123,57,15,0
0,_MC,_CAPITOL SCHOOL,_MC0082,286,826,59,37,20,406,704,94,12
0,_MC,_CARDINAL,_MC0083,1091,1434,107,18,34,1431,1113,76,9
0,_MC,_CAREFREE,_MC0084,1568,823,72,9,35,1659,698,80,18
0,_MC,_CARL,_MC0085,445,1280,65,34,34,609,1091,105,6
0,_MC,_CARLA VISTA,_MC0086,606,923,97,35,53,764,779,104,17
0,_MC,_CAROL ANN,_MC0087,1585,984,140,43,65,1613,874,226,20
0,_MC,_CARON,_MC0088,867,780,105,36,34,969,671,123,10
0,_MC,_CARRIAGE LANE,_MC0089,906,976,158,47,59,1043,893,159,13
0,_MC,_CARVER,_MC0090,650,1367,89,31,21,811,1198,111,5
0,_MC,_CASHION,_MC0091,728,2373,125,64,57,1135,1928,166,12
0,_MC,_CATAMARAN,_MC0092,1282,754,81,23,92,1468,620,104,7
0,_MC,_CAVE BUTTES,_MC0093,1678,1373,167,28,66,2010,1064,122,26
0,_MC,_CAVE CREEK,_MC0094,1962,1010,78,37,31,2008,890,151,14
0,_MC,_CELAYA,_MC0095,605,1436,124,60,38,822,1251,122,14
0,_MC,_CENTENNIAL,_MC0096,564,607,68,29,57,680,532,74,10
0,_MC,_CENTRAL HIGH,_MC0097,444,1303,77,55,27,545,1220,105,13
0,_MC,_CHALLENGER,_MC0098,330,874,55,28,27,472,729,84,4
0,_MC,_CHANDLER HEIGHTS,_MC0099,2175,1399,132,25,54,2359,1167,159,26
0,_MC,_CHAVEZ,_MC0100,93,608,28,8,15,188,526,25,2
0,_MC,_CHENEY,_MC0101,1573,892,62,12,32,1863,617,40,12
0,_MC,_CHILTON,_MC0102,507,619,96,30,44,605,559,90,5
0,_MC,_CHOLLA,_MC0103,1002,1102,100,44,43,1071,1007,149,17
0,_MC,_CHRISTY,_MC0104,638,482,60,16,30,686,426,79,8
0,_MC,_CIELO,_MC0105,1367,1150,75,21,49,1626,900,73,14
0,_MC,_CIELO GRANDE,_MC0106,1019,847,124,21,44,1167,719,100,16
0,_MC,_CITRUS,_MC0107,658,1122,75,35,34,829,990,79,7
0,_MC,_CITRUS GARDENS,_MC0108,1095,917,82,28,56,1137,832,147,23
0,_MC,_CITRUS GROVES,_MC0109,1463,969,115,28,52,1457,890,197,16
0,_MC,_CLEARVIEW,_MC0110,1331,1194,90,24,48,1594,951,92,9
0,_MC,_CLEARWATER,_MC0111,570,421,32,2,11,727,286,26,5
0,_MC,_CLIFFVIEW,_MC0112,361,599,38,10,8,471,491,25,5
0,_MC,_CLOUD,_MC0113,1322,816,94,22,42,1483,670,86,14
0,_MC,_CLOVER,_MC0114,331,350,51,20,36,378,321,52,9
0,_MC,_CLUB WEST,_MC0115,1781,1851,150,35,68,2148,1468,139,22
0,_MC,_COCOPAH,_MC0116,774,565,68,11,31,906,453,58,11
0,_MC,_COLDWATER RIDGE,_MC0117,520,1203,76,29,42,712,1021,94,5
0,_MC,_COLONIA,_MC0118,1864,1773,197,56,70,2111,1529,215,31
0,_MC,_COLONNADE,_MC0119,705,1298,86,32,55,987,1059,97,9
0,_MC,_COLTER,_MC0120,235,596,34,19,21,322,512,64,9
0,_MC,_COMET,_MC0121,1287,916,97,41,42,1321,796,204,19
0,_MC,_COMMONWEALTH,_MC0122,396,802,75,30,14,551,670,55,4
0,_MC,_COMPADRE,_MC0123,1833,1737,166,37,79,2159,1409,154,24
0,_MC,_COMSTOCK,_MC0124,681,622,68,24,35,764,541,85,15
0,_MC,_CONCORD,_MC0125,633,637,69,16,35,731,526,83,13
0,_MC,_CONQUISTADOR,_MC0126,702,350,19,12,12,664,337,73,6
0,_MC,_CONTENTION MINE,_MC0127,502,494,47,13,26,554,428,67,8
0,_MC,_COPPER HILLS,_MC0128,1085,932,80,17,28,1284,724,79,11
0,_MC,_COPPERWOOD,_MC0129,610,535,47,12,29,683,446,75,2
0,_MC,_CORA,_MC0130,194,544,38,14,7,280,443,56,2
0,_MC,_CORBELL,_MC0131,1102,1682,136,42,66,1441,1428,120,10
0,_MC,_CORDES,_MC0132,151,474,20,11,11,207,400,32,2
0,_MC,_CORDONIZ,_MC0133,604,1043,76,30,29,763,851,106,11
0,_MC,_CORDOVA,_MC0134,218,400,29,15,17,291,330,30,1
0,_MC,_CORONA,_MC0135,544,701,70,16,29,644,593,74,11
0,_MC,_CORONADO,_MC0136,1009,1276,121,30,35,1171,1075,135,11
0,_MC,_CORRINE,_MC0137,1443,746,95,16,36,1537,613,127,8
0,_MC,_WADDELL,_MC0138,3875,1501,222,57,100,3850,1345,362,74
0,_MC,_CORTEZ,_MC0139,335,485,42,15,16,375,404,80,8
0,_MC,_COTTON LANE,_MC0140,1419,1062,101,22,56,1501,951,151,12
0,_MC,_COTTONWOOD COUNTRY CLUB,_MC0141,2153,1302,88,15,32,2165,1236,148,12
0,_MC,_COUNTRY GABLES,_MC0142,498,306,44,15,13,497,286,67,2
0,_MC,_COUNTRY MEADOWS,_MC0143,276,265,32,14,9,301,228,43,4
0,_MC,_COVINA,_MC0144,1412,702,149,20,92,1542,613,149,22
0,_MC,_COYOTE BASIN,_MC0145,789,587,72,16,27,816,521,88,12
0,_MC,_COYOTE HILLS,_MC0146,1654,632,97,14,51,1662,554,147,24
0,_MC,_COYOTE LAKES,_MC0147,945,569,77,14,26,961,518,103,13
0,_MC,_CREEDANCE,_MC0148,1837,1036,166,40,67,1885,909,204,37
0,_MC,_CREIGHTON,_MC0149,468,1349,64,41,30,613,1181,98,15
0,_MC,_CRESCENT,_MC0150,610,297,18,4,10,594,279,49,0
0,_MC,_CRISMON,_MC0151,1511,1534,205,51,87,1732,1343,206,33
0,_MC,_CROCUS,_MC0152,829,447,58,10,23,856,388,79,15
0,_MC,_CROSBY,_MC0153,525,362,34,14,15,505,344,76,12
0,_MC,_CROSSROADS PARK,_MC0154,2173,1465,200,36,120,2485,1239,152,26
0,_MC,_CRYSTAL GARDENS,_MC0155,1192,1836,120,42,47,1445,1547,159,10
0,_MC,_CULLUMBER,_MC0156,807,721,88,28,47,977,613,69,8
0,_MC,_CULVER,_MC0157,155,788,29,16,13,263,679,38,5
0,_MC,_DAHLIA,_MC0158,745,484,76,20,22,779,423,96,12
0,_MC,_DAISY,_MC0159,717,538,74,23,37,774,478,95,14
0,_MC,_DALLAS,_MC0160,1420,822,143,38,52,1350,791,244,21
0,_MC,_DANBURY,_MC0161,1178,715,96,24,51,1217,653,127,19
0,_MC,_DANYELL,_MC0162,518,1233,91,39,27,728,1009,120,8
0,_MC,_DARROW,_MC0163,374,891,78,31,34,491,804,78,7
0,_MC,_DC RANCH,_MC0164,2758,1967,157,20,102,3319,1450,120,31
0,_MC,_DEADMAN WASH,_MC0165,4747,2143,235,77,112,4778,1854,401,59
0,_MC,_DEER VALLEY,_MC0166,1230,641,129,36,39,1251,593,158,24
0,_MC,_DEERVIEW,_MC0167,336,374,32,9,15,405,293,27,9
0,_MC,_DEL JOYA,_MC0168,1399,1081,65,13,36,1654,863,48,6
0,_MC,_DEL RIO,_MC0169,957,1275,142,26,47,1245,1040,92,13
0,_MC,_DESERT BELL,_MC0170,932,1076,103,35,48,998,957,146,15
0,_MC,_DESERT BLOSSOM,_MC0171,752,467,61,13,21,807,397,74,17
0,_MC,_DESERT COVE,_MC0172,645,925,70,22,23,744,817,90,17
0,_MC,_DESERT EDGE,_MC0173,1321,1302,122,35,50,1501,1108,144,17
0,_MC,_DESERT HARBOR,_MC0174,1961,1295,122,34,51,2079,1101,189,13
0,_MC,_DESERT HAVEN,_MC0175,5989,3217,519,94,275,6458,2737,527,88
0,_MC,_DESERT HIGHLANDS,_MC0176,1519,673,47,6,31,1673,495,67,8
0,_MC,_DESERT HILLS,_MC0177,2062,636,86,10,20,1928,596,208,25
0,_MC,_DESERT MIRAGE,_MC0178,803,876,73,26,31,879,759,123,16
0,_MC,_DESERT OASIS,_MC0179,1857,660,106,34,25,1678,669,217,25
0,_MC,_DESERT SAGE,_MC0180,2704,1523,157,41,98,2904,1265,200,37
0,_MC,_DESERT SKY,_MC0181,253,1107,47,41,19,391,962,84,5
0,_MC,_DESERT THUNDER,_MC0182,1491,1480,141,45,52,1656,1313,158,20
0,_MC,_DESERT VISTA,_MC0183,722,689,67,18,26,853,566,62,15
0,_MC,_DESOTO,_MC0184,626,604,76,27,42,687,529,94,11
0,_MC,_DESSIE,_MC0185,282,969,51,26,22,414,814,92,2
0,_MC,_DEVONSHIRE,_MC0186,1514,1869,122,45,73,1725,1641,160,23
0,_MC,_DIABLO,_MC0187,447,703,62,15,25,521,617,82,8
0,_MC,_DIXILETA,_MC0188,2985,1780,173,32,89,3186,1488,232,29
0,_MC,_DOBBINS RANCH,_MC0189,1195,2550,142,62,74,1530,2197,200,16
0,_MC,_DOBSON PARK,_MC0190,701,639,55,15,30,843,519,47,8
0,_MC,_DOBSON RANCH,_MC0191,1548,1824,214,59,91,1860,1596,192,16
0,_MC,_DOUBLETREE,_MC0192,1247,940,65,4,48,1534,676,55,4
0,_MC,_DOVE VALLEY,_MC0193,1079,614,57,9,33,1180,495,67,13
0,_MC,_DOVER,_MC0194,778,980,103,34,41,953,841,105,5
0,_MC,_DREAMLAND VILLA,_MC0195,2140,1371,150,37,73,2034,1325,302,25
0,_MC,_DREAMY DRAW,_MC0196,533,803,80,25,33,649,714,74,12
0,_MC,_DREYFUS,_MC0197,1002,942,81,19,31,1179,775,74,12
0,_MC,_DRIFTWOOD,_MC0198,1545,1041,153,30,101,1742,917,116,15
0,_MC,_DUBLIN,_MC0199,854,1095,94,28,49,989,958,118,12
0,_MC,_DUKE,_MC0200,740,909,93,44,51,851,817,105,16
0,_MC,_DUNBAR,_MC0201,140,911,22,23,24,215,782,80,9
0,_MC,_DURANGO,_MC0202,808,620,52,16,26,815,551,86,10
0,_MC,_DUSTY TRAIL,_MC0203,3688,1578,203,30,55,3701,1472,252,27
0,_MC,_DWIGHT,_MC0204,508,1084,108,54,32,644,982,109,9
0,_MC,_DYNAMITE,_MC0205,1569,1005,92,26,40,1778,817,102,13
0,_MC,_DYSART,_MC0206,397,346,37,14,14,409,317,68,7
0,_MC,_EASTRIDGE,_MC0207,1114,688,96,23,59,1196,594,112,18
0,_MC,_ECHO,_MC0208,406,582,40,23,23,486,488,88,7
0,_MC,_EDISON,_MC0209,174,982,33,32,17,268,870,60,1
0,_MC,_EL CARO,_MC0210,931,1516,118,55,55,1090,1345,166,20
0,_MC,_EL DOMINGO,_MC0211,601,966,75,27,16,682,872,94,8
0,_MC,_EL MIRAGE,_MC0212,1061,1302,124,39,52,1165,1141,196,17
0,_MC,_ELLSWORTH PARK,_MC0213,579,549,77,24,90,708,469,75,14
0,_MC,_ELWOOD,_MC0214,457,1582,106,54,40,664,1389,125,20
0,_MC,_EMERALD,_MC0215,1144,703,45,8,22,1105,667,123,12
0,_MC,_ENCANTO,_MC0216,474,1668,92,24,44,669,1502,93,11
0,_MC,_ENID PARK,_MC0217,1510,882,103,21,73,1544,805,161,19
0,_MC,_ESCALANTE,_MC0218,479,1362,143,59,46,691,1191,139,11
0,_MC,_ESCOBAR,_MC0219,446,456,59,17,16,470,423,63,8
0,_MC,_ESCONDIDO,_MC0220,2189,1469,212,70,85,2278,1300,289,49
0,_MC,_ESQUIRE,_MC0221,796,1416,170,76,88,992,1284,203,13
0,_MC,_ESTRELLA FOOTHILLS,_MC0222,1701,1348,134,23,43,1821,1210,139,27
0,_MC,_EVANS,_MC0223,631,573,59,12,24,758,447,44,7
0,_MC,_FAIRWAY,_MC0224,724,701,115,48,47,901,582,113,13
0,_MC,_FALCON HILL,_MC0225,2490,1284,194,42,102,2528,1183,251,52
0,_MC,_FENIMORE,_MC0226,1527,606,105,27,38,1501,583,151,17
0,_MC,_FESTIVAL,_MC0227,1727,971,72,10,26,1737,903,89,21
0,_MC,_FIESTA RANCH,_MC0228,1349,1231,126,33,104,1589,1017,139,19
0,_MC,_FOLLEY,_MC0229,1596,2033,213,57,58,1968,1729,171,13
0,_MC,_FOOTHILLS,_MC0230,2269,2090,174,28,93,2770,1630,127,32
0,_MC,_FORT MCDOWELL,_MC0231,55,176,7,6,7,84,147,16,1
0,_MC,_FOUNTAIN HILLS,_MC0232,1272,754,66,13,30,1322,634,103,13
0,_MC,_FOUR PEAKS,_MC0233,1927,1176,128,34,50,1904,1119,177,27
0,_MC,_FOX CROSSING,_MC0234,1218,1314,109,29,48,1522,1043,90,12
0,_MC,_FOXWOOD,_MC0235,762,584,70,20,27,830,513,78,8
0,_MC,_FREMONT,_MC0236,1082,540,79,24,54,1084,502,125,8
0,_MC,_FRONTIER,_MC0237,2437,1339,145,17,78,2574,1123,209,31
0,_MC,_FULTON RANCH,_MC0238,2708,2164,220,31,91,3239,1699,166,15
0,_MC,_GALVESTON,_MC0239,1702,2232,225,67,84,2086,1909,202,27
0,_MC,_GARDEN GROVES,_MC0240,579,1174,107,37,41,745,1058,83,9
0,_MC,_GARDENS,_MC0241,150,486,51,20,18,226,423,42,12
0,_MC,_GATEWAY,_MC0242,228,1367,38,26,22,419,1156,63,2
0,_MC,_GAVILAN PEAK,_MC0243,1637,828,121,28,53,1699,726,161,18
0,_MC,_GEMINI,_MC0244,1078,871,109,31,48,1139,754,166,19
0,_MC,_GENE AUTRY,_MC0245,1118,490,72,9,61,1144,414,115,23
0,_MC,_GERMANN,_MC0246,2142,2208,281,58,109,2582,1873,197,31
0,_MC,_GERONIMO,_MC0247,494,562,57,17,31,589,472,62,7
0,_MC,_GILA,_MC0248,1095,1329,150,55,51,1283,1132,172,14
0,_MC,_GILA BEND,_MC0249,268,176,14,1,6,263,154,33,1
0,_MC,_GILBERT,_MC0250,1147,831,121,16,47,1290,698,86,12
0,_MC,_GILBERT GARDENS,_MC0251,1495,1135,140,36,108,1750,933,131,20
0,_MC,_GLENCROFT,_MC0252,747,846,72,41,27,837,710,116,7
0,_MC,_GLENN,_MC0253,638,904,58,19,30,910,686,44,3
0,_MC,_GLENROSA,_MC0254,511,864,54,11,30,666,725,56,7
0,_MC,_GLENVIEW,_MC0255,1758,717,120,21,166,2044,584,104,15
0,_MC,_GOLD DUST,_MC0256,589,533,71,13,19,681,462,51,8
0,_MC,_GOLDEN EAGLE,_MC0257,2011,1094,95,16,35,2063,971,122,19
0,_MC,_GOLDEN HILLS,_MC0258,1264,1028,154,35,53,1334,946,190,10
0,_MC,_GOLDFIELD RANCH,_MC0259,137,44,10,1,0,132,45,12,2
0,_MC,_GOODYEAR,_MC0260,375,558,49,23,11,452,479,66,9
0,_MC,_GRANADA,_MC0261,366,1256,59,32,17,570,1029,102,6
0,_MC,_GRAND,_MC0262,2511,1623,79,16,59,2548,1480,159,22
0,_MC,_GRANITE FALLS,_MC0263,2043,1185,100,40,36,2046,1106,178,15
0,_MC,_GRANITE MOUNTAIN,_MC0264,2058,828,85,12,33,2296,627,59,26
0,_MC,_GRAYHAWK,_MC0265,1135,674,61,10,28,1363,452,55,11
0,_MC,_GREENBRIAR,_MC0266,1291,624,75,14,27,1301,528,140,14
0,_MC,_GREENFIELD,_MC0267,207,1179,44,27,20,341,1043,58,9
0,_MC,_GREENFIELD PARK,_MC0268,2232,1316,192,57,147,2401,1176,245,26
0,_MC,_GREENWAY,_MC0269,1281,1111,136,31,47,1457,931,152,12
0,_MC,_GREYSTONE,_MC0270,733,371,11,0,9,676,354,52,4
0,_MC,_GROVERS,_MC0271,1078,942,109,50,46,1093,811,207,22
0,_MC,_GROVES,_MC0272,1565,799,167,28,120,1793,683,111,27
0,_MC,_GUADALUPE,_MC0273,136,1360,32,20,13,335,1131,55,0
0,_MC,_GUERRERO,_MC0274,510,1014,85,68,46,628,911,140,9
0,_MC,_HALL,_MC0275,878,1505,95,34,44,1146,1243,93,9
0,_MC,_HAPPY TRAILS,_MC0276,382,174,9,7,2,360,148,52,0
0,_MC,_HAPPY VALLEY,_MC0277,1466,697,86,16,35,1526,596,119,13
0,_MC,_HARMONT,_MC0278,996,1386,113,35,39,1166,1196,172,11
0,_MC,_HARMONY PARK,_MC0279,1668,1087,178,50,92,1815,955,186,32
0,_MC,_HARQUAHALA,_MC0280,68,43,1,1,0,62,36,12,1
0,_MC,_HARRISON,_MC0281,102,656,19,8,11,190,548,25,2
0,_MC,_HASSAYAMPA,_MC0282,71,60,2,0,1,66,51,8,3
0,_MC,_HASTINGS,_MC0283,1469,798,104,18,38,1568,663,112,13
0,_MC,_HATCHER,_MC0284,670,862,68,36,32,711,777,116,8
0,_MC,_HAWES,_MC0285,1091,612,98,19,48,1031,592,177,18
0,_MC,_HAYDEN HIGH,_MC0286,138,934,30,21,18,304,755,39,3
0,_MC,_HERITAGE,_MC0287,691,1081,120,46,66,844,947,132,11
0,_MC,_HERMOSA,_MC0288,211,1838,63,34,31,403,1685,61,4
0,_MC,_HERMOSA VISTA,_MC0289,2452,1164,153,42,108,2601,988,154,48
0,_MC,_HICKIWAN,_MC0290,1,34,1,0,0,11,25,0,0
0,_MC,_HIDALGO,_MC0291,381,1457,93,33,31,554,1287,86,16
0,_MC,_HIGHLAND,_MC0292,2183,1149,181,30,177,2570,923,122,25
0,_MC,_HIGLEY,_MC0293,2128,1290,194,41,138,2388,1103,173,25
0,_MC,_HILLCREST,_MC0294,1161,665,29,8,20,1136,602,93,18
0,_MC,_HILLERY,_MC0295,1175,761,72,21,27,1280,613,87,8
0,_MC,_HILLVIEW,_MC0296,1372,1049,109,16,35,1499,890,122,20
0,_MC,_HILTON,_MC0297,81,390,20,7,10,139,338,29,2
0,_MC,_HOHOKAM PARK,_MC0298,798,909,112,41,49,925,782,123,13
0,_MC,_HOLIDAY GARDENS,_MC0299,142,534,25,15,10,201,476,35,2
0,_MC,_HOLIDAY PARK,_MC0300,450,1514,76,43,29,649,1307,103,8
0,_MC,_HOLLIS,_MC0301,680,1154,119,53,33,856,1014,115,15
0,_MC,_HOLLY,_MC0302,215,702,51,17,16,346,576,53,5
0,_MC,_HOLLYHOCK,_MC0303,247,1261,53,26,25,416,1048,85,9
0,_MC,_HOLMES,_MC0304,338,1410,57,28,38,557,1139,103,10
0,_MC,_HONDA,_MC0305,482,1094,74,73,35,724,873,129,6
0,_MC,_HOPE,_MC0306,296,1687,41,28,21,464,1472,89,6
0,_MC,_HOPEVILLE,_MC0307,1207,789,87,30,34,1214,742,124,20
0,_MC,_HOPI,_MC0308,1067,882,71,19,40,1359,635,42,8
0,_MC,_HORIZON,_MC0309,1828,1511,132,23,56,2095,1239,124,21
0,_MC,_HUALAPAI,_MC0310,1735,1344,101,18,52,1947,1099,98,13
0,_MC,_HUBBELL,_MC0311,539,671,61,19,19,658,562,61,4
0,_MC,_HUDSON,_MC0312,409,1275,111,73,36,599,1129,102,8
0,_MC,_INDEPENDENCE,_MC0313,710,1316,95,27,33,913,1106,108,13
0,_MC,_INDIAN BEND,_MC0314,900,893,114,43,33,1018,758,144,13
0,_MC,_INDIAN SPRINGS,_MC0315,753,1455,170,81,59,978,1310,178,12
0,_MC,_INDIAN WELLS,_MC0316,1553,719,74,19,19,1505,671,131,12
0,_MC,_ISAAC,_MC0317,112,597,25,12,10,198,482,42,5
0,_MC,_IVANHOE,_MC0318,2050,1533,237,44,142,2435,1276,177,18
0,_MC,_JACKRABBIT,_MC0319,1356,1180,108,30,53,1576,945,133,10
0,_MC,_JANICE,_MC0320,695,764,82,30,35,801,641,108,18
0,_MC,_JASMINE,_MC0321,660,360,22,4,8,653,321,57,1
0,_MC,_JASPER,_MC0322,796,946,101,29,35,944,821,79,15
0,_MC,_JENTILLY,_MC0323,619,1334,118,44,78,868,1147,99,11
0,_MC,_JOHN CABOT,_MC0324,1430,833,97,31,57,1439,753,147,24
0,_MC,_JULIE,_MC0325,1451,1099,166,49,73,1586,942,205,31
0,_MC,_JUNIPER,_MC0326,678,335,44,17,18,695,311,69,9
0,_MC,_JUPITER,_MC0327,1106,1402,166,38,51,1361,1192,145,18
0,_MC,_JUSTINE,_MC0328,1223,999,81,16,34,1476,773,78,11
0,_MC,_KACHINA,_MC0329,909,1400,130,36,49,1216,1165,106,10
0,_MC,_KAIBAB,_MC0330,882,783,82,17,25,1177,555,39,8
0,_MC,_KALER,_MC0331,1062,1507,129,41,49,1275,1271,165,9
0,_MC,_KEIM,_MC0332,678,1111,74,38,52,830,954,125,13
0,_MC,_KENLY FARMS,_MC0333,1939,1163,159,28,62,2022,1003,209,25
0,_MC,_KIMBERLY,_MC0334,701,428,56,13,25,701,376,105,7
0,_MC,_KINGS,_MC0335,1277,949,129,43,56,1346,840,196,21
0,_MC,_KIVA,_MC0336,513,340,26,2,14,620,245,19,0
0,_MC,_KLEINMAN,_MC0337,907,1574,135,49,67,1042,1413,182,23
0,_MC,_KODIAK,_MC0338,661,374,19,2,6,611,350,65,8
0,_MC,_KOKOPELLI,_MC0339,1264,1798,165,46,53,1526,1563,148,23
0,_MC,_KOMATKE,_MC0340,29,279,11,6,13,90,229,20,0
0,_MC,_LA REATA,_MC0341,621,688,58,12,35,688,592,88,17
0,_MC,_LA SOLANA,_MC0342,2290,1343,57,14,54,2344,1225,137,13
0,_MC,_LAKE PLEASANT,_MC0343,1865,784,93,18,37,1930,654,138,22
0,_MC,_LAKEVIEW,_MC0344,654,381,26,7,13,617,384,69,10
0,_MC,_LAKEWOOD,_MC0345,1267,1634,132,41,87,1656,1317,118,23
0,_MC,_LAMAR,_MC0346,510,684,53,18,28,708,507,59,3
0,_MC,_LANTANA CANYON,_MC0347,1866,1580,172,38,74,2238,1289,116,13
0,_MC,_LAREDO,_MC0348,1318,1190,157,29,57,1541,1011,142,6
0,_MC,_LAS SENDAS,_MC0349,2306,1243,138,18,80,2508,1054,142,27
0,_MC,_LASSEN,_MC0350,319,1397,74,32,27,524,1201,83,7
0,_MC,_LAUREL,_MC0351,760,544,38,9,18,853,435,42,7
0,_MC,_LAVEEN,_MC0352,986,3352,173,75,91,1436,2964,192,13
0,_MC,_LAVEEN MEADOWS,_MC0353,822,2388,140,45,65,1139,2093,168,17
0,_MC,_LEHI,_MC0354,1007,455,72,19,45,1018,411,115,16
0,_MC,_LEISURE WORLD,_MC0355,1161,668,44,7,23,1188,613,63,19
0,_MC,_LEWIS,_MC0356,145,644,29,9,8,236,532,56,2
0,_MC,_LIBBY,_MC0357,905,529,79,16,33,914,484,118,13
0,_MC,_LIBERTY,_MC0358,737,385,45,11,16,726,363,63,14
0,_MC,_LINDNER,_MC0359,1214,714,109,21,38,1272,631,124,12
0,_MC,_LITCHFIELD,_MC0360,734,567,69,14,25,808,501,62,14
0,_MC,_LOBO,_MC0361,1735,937,166,31,88,1939,780,150,18
0,_MC,_LOLA,_MC0362,1077,930,109,23,30,1160,805,157,10
0,_MC,_LOMA LINDA,_MC0363,602,1438,113,48,35,762,1291,137,14
0,_MC,_LOMA VERDES,_MC0364,984,507,54,9,19,1077,400,55,14
0,_MC,_LONE BUTTE,_MC0365,3,4,0,0,0,3,4,0,0
0,_MC,_LONE MOUNTAIN,_MC0366,3085,1549,159,31,52,3250,1271,207,44
0,_MC,_LONESOME,_MC0367,314,1171,68,23,23,513,986,56,8
0,_MC,_LONGBOW,_MC0368,1331,556,83,21,46,1364,500,104,16
0,_MC,_LONGHORN,_MC0369,1424,1422,141,35,62,1733,1116,115,28
0,_MC,_LONGMORE,_MC0370,269,402,52,28,28,311,377,72,6
0,_MC,_LOOKOUT RIDGE,_MC0371,1099,1110,98,15,42,1404,881,49,12
0,_MC,_LOS ALAMOS,_MC0372,1405,601,112,14,111,1592,481,103,10
0,_MC,_LOS GATOS,_MC0373,1921,1144,117,22,47,2049,948,142,23
0,_MC,_LOWELL,_MC0374,155,554,23,6,22,231,478,27,3
0,_MC,_LUDDEN,_MC0375,2517,1626,195,67,69,2518,1497,293,42
0,_MC,_LUKE,_MC0376,600,1240,82,37,32,777,1056,128,8
0,_MC,_LUKE FIELD,_MC0377,756,775,66,19,30,831,675,90,13
0,_MC,_LYNWOOD,_MC0378,132,1098,35,16,19,290,910,47,4
0,_MC,_MADISON HEIGHTS,_MC0379,718,802,71,8,17,917,628,46,5
0,_MC,_MADISON PARK,_MC0380,598,1840,109,61,46,823,1640,135,10
0,_MC,_MADRID,_MC0381,232,1087,45,22,20,393,903,69,3
0,_MC,_MAGGIE,_MC0382,796,561,77,24,21,843,471,113,11
0,_MC,_MAGIC STONE,_MC0383,1554,2210,194,55,92,2022,1815,157,25
0,_MC,_MAJESTY,_MC0384,1686,860,101,28,36,1794,736,106,24
0,_MC,_MANDALAY,_MC0385,1022,769,107,47,28,1078,658,167,23
0,_MC,_MANISTEE,_MC0386,433,857,63,15,18,559,714,71,6
0,_MC,_MANZANITA,_MC0387,469,523,50,26,23,562,428,76,6
0,_MC,_MARBELLA,_MC0388,2477,1502,177,30,77,2766,1225,163,23
0,_MC,_MARICOPA,_MC0389,928,1158,127,37,23,1124,970,120,10
0,_MC,_MARIGOLD,_MC0390,623,645,62,15,19,681,572,82,7
0,_MC,_MARIPOSA,_MC0391,605,846,82,22,32,699,723,110,13
0,_MC,_MARIVUE,_MC0392,363,1525,61,25,40,586,1310,74,5
0,_MC,_MARLETTE,_MC0393,893,1698,110,41,67,1132,1486,136,15
0,_MC,_MARLEY PARK,_MC0394,1216,825,88,30,36,1281,710,137,18
0,_MC,_MARTIN,_MC0395,397,160,31,8,9,353,159,67,8
0,_MC,_MARYLAND,_MC0396,341,690,26,18,19,414,615,53,2
0,_MC,_MARYVALE,_MC0397,325,1166,48,27,32,506,962,85,5
0,_MC,_MAYFLOWER,_MC0398,774,1429,126,38,50,968,1250,132,8
0,_MC,_MCAFEE PLACE,_MC0399,364,380,49,13,41,422,335,60,9
0,_MC,_MCCORMICK RANCH,_MC0400,2125,2064,162,26,70,2505,1717,133,24
0,_MC,_MCDONALD,_MC0401,310,351,26,9,7,355,304,23,3
0,_MC,_MCDOWELL,_MC0402,171,942,65,29,15,260,886,53,5
0,_MC,_MCKELLIPS PARK,_MC0403,352,593,67,25,30,460,511,61,4
0,_MC,_MCKEMY,_MC0404,922,1192,95,40,47,1141,988,114,7
0,_MC,_MCQUEEN,_MC0405,3090,2215,219,41,90,3344,1901,259,37
0,_MC,_MEGAN,_MC0406,2177,1546,217,42,105,2466,1311,177,26
0,_MC,_MESA GRAND,_MC0407,884,595,117,28,79,1007,536,105,12
0,_MC,_MESA LINDA,_MC0408,698,673,79,30,49,770,575,126,20
0,_MC,_MESA VISTA,_MC0409,1207,1008,135,44,93,1377,870,153,22
0,_MC,_METRO,_MC0410,453,621,70,20,18,503,551,76,13
0,_MC,_MICHELLE,_MC0411,572,436,52,16,11,588,376,82,8
0,_MC,_MIMOSA,_MC0412,1749,941,47,19,30,1625,925,170,21
0,_MC,_MINNEZONA,_MC0413,172,661,35,16,11,255,565,46,1
0,_MC,_MIRADA,_MC0414,1695,1748,145,24,52,2053,1386,115,18
0,_MC,_MISSION,_MC0415,1096,1162,161,49,53,1265,1022,163,25
0,_MC,_MITCHELL PARK,_MC0416,244,1086,75,53,33,364,999,88,6
0,_MC,_MOBILE,_MC0417,22,8,3,0,0,21,8,2,0
0,_MC,_MODOC,_MC0418,583,515,39,6,19,724,397,29,2
0,_MC,_MOHAVE,_MC0419,1295,1226,144,43,43,1516,1002,142,12
0,_MC,_MOHAWK,_MC0420,886,519,88,17,19,929,449,94,11
0,_MC,_MONROE,_MC0421,306,1137,68,39,39,467,1004,72,11
0,_MC,_MONTE CRISTO,_MC0422,1702,1585,156,51,55,1987,1325,161,28
0,_MC,_MONTE VISTA,_MC0423,163,752,35,15,18,268,608,55,2
0,_MC,_MONTEBELLO,_MC0424,264,698,41,21,20,367,594,51,5
0,_MC,_MONTOYA,_MC0425,1883,928,101,28,55,2056,720,132,16
0,_MC,_MOON VALLEY,_MC0426,1194,856,87,11,24,1378,663,93,15
0,_MC,_MORRISTOWN,_MC0427,454,146,22,10,12,399,166,48,5
0,_MC,_MOUNTAIN SKY,_MC0428,1360,1339,133,38,49,1560,1151,126,20
0,_MC,_MOUNTAIN VISTA,_MC0429,1691,713,110,21,52,1744,622,123,35
0,_MC,_MUMMY MOUNTAIN,_MC0430,1282,1285,114,41,53,1466,1100,138,14
0,_MC,_MUSKET,_MC0431,1772,1910,190,68,86,2193,1549,166,16
0,_MC,_MUSTANG,_MC0432,1772,1433,100,28,40,2073,1120,93,10
0,_MC,_MYSTIC,_MC0433,1439,1148,161,25,63,1619,1001,119,15
0,_MC,_NEW RIVER,_MC0434,2214,678,133,36,35,2004,701,259,33
0,_MC,_NICOLET,_MC0435,633,812,82,31,24,743,689,98,9
0,_MC,_NIGHTINGALE,_MC0436,1103,917,93,18,59,1366,701,82,12
0,_MC,_NORTERRA,_MC0437,2639,1709,204,35,75,2931,1421,176,22
0,_MC,_NORTH HIGH,_MC0438,428,1429,79,61,43,590,1285,111,13
0,_MC,_NORTON,_MC0439,154,200,12,3,5,155,191,26,2
0,_MC,_OAKGROVE,_MC0440,532,704,93,23,21,628,616,94,1
0,_MC,_OAKHURST,_MC0441,450,341,37,7,22,508,286,35,7
0,_MC,_OAKTREE,_MC0442,1301,1662,138,25,49,1663,1369,98,13
0,_MC,_OAKWOOD COUNTRY CLUB,_MC0443,2542,1411,72,20,47,2688,1180,130,30
0,_MC,_OASIS,_MC0444,2723,1454,158,32,79,2685,1403,237,38
0,_MC,_OCOTILLO,_MC0445,303,571,30,24,28,383,495,58,4
0,_MC,_OLD WEST,_MC0446,981,852,141,38,71,1120,756,139,13
0,_MC,_OLIVE,_MC0447,1145,697,44,11,31,1077,655,145,9
0,_MC,_OLNEY,_MC0448,540,930,65,19,20,635,823,77,12
0,_MC,_ONYX,_MC0449,760,956,80,26,21,912,823,70,13
0,_MC,_OPTIMIST,_MC0450,1026,1460,173,38,54,1312,1258,121,23
0,_MC,_ORANGE TREE,_MC0451,608,418,29,7,17,696,317,41,4
0,_MC,_ORANGEWOOD,_MC0452,524,887,63,22,20,717,738,40,6
0,_MC,_ORANGEWOOD FARMS,_MC0453,1749,1357,137,40,48,1788,1225,203,24
0,_MC,_ORME,_MC0454,1220,2317,167,61,50,1549,2022,177,14
0,_MC,_OSUNA PARK,_MC0455,944,1121,103,43,47,1083,954,140,17
0,_MC,_PAINTED MOUNTAIN,_MC0456,1117,574,96,17,38,1099,537,125,23
0,_MC,_PAIUTE,_MC0457,771,1308,115,49,46,994,1093,128,9
0,_MC,_PALISADES,_MC0458,1420,844,83,14,33,1490,728,91,13
0,_MC,_PALM VALLEY,_MC0459,912,700,61,20,37,978,622,94,6
0,_MC,_PALMAIRE,_MC0460,368,584,39,19,16,501,486,31,4
0,_MC,_PALMBROOK,_MC0461,1016,1366,138,33,53,1274,1137,111,20
0,_MC,_PALMDALE,_MC0462,212,1008,49,25,22,312,915,70,3
0,_MC,_PALMER,_MC0463,685,1342,166,64,67,897,1242,133,8
0,_MC,_PALO BLANCO,_MC0464,1287,800,132,25,71,1437,686,114,10
0,_MC,_PALO CRISTI,_MC0465,983,748,75,13,38,1266,532,33,4
0,_MC,_PALO VERDE,_MC0466,1589,1580,166,71,59,1685,1389,284,38
0,_MC,_PALOMINO,_MC0467,1052,1213,103,51,33,1122,1087,162,17
0,_MC,_PAPAGO PARK,_MC0468,277,724,66,35,37,384,639,75,6
0,_MC,_PARADA,_MC0469,348,1140,56,39,23,434,1045,87,7
0,_MC,_PARADISE,_MC0470,551,339,38,12,10,561,292,59,4
0,_MC,_PARADISE PARK,_MC0471,915,715,98,12,30,972,621,120,11
0,_MC,_PARK CENTRAL,_MC0472,675,2448,127,76,62,952,2208,141,14
0,_MC,_PARK MEADOWS,_MC0473,630,475,37,6,20,734,371,37,3
0,_MC,_PARKRIDGE,_MC0474,1988,1199,173,31,87,2188,1002,179,20
0,_MC,_PEAK VIEW,_MC0475,1277,672,65,13,19,1361,545,65,11
0,_MC,_PECK,_MC0476,229,636,45,23,9,294,551,63,5
0,_MC,_PECOS,_MC0477,1766,1881,167,34,59,2111,1542,149,21
0,_MC,_PEE-POSH,_MC0478,15,133,5,5,5,38,107,13,0
0,_MC,_PEGASUS,_MC0479,1069,531,87,10,58,1176,458,71,15
0,_MC,_PENA,_MC0480,328,1116,44,19,25,487,940,77,4
0,_MC,_PENNY LANE,_MC0481,241,430,40,17,28,298,379,45,10
0,_MC,_PEORIA HEIGHTS,_MC0482,667,783,75,33,19,702,716,116,13
0,_MC,_PEPPERWOOD,_MC0483,580,1207,124,50,55,720,1098,137,12
0,_MC,_PERRY PARK,_MC0484,337,957,40,35,28,478,816,84,3
0,_MC,_PHELPS,_MC0485,1074,560,70,22,20,1065,494,144,8
0,_MC,_PICADILLY,_MC0486,694,945,85,22,31,912,770,62,9
0,_MC,_PIERCE,_MC0487,399,861,61,19,39,511,747,90,5
0,_MC,_PILGRIM,_MC0488,1826,1574,174,53,75,1910,1414,269,32
0,_MC,_PIMA,_MC0489,999,1047,121,23,34,1225,843,87,14
0,_MC,_PINE VALLEY,_MC0490,1344,964,77,12,27,1566,724,76,12
0,_MC,_PINNACLE PEAK,_MC0491,3387,1614,110,22,97,3690,1298,113,23
0,_MC,_PINNACLE WEST,_MC0492,1154,744,48,11,20,1342,543,57,12
0,_MC,_PINON,_MC0493,1438,1269,161,46,88,1676,1080,151,17
0,_MC,_PINTO,_MC0494,727,656,81,12,32,872,565,45,6
0,_MC,_PIONEER,_MC0495,746,491,45,15,22,809,395,83,17
0,_MC,_POCO BUENO,_MC0496,2833,1947,239,45,199,3343,1559,215,26
0,_MC,_POINCIANA,_MC0497,1261,560,71,13,66,1406,429,93,11
0,_MC,_POINSETTIA,_MC0498,401,331,28,2,14,461,274,20,6
0,_MC,_PONDEROSA,_MC0499,592,558,90,32,13,707,451,86,11
0,_MC,_PORT ROYALE,_MC0500,732,809,98,32,41,854,680,124,16
0,_MC,_PORTER,_MC0501,972,637,94,28,73,1067,566,116,12
0,_MC,_PORTOBELLO,_MC0502,1794,1113,149,35,77,1955,991,167,15
0,_MC,_POWER RANCH,_MC0503,4052,2522,342,77,279,4601,2081,329,68
0,_MC,_PUEBLO,_MC0504,1134,1664,154,37,53,1410,1401,123,13
0,_MC,_PURPLE SAGE,_MC0505,1097,1263,125,44,39,1317,1053,152,17
0,_MC,_PYRAMID PEAK,_MC0506,3479,2047,228,43,97,3842,1640,259,40
0,_MC,_QUAIL RUN,_MC0507,1958,1741,186,47,86,2288,1448,191,22
0,_MC,_QUEEN CREEK,_MC0508,4805,1949,299,72,222,5020,1705,360,71
0,_MC,_RAINBOW VALLEY,_MC0509,799,438,50,21,17,766,389,119,10
0,_MC,_RANCHO,_MC0510,738,1642,106,37,66,1058,1375,107,11
0,_MC,_RANCHO MIRAGE,_MC0511,1420,1410,156,65,55,1486,1258,230,47
0,_MC,_RANCHO PALOMA,_MC0512,1429,750,63,17,24,1473,634,109,21
0,_MC,_READE,_MC0513,289,648,41,22,17,392,537,69,2
0,_MC,_RED MOUNTAIN,_MC0514,1665,1058,131,26,62,1793,915,158,19
0,_MC,_REDDEN,_MC0515,495,734,64,26,37,606,658,70,4
0,_MC,_REDWING,_MC0516,1024,1173,121,27,35,1206,1007,104,6
0,_MC,_REED PARK,_MC0517,384,453,62,14,38,472,380,72,9
0,_MC,_REEMS,_MC0518,2263,1467,206,45,80,2422,1292,230,31
0,_MC,_RHODES,_MC0519,578,545,39,11,16,623,454,58,7
0,_MC,_RIATA,_MC0520,877,637,116,29,55,995,552,110,7
0,_MC,_RIMROCK,_MC0521,1181,708,41,15,26,1187,664,98,6
0,_MC,_RIO MONTANA,_MC0522,1054,782,71,10,35,1234,627,70,9
0,_MC,_RIO PASEO,_MC0523,1007,883,72,29,49,1146,716,126,9
0,_MC,_RIO SALADO,_MC0524,535,1455,144,57,44,721,1277,133,22
0,_MC,_RIO VERDE,_MC0525,2233,814,79,10,39,2283,689,119,29
0,_MC,_RITTENHOUSE,_MC0526,1905,699,91,20,90,1933,659,125,22
0,_MC,_RIVERSIDE,_MC0527,340,1554,90,41,34,568,1328,97,13
0,_MC,_RIVERVIEW,_MC0528,831,1102,155,68,117,1056,970,147,30
0,_MC,_RIVIERA,_MC0529,673,508,57,17,19,740,411,88,11
0,_MC,_ROADRUNNER,_MC0530,151,641,18,11,9,270,493,37,0
0,_MC,_ROCKLEDGE,_MC0531,1450,1518,147,22,68,1765,1268,86,17
0,_MC,_ROCKWOOD,_MC0532,439,475,49,11,16,476,428,60,9
0,_MC,_ROESER,_MC0533,474,1936,89,45,38,681,1760,106,9
0,_MC,_ROLLING HILLS,_MC0534,665,1061,130,49,36,860,936,97,6
0,_MC,_ROMA,_MC0535,695,1878,95,39,40,909,1601,173,12
0,_MC,_ROSE,_MC0536,1620,1387,184,59,76,1728,1244,249,32
0,_MC,_ROSE GARDEN,_MC0537,589,485,87,20,24,624,450,84,11
0,_MC,_ROTARY PARK,_MC0538,1067,1535,153,33,73,1335,1348,135,11
0,_MC,_ROVEY,_MC0539,686,1073,77,34,32,873,909,82,9
0,_MC,_ROYAL OAK,_MC0540,1131,831,69,17,21,1111,794,130,9
0,_MC,_RUBY,_MC0541,888,2000,144,77,50,1132,1755,181,11
0,_MC,_SADDLE RIDGE,_MC0542,1804,900,58,13,28,1683,877,171,24
0,_MC,_SAGEBRUSH,_MC0543,2306,1385,208,36,116,2573,1161,200,17
0,_MC,_SAGUARO,_MC0544,1758,934,88,17,42,1867,787,111,23
0,_MC,_SAHUARO RANCH,_MC0545,717,620,71,26,32,812,514,113,6
0,_MC,_SALOME,_MC0546,273,72,17,5,4,232,78,45,3
0,_MC,_SALT RIVER,_MC0547,784,968,86,35,28,924,838,98,9
0,_MC,_TOWNE MEADOWS,_MC0548,1131,717,122,26,74,1300,601,101,14
0,_MC,_SAN LUCY,_MC0549,6,72,0,2,0,11,67,1,0
0,_MC,_SAN MARCOS,_MC0550,609,888,76,12,31,718,760,92,11
0,_MC,_SAN MICHELLE,_MC0551,2059,1250,193,42,95,2168,1175,190,33
0,_MC,_SAN MIGUEL,_MC0552,247,347,25,4,11,276,311,31,2
0,_MC,_SAN PEDRO,_MC0553,628,578,69,16,40,716,496,70,12
0,_MC,_SAN REMO,_MC0554,604,222,30,6,37,621,202,46,9
0,_MC,_SAN SIMON,_MC0555,476,538,44,9,13,584,462,27,3
0,_MC,_SAN VICTOR,_MC0556,787,851,65,16,38,934,722,61,10
0,_MC,_SANDIA,_MC0557,900,1176,101,41,33,1136,971,89,12
0,_MC,_SANDPIPER,_MC0558,1202,779,81,18,28,1333,655,80,14
0,_MC,_SANOKAI,_MC0559,1253,391,62,16,46,1225,361,93,26
0,_MC,_SANTA FE,_MC0560,757,653,69,36,27,799,603,102,10
0,_MC,_SANTA MARIA,_MC0561,205,729,34,24,16,290,641,50,6
0,_MC,_SANTAN,_MC0562,1645,787,113,24,53,1769,630,136,22
0,_MC,_SANTO,_MC0563,1197,955,86,10,17,1369,782,73,11
0,_MC,_SARATOGA,_MC0564,918,632,51,13,13,908,598,86,13
0,_MC,_SARIVAL,_MC0565,1303,696,98,25,30,1239,665,157,9
0,_MC,_SCOTTSDALE,_MC0566,1531,1667,130,28,50,1887,1338,110,8
0,_MC,_SCUDDER,_MC0567,1123,1642,160,41,78,1435,1409,144,14
0,_MC,_SENNIA VISTA,_MC0568,477,1665,76,36,43,686,1426,116,8
0,_MC,_SENTINEL,_MC0569,26,18,0,1,0,30,12,3,0
0,_MC,_SENTRY,_MC0570,1270,1167,84,25,43,1524,935,75,15
0,_MC,_SEVILLA,_MC0571,786,1781,114,44,49,1077,1506,136,17
0,_MC,_SHADOW ROCK,_MC0572,952,1050,83,11,40,1213,838,56,9
0,_MC,_SHADY GLEN,_MC0573,715,568,89,24,43,789,472,120,23
0,_MC,_SHALIMAR,_MC0574,659,1029,103,21,33,835,910,66,5
0,_MC,_SHASTA,_MC0575,1450,824,57,16,24,1386,804,133,13
0,_MC,_SHAW BUTTE,_MC0576,914,882,102,27,47,1008,780,123,21
0,_MC,_SHEA,_MC0577,684,611,56,13,28,755,549,60,4
0,_MC,_SHEENA,_MC0578,1124,1134,98,19,18,1315,941,85,17
0,_MC,_SIERRA HILLS,_MC0579,1452,980,84,11,42,1710,740,58,10
0,_MC,_SIERRA MADRE,_MC0580,1263,1056,123,31,75,1460,893,154,5
0,_MC,_SIERRA PASS,_MC0581,1594,1523,108,13,57,1946,1151,100,18
0,_MC,_SIERRA VERDE,_MC0582,795,515,51,16,28,876,416,63,7
0,_MC,_SIERRA VISTA,_MC0583,239,1349,53,24,19,418,1165,75,2
0,_MC,_SIESTA,_MC0584,581,437,53,11,17,616,381,68,12
0,_MC,_SILVER SPUR,_MC0585,1994,1507,130,19,48,2381,1165,98,7
0,_MC,_SILVERADO,_MC0586,622,1842,117,73,45,873,1613,160,15
0,_MC,_SIMIS,_MC0587,672,1290,82,25,40,969,1055,70,11
0,_MC,_SKY HAWK,_MC0588,761,392,12,2,10,739,374,37,6
0,_MC,_SKY VIEW,_MC0589,823,580,77,19,28,855,523,113,11
0,_MC,_SMP 1,_MC0590,0,3,0,0,0,1,1,1,0
0,_MC,_SMP 2,_MC0591,0,4,0,0,0,0,4,0,0
0,_MC,_SMP 3,_MC0592,4,11,2,0,0,11,6,0,0
0,_MC,_SOLANO,_MC0593,612,1509,103,52,33,785,1366,128,10
0,_MC,_SOLCITO,_MC0594,422,602,44,4,13,555,489,27,3
0,_MC,_SOLEDAD,_MC0595,683,1231,104,32,33,834,1025,144,23
0,_MC,_SOSSAMAN,_MC0596,3216,1340,227,51,173,3484,1140,219,44
0,_MC,_SOUTH MTN HIGH,_MC0597,195,1022,51,19,28,300,916,72,6
0,_MC,_SOUTH MTN PARK,_MC0598,77,108,3,5,6,103,86,10,0
0,_MC,_SOUTHERN,_MC0599,209,1573,55,29,16,433,1352,66,3
0,_MC,_SPANISH GARDEN,_MC0600,914,577,36,11,18,923,508,99,5
0,_MC,_SPRINGS,_MC0601,511,601,67,9,39,637,498,47,7
0,_MC,_SPRUCE,_MC0602,219,321,26,11,17,257,307,28,1
0,_MC,_SPUR,_MC0603,2156,1438,202,38,87,2382,1209,181,27
0,_MC,_SPUR CROSS,_MC0604,58,22,1,0,1,55,20,4,2
0,_MC,_ST CHRISTOPHER,_MC0605,603,357,28,7,6,547,349,90,7
0,_MC,_ST FRANCIS,_MC0606,422,768,62,23,28,505,684,71,8
0,_MC,_ST MORITZ,_MC0607,884,633,87,24,27,947,530,124,14
0,_MC,_STARDUST,_MC0608,665,364,32,5,15,654,341,58,11
0,_MC,_STARLIGHT,_MC0609,232,803,38,16,22,354,679,61,3
0,_MC,_STELLA,_MC0610,398,847,59,22,28,486,741,92,13
0,_MC,_STELLAR,_MC0611,1457,1624,145,39,76,1791,1332,147,13
0,_MC,_STONEGATE,_MC0612,891,654,47,4,27,1056,498,38,5
0,_MC,_STUMP,_MC0613,744,2648,142,56,55,1164,2241,151,15
0,_MC,_SUMMERSTAR,_MC0614,690,437,23,8,7,680,374,68,7
0,_MC,_SUN AIRE,_MC0615,1489,1091,125,39,47,1536,987,182,16
0,_MC,_SUN CITY,_MC0616,1245,760,57,19,21,1143,744,173,14
0,_MC,_SUN GROVES,_MC0617,1288,1060,105,30,57,1458,892,127,18
0,_MC,_SUN LAKES COUNTRY CLUB,_MC0618,1118,670,47,24,10,1101,626,113,7
0,_MC,_SUN TRAILS,_MC0619,1875,1168,182,46,177,2094,1053,201,27
0,_MC,_SUNBURST,_MC0620,730,597,66,22,27,796,516,80,8
0,_MC,_SUNCLIFF,_MC0621,1383,1130,164,57,47,1383,1025,269,24
0,_MC,_SUNDANCE,_MC0622,619,534,55,19,28,632,484,100,14
0,_MC,_SUNDANCE WEST,_MC0623,1481,1191,106,32,54,1510,1091,165,15
0,_MC,_SUNDOWN,_MC0624,884,800,53,11,19,1056,648,39,7
0,_MC,_SUNFLOWER,_MC0625,3,0,0,0,0,3,0,0,0
0,_MC,_SUNLAND,_MC0626,195,1132,49,40,15,323,1009,83,4
0,_MC,_SUNNY HIGH,_MC0627,1499,1830,141,31,74,1881,1537,117,9
0,_MC,_SUNNYSIDE,_MC0628,510,373,28,8,15,597,294,22,7
0,_MC,_SUNNYSLOPE,_MC0629,418,697,32,13,17,497,594,77,8
0,_MC,_SUNRISE,_MC0630,1264,972,118,58,56,1325,834,220,28
0,_MC,_SUNUP,_MC0631,690,619,72,21,47,763,513,109,13
0,_MC,_SUPAI,_MC0632,850,1163,122,41,43,1028,968,144,11
0,_MC,_SUNLAND VILLAGE,_MC0633,2630,1613,175,36,105,2775,1407,204,53
0,_MC,_SURPRISE,_MC0634,328,725,44,28,21,434,630,60,6
0,_MC,_SURPRISE FARMS,_MC0635,2561,1391,171,46,64,2508,1306,273,38
0,_MC,_SUTTON,_MC0636,750,689,67,12,27,941,538,52,4
0,_MC,_SWEETWATER,_MC0637,1029,729,94,23,47,1138,616,113,13
0,_MC,_TABLE MESA,_MC0638,22,4,1,0,0,14,4,4,2
0,_MC,_TARO,_MC0639,1162,764,99,26,36,1191,686,152,17
0,_MC,_TARTESSO,_MC0640,903,416,66,11,34,888,387,107,13
0,_MC,_TATUM,_MC0641,2656,2266,183,36,104,3200,1765,155,19
0,_MC,_TEMPE,_MC0642,181,335,33,6,11,254,267,15,3
0,_MC,_TERRAVITA,_MC0643,2122,1142,82,22,60,2324,948,100,17
0,_MC,_THOMAS,_MC0644,212,318,28,3,19,276,257,32,4
0,_MC,_TIERRA ESTE,_MC0645,1068,593,96,14,77,1137,551,99,12
0,_MC,_TIERRA MADRE,_MC0646,1530,821,123,15,80,1744,682,77,21
0,_MC,_TOLLESON,_MC0647,319,1347,49,19,21,499,1150,58,9
0,_MC,_TONOPAH,_MC0648,676,244,24,5,20,585,245,93,11
0,_MC,_TONTO,_MC0649,1871,1027,145,44,80,1946,909,211,25
0,_MC,_TORTILLA FLAT,_MC0650,10,2,0,1,0,9,3,1,0
0,_MC,_SAN ANGELO,_MC0651,1103,622,95,23,90,1210,539,117,19
0,_MC,_TOWNLEY,_MC0652,192,403,16,13,19,230,373,42,3
0,_MC,_TRADITIONS,_MC0653,1344,716,64,12,26,1324,681,82,14
0,_MC,_TREVOR BROWNE,_MC0654,206,804,49,29,16,319,689,66,4
0,_MC,_TRILOGY,_MC0655,3888,2221,281,50,151,4243,1913,265,48
0,_MC,_TUCKEY,_MC0656,185,480,27,20,16,282,382,53,1
0,_MC,_TULANE,_MC0657,696,1341,144,39,53,929,1170,121,6
0,_MC,_TUMBLEWEED,_MC0658,330,1380,56,36,29,525,1153,109,5
0,_MC,_TURF PARADISE,_MC0659,423,411,41,8,18,473,350,49,6
0,_MC,_TURNEY,_MC0660,536,2044,131,54,41,786,1840,109,9
0,_MC,_PEBBLE CREEK,_MC0661,3663,2103,125,24,65,3830,1847,199,24
0,_MC,_TUTHILL,_MC0662,3600,1824,261,30,99,3757,1573,291,54
0,_MC,_TWIN BUTTES,_MC0663,457,1113,127,63,58,602,1057,119,8
0,_MC,_VALENCIA,_MC0664,121,147,10,2,5,123,128,28,1
0,_MC,_VALENCIA GROVES,_MC0665,2738,1303,250,63,184,2961,1183,262,32
0,_MC,_VAN NESS,_MC0666,480,707,76,37,30,581,633,86,5
0,_MC,_VARNEY PARK,_MC0667,1246,989,133,35,53,1334,892,164,21
0,_MC,_VELERO,_MC0668,471,511,68,10,19,563,435,48,10
0,_MC,_VERANO,_MC0669,970,1125,147,37,46,1187,963,116,12
0,_MC,_VERMONT,_MC0670,666,1014,63,23,26,743,873,123,12
0,_MC,_VICTORY,_MC0671,406,785,91,24,35,555,650,91,11
0,_MC,_VILLA DE PAZ,_MC0672,604,726,68,18,18,675,632,97,6
0,_MC,_VILLA RITA,_MC0673,770,717,61,13,22,879,592,67,9
0,_MC,_VINEYARD,_MC0674,549,1162,94,28,31,716,1015,115,7
0,_MC,_VIRGINIA,_MC0675,794,1071,126,27,40,964,924,114,14
0,_MC,_VISTA,_MC0676,1121,1020,120,34,46,1247,901,137,15
0,_MC,_VISTA VERDE,_MC0677,241,76,7,2,5,230,65,24,4
0,_MC,_VISTANCIA,_MC0678,2406,1467,109,29,56,2588,1233,146,25
0,_MC,_VOGEL,_MC0679,1285,1262,153,53,54,1368,1139,198,23
0,_MC,_WACKER PARK,_MC0680,1186,723,111,21,34,1250,610,149,20
0,_MC,_MESQUITE,_MC0681,2617,1433,195,51,66,2648,1299,271,36
0,_MC,_WAGGONER,_MC0682,1190,1526,134,20,55,1497,1286,102,10
0,_MC,_WAHALLA,_MC0683,1429,1068,125,20,63,1640,827,151,12
0,_MC,_WARNER,_MC0684,726,1815,98,37,35,932,1566,129,9
0,_MC,_WATER WORKS,_MC0685,1012,1194,145,51,62,1186,1073,144,16
0,_MC,_WATSON,_MC0686,507,157,33,6,13,508,148,40,8
0,_MC,_WELDON,_MC0687,226,650,39,14,22,313,555,54,8
0,_MC,_WENDY,_MC0688,518,640,84,12,33,662,526,74,6
0,_MC,_WEST PLAZA,_MC0689,511,1132,72,38,30,697,940,93,11
0,_MC,_WEST POINT,_MC0690,2514,1599,189,54,69,2509,1478,292,32
0,_MC,_WEST WING,_MC0691,3425,1660,181,28,119,3699,1334,214,31
0,_MC,_WESTAR,_MC0692,1300,810,74,14,21,1369,692,90,16
0,_MC,_WESTBROOK,_MC0693,1757,931,83,17,59,1849,804,124,19
0,_MC,_WESTERN STAR,_MC0694,879,1318,139,37,35,1096,1158,96,17
0,_MC,_WESTGREEN PARK,_MC0695,919,785,84,24,23,920,705,149,16
0,_MC,_WESTRIDGE,_MC0696,327,1175,51,27,14,480,992,81,2
0,_MC,_WESTWARD HO,_MC0697,376,1820,105,61,52,608,1618,115,7
0,_MC,_WESTWOOD,_MC0698,970,693,88,29,72,1077,632,101,15
0,_MC,_WESTWORLD,_MC0699,2492,2197,162,31,76,3137,1613,103,14
0,_MC,_WHITE TANK,_MC0700,233,125,21,8,6,232,118,29,4
0,_MC,_WHITTIER,_MC0701,156,874,37,25,17,254,790,49,3
0,_MC,_WHITTON,_MC0702,133,139,16,2,7,163,110,5,0
0,_MC,_WHYMAN,_MC0703,1346,1217,116,35,43,1373,1101,182,13
0,_MC,_WICKENBURG,_MC0704,2605,788,121,37,48,2459,783,234,51
0,_MC,_WIER,_MC0705,724,525,68,21,39,767,488,84,6
0,_MC,_WIGWAM,_MC0706,2808,2222,248,57,119,3275,1834,215,19
0,_MC,_WIGWAM CREEK,_MC0707,1161,989,103,31,55,1302,868,112,11
0,_MC,_WIKIEUP,_MC0708,704,494,51,25,20,749,398,94,3
0,_MC,_WILDER,_MC0709,1118,1359,93,28,51,1451,1088,70,13
0,_MC,_WILDFLOWER,_MC0710,995,1084,105,38,45,1065,975,149,19
0,_MC,_WILLIAMS FIELD,_MC0711,1021,522,93,15,72,1115,448,99,17
0,_MC,_WILLOW,_MC0712,796,776,69,19,26,911,678,74,8
0,_MC,_WILLOW CANYON,_MC0713,1531,866,83,25,50,1556,794,131,27
0,_MC,_WILSHIRE,_MC0714,423,1829,101,45,34,688,1620,93,8
0,_MC,_WINDMERE,_MC0715,1848,2365,259,49,80,2246,2024,219,28
0,_MC,_WITTMANN,_MC0716,1319,392,46,9,19,1193,381,131,33
0,_MC,_WOLF RUN,_MC0717,1899,853,66,7,53,1979,720,94,21
0,_MC,_WOOD,_MC0718,987,742,95,34,31,1025,662,157,6
0,_MC,_WOODGLEN,_MC0719,674,932,120,43,55,855,821,105,8
0,_MC,_XAVIER,_MC0720,388,1221,73,22,42,587,1037,79,8
0,_MC,_YOUNGTOWN,_MC0721,988,780,87,38,29,990,701,162,21
0,_MC,_YUCCA,_MC0722,663,924,89,22,38,832,798,79,10
0,_MC,_YUMA,_MC0723,675,771,90,21,30,773,653,102,15
0,_MC,_ZUNI HILLS,_MC0724,2216,823,141,28,50,2174,743,206,21
0,_MO,_201 WIKIEUP,_MO0201,149,20,4,2,0,132,17,13,3
0,_MO,_202 WHITE HILLS,_MO0202,137,32,9,3,2,114,45,10,4
0,_MO,_203 YUCCA,_MO0203,332,72,10,8,5,250,88,61,14
0,_MO,_204 CHLORIDE,_MO0204,332,74,9,3,4,262,89,45,9
0,_MO,_205 NORTH CANYON,_MO0205,781,26,96,10,20,844,54,90,9
0,_MO,_206 OATMAN,_MO0206,81,17,3,1,0,70,18,12,2
0,_MO,_207 DESERT HILLS,_MO0207,1003,265,25,6,8,847,305,94,18
0,_MO,_208 MEADVIEW,_MO0208,479,153,5,2,4,416,154,47,11
0,_MO,_209 DOLAN SPRINGS,_MO0209,503,178,32,7,7,404,224,80,10
0,_MO,_210 GOLDEN VALLEY,_MO0210,3175,821,114,39,28,2519,978,467,87
0,_MO,_211 BULLHEAD CITY,_MO0211,9393,3675,384,125,124,8164,3720,1137,183
0,_MO,_212 MOHAVE VALLEY,_MO0212,6002,1953,234,82,60,5132,2024,787,102
0,_MO,_213 HACKBERRY,_MO0213,988,227,45,8,15,808,273,136,19
0,_MO,_214 TRUXTON,_MO0214,81,16,2,1,1,61,21,11,10
0,_MO,_215 KINGMAN CENTRAL,_MO0215,2415,830,187,54,54,2169,909,305,33
0,_MO,_216 KINGMAN NORTH,_MO0216,3127,933,177,45,50,2660,1032,431,78
0,_MO,_217 KINGMAN SOUTH,_MO0217,4022,1231,244,58,78,3506,1365,475,99
0,_MO,_218 KINGMAN EAST,_MO0218,4545,1210,292,71,89,3850,1455,584,122
0,_MO,_219 LAKE HAVASU NORTH,_MO0219,5375,1331,192,49,60,4709,1464,440,125
0,_MO,_220 LAKE HAVASU SOUTH,_MO0220,14009,3735,532,145,182,12388,4128,1237,299
0,_MO,_221 LITTLEFIELD,_MO0221,672,237,27,4,17,560,276,69,11
0,_MO,_222 GOLDEN SHORES,_MO0222,618,197,7,12,12,512,228,71,10
0,_MO,_223 MOCCASIN,_MO0223,35,28,4,1,3,37,26,5,0
0,_MO,_224 PEACH SPRINGS,_MO0224,28,194,5,4,4,72,152,8,0
0,_NA,_RED BUTTE,_NA0001,595,4455,273,189,214,786,4883,156,8
0,_NA,_PAINTED DESERT,_NA0002,158,621,36,23,10,155,673,34,2
0,_NA,_HUBBELL,_NA0003,113,46,6,2,6,104,48,11,3
0,_NA,_BLACK BUTTES,_NA0004,1323,3184,172,132,145,1447,3223,254,15
0,_NA,_CEDAR VALLEY,_NA0005,106,895,25,22,33,122,969,20,0
0,_NA,_STONE BUTTE,_NA0006,26,303,9,23,12,21,345,12,1
0,_NA,_PIONEER,_NA0007,4603,517,169,52,208,3821,784,592,80
0,_NA,_ANTELOPE,_NA0008,1506,706,118,44,126,1449,731,223,21
0,_NA,_JUNIPER,_NA0009,852,198,31,18,12,660,234,153,12
0,_NA,_BISON,_NA0010,599,107,19,4,32,510,130,69,12
0,_NA,_MOGOLLON,_NA0011,1615,415,70,18,43,1370,447,214,35
0,_NA,_WOODLAND,_NA0012,662,175,31,9,15,576,196,81,7
0,_NA,_SITGREAVES,_NA0013,4809,1234,219,60,151,4275,1350,493,77
0,_NA,_SUNRISE,_NA0014,3610,3603,232,107,138,3464,3632,415,65
0,_PM,_PIMA 1,_PM0001,462,467,32,19,23,461,454,66,13
0,_PM,_PIMA 2,_PM0002,59,51,6,4,0,50,54,8,2
0,_PM,_PIMA 3,_PM0003,5,167,3,5,5,25,153,5,0
0,_PM,_PIMA 4,_PM0004,59,597,17,23,8,158,506,37,0
0,_PM,_PIMA 5,_PM0005,1789,722,130,52,43,1558,786,263,38
0,_PM,_PIMA 6,_PM0006,1982,1217,192,44,88,2016,1172,183,37
0,_PM,_PIMA 7,_PM0007,43,35,7,2,0,47,28,11,2
0,_PM,_PIMA 8,_PM0008,175,195,14,15,2,156,199,36,4
0,_PM,_PIMA 9,_PM0009,827,1099,68,29,52,946,981,103,6
0,_PM,_PIMA 10,_PM0010,825,749,36,5,23,804,696,79,19
0,_PM,_PIMA 11,_PM0011,1579,573,98,21,46,1435,629,151,29
0,_PM,_PIMA 12,_PM0012,1833,1688,115,28,57,1965,1538,100,26
0,_PM,_PIMA 13,_PM0013,1004,1038,96,36,44,1094,959,108,14
0,_PM,_PIMA 14,_PM0014,1315,1155,130,19,67,1450,1046,109,19
0,_PM,_PIMA 15,_PM0015,571,444,45,13,28,584,409,72,5
0,_PM,_PIMA 16,_PM0016,786,1757,94,33,30,948,1599,84,14
0,_PM,_PIMA 17,_PM0017,232,1002,42,37,13,333,889,69,2
0,_PM,_PIMA 18,_PM0018,199,1283,41,42,18,341,1143,69,2
0,_PM,_PIMA 19,_PM0019,181,136,25,7,5,189,129,29,2
0,_PM,_PIMA 20,_PM0020,293,1401,48,43,19,476,1183,83,6
0,_PM,_PIMA 21,_PM0021,1013,1199,72,31,27,1007,1154,117,16
0,_PM,_PIMA 22,_PM0022,596,1591,66,30,28,758,1366,138,10
0,_PM,_PIMA 23,_PM0023,553,1553,61,33,32,726,1356,110,13
0,_PM,_PIMA 24,_PM0024,843,624,54,17,44,803,599,131,7
0,_PM,_PIMA 25,_PM0025,178,1348,32,25,8,352,1149,58,2
0,_PM,_PIMA 26,_PM0026,236,1382,26,29,19,413,1189,54,3
0,_PM,_Pima 27,_PM0027,0,0,0,0,0,0,0,0,0
0,_PM,_PIMA 28,_PM0028,148,802,18,18,8,232,696,47,2
0,_PM,_PIMA 29,_PM0029,1299,1220,108,30,43,1438,1096,91,12
0,_PM,_PIMA 30,_PM0030,943,1387,96,41,53,1126,1245,82,10
0,_PM,_PIMA 31,_PM0031,638,604,48,14,21,645,555,91,10
0,_PM,_PIMA 32,_PM0032,1393,1618,133,61,42,1417,1503,224,17
0,_PM,_PIMA 33,_PM0033,491,1051,52,14,24,631,889,55,9
0,_PM,_PIMA 34,_PM0034,370,506,43,17,8,380,453,74,6
0,_PM,_PIMA 35,_PM0035,240,241,19,5,2,253,228,15,4
0,_PM,_PIMA 36,_PM0036,796,1432,96,51,47,933,1260,151,19
0,_PM,_PIMA 37,_PM0037,128,603,23,25,9,188,520,51,2
0,_PM,_PIMA 38,_PM0038,464,884,67,42,35,526,846,91,9
0,_PM,_PIMA 39,_PM0039,1469,1095,90,21,43,1517,994,126,21
0,_PM,_PIMA 40,_PM0040,1107,832,102,25,58,1164,773,128,17
0,_PM,_PIMA 41,_PM0041,1075,2007,127,53,48,1282,1761,166,22
0,_PM,_PIMA 42,_PM0042,385,1775,105,79,30,542,1628,119,15
0,_PM,_PIMA 43,_PM0043,143,619,29,27,10,211,519,54,7
0,_PM,_PIMA 44,_PM0044,204,1092,50,63,13,291,997,85,3
0,_PM,_PIMA 45,_PM0045,116,1049,26,40,20,165,1012,47,4
0,_PM,_PIMA 46,_PM0046,461,311,29,7,18,465,283,41,10
0,_PM,_PIMA 47,_PM0047,221,1409,33,32,22,423,1142,80,5
0,_PM,_PIMA 48,_PM0048,375,954,44,23,19,498,788,84,6
0,_PM,_PIMA 49,_PM0049,612,429,61,16,21,652,407,56,7
0,_PM,_PIMA 50,_PM0050,197,1140,29,15,9,313,981,46,8
0,_PM,_PIMA 51,_PM0051,146,863,28,7,11,284,700,36,2
0,_PM,_PIMA 52,_PM0052,179,1006,26,18,22,321,860,41,4
0,_PM,_PIMA 53,_PM0053,529,2196,77,44,49,853,1814,127,6
0,_PM,_PIMA 54,_PM0054,974,1958,131,48,43,1159,1719,168,25
0,_PM,_PIMA 55,_PM0055,326,600,42,24,24,401,534,36,9
0,_PM,_PIMA 56,_PM0056,627,1319,59,26,27,818,1142,56,6
0,_PM,_PIMA 57,_PM0057,592,1661,90,65,51,753,1514,122,10
0,_PM,_PIMA 58,_PM0058,416,1403,92,60,38,508,1294,137,9
0,_PM,_PIMA 59,_PM0059,263,913,27,10,19,390,754,48,7
0,_PM,_PIMA 60,_PM0060,530,473,44,17,15,481,433,108,28
0,_PM,_PIMA 61,_PM0061,641,958,55,9,34,785,834,31,3
0,_PM,_PIMA 62,_PM0062,193,896,47,43,28,304,788,72,2
0,_PM,_PIMA 63,_PM0063,203,888,42,14,11,268,829,37,1
0,_PM,_PIMA 64,_PM0064,139,1064,50,28,21,288,922,57,4
0,_PM,_PIMA 65,_PM0065,11,9,0,0,0,11,9,0,0
0,_PM,_PIMA 66,_PM0066,222,1218,50,29,14,372,1057,63,5
0,_PM,_PIMA 67,_PM0067,450,1117,78,50,33,537,1023,112,5
0,_PM,_PIMA 68,_PM0068,416,1320,74,43,36,569,1200,88,5
0,_PM,_PIMA 69,_PM0069,1372,1785,132,51,52,1514,1627,164,23
0,_PM,_PIMA 70,_PM0070,925,630,70,34,24,824,691,122,12
0,_PM,_PIMA 71,_PM0071,9,114,4,1,1,22,100,4,0
0,_PM,_PIMA 72,_PM0072,610,1637,100,69,58,742,1496,177,11
0,_PM,_PIMA 73,_PM0073,353,1691,71,50,30,513,1563,79,6
0,_PM,_PIMA 74,_PM0074,804,787,41,15,9,830,726,64,7
0,_PM,_PIMA 75,_PM0075,445,1513,69,81,23,576,1368,138,3
0,_PM,_PIMA 76,_PM0076,15,222,2,6,6,51,185,12,2
0,_PM,_PIMA 77,_PM0077,1076,865,87,17,49,1221,757,67,13
0,_PM,_PIMA 78,_PM0078,207,1141,27,15,25,311,1028,45,3
0,_PM,_PIMA 79,_PM0079,1292,943,129,23,57,1390,846,117,18
0,_PM,_PIMA 80,_PM0080,320,1195,47,45,25,424,1103,67,5
0,_PM,_PIMA 81,_PM0081,460,350,34,11,14,429,352,51,3
0,_PM,_PIMA 82,_PM0082,306,1255,53,39,19,401,1162,82,6
0,_PM,_PIMA 83,_PM0083,795,435,49,12,35,759,433,77,16
0,_PM,_PIMA 84,_PM0084,1961,1332,118,29,85,2030,1258,129,17
0,_PM,_PIMA 85,_PM0085,403,670,56,19,20,492,586,67,4
0,_PM,_PIMA 86,_PM0086,585,1852,73,61,41,794,1642,115,12
0,_PM,_PIMA 87,_PM0087,116,318,14,9,11,148,290,8,4
0,_PM,_PIMA 88,_PM0088,928,1238,65,18,38,1102,1073,60,11
0,_PM,_PIMA 89,_PM0089,628,1438,87,44,51,806,1272,100,9
0,_PM,_PIMA 90,_PM0090,656,434,75,12,41,743,400,44,11
0,_PM,_PIMA 91,_PM0091,560,1298,81,78,49,637,1207,134,16
0,_PM,_PIMA 92,_PM0092,943,1444,117,25,37,1116,1308,85,12
0,_PM,_PIMA 93,_PM0093,368,1103,45,29,35,467,1000,81,11
0,_PM,_PIMA 94,_PM0094,403,1268,59,33,35,519,1159,76,6
0,_PM,_PIMA 95,_PM0095,569,400,60,19,27,632,351,58,6
0,_PM,_PIMA 96,_PM0096,481,1277,74,42,31,614,1158,88,9
0,_PM,_PIMA 97,_PM0097,329,984,52,28,18,449,875,61,8
0,_PM,_PIMA 98,_PM0098,508,1285,88,54,37,620,1173,125,3
0,_PM,_PIMA 99,_PM0099,473,1243,59,14,25,620,1112,55,6
0,_PM,_PIMA 100,_PM0100,603,1112,88,46,43,673,1056,110,11
0,_PM,_PIMA 101,_PM0101,637,618,41,22,21,596,628,88,12
0,_PM,_PIMA 102,_PM0102,467,1074,67,32,25,572,951,90,7
0,_PM,_PIMA 103,_PM0103,273,644,12,16,14,337,581,30,4
0,_PM,_PIMA 104,_PM0104,1468,1252,117,29,76,1600,1150,105,11
0,_PM,_PIMA 105,_PM0105,419,642,55,26,16,489,564,65,10
0,_PM,_PIMA 106,_PM0106,570,594,45,7,26,721,476,24,6
0,_PM,_PIMA 107,_PM0107,782,1358,79,55,41,849,1282,105,9
0,_PM,_PIMA 108,_PM0108,940,1842,100,60,62,1085,1685,157,11
0,_PM,_PIMA 109,_PM0109,1861,1237,159,28,75,1988,1099,150,27
0,_PM,_PIMA 110,_PM0110,69,829,15,24,16,192,674,44,6
0,_PM,_PIMA 111,_PM0111,587,956,58,33,21,679,867,80,10
0,_PM,_PIMA 112,_PM0112,1011,1256,79,17,35,1212,1050,66,15
0,_PM,_PIMA 113,_PM0113,719,1074,100,32,43,782,969,137,6
0,_PM,_PIMA 114,_PM0114,195,151,42,10,11,236,137,21,2
0,_PM,_PIMA 115,_PM0115,1490,1226,103,24,73,1574,1145,111,15
0,_PM,_PIMA 116,_PM0116,1264,1438,99,54,66,1385,1267,149,23
0,_PM,_PIMA 117,_PM0117,674,1043,76,31,38,780,915,111,8
0,_PM,_PIMA 118,_PM0118,873,1309,82,31,50,1047,1170,77,15
0,_PM,_PIMA 119,_PM0119,587,835,89,34,32,672,765,95,4
0,_PM,_PIMA 120,_PM0120,851,1123,81,45,53,957,1025,116,8
0,_PM,_PIMA 121,_PM0121,651,712,53,22,25,724,639,61,9
0,_PM,_PIMA 122,_PM0122,660,764,68,22,25,710,689,89,18
0,_PM,_PIMA 123,_PM0123,1200,1487,160,48,47,1324,1365,172,16
0,_PM,_PIMA 124,_PM0124,518,524,46,15,29,592,453,54,12
0,_PM,_PIMA 125,_PM0125,694,783,47,11,36,841,666,37,3
0,_PM,_PIMA 126,_PM0126,619,524,42,20,39,725,446,37,4
0,_PM,_PIMA 127,_PM0127,2797,1804,158,23,96,2887,1666,189,36
0,_PM,_PIMA 128,_PM0128,753,850,74,31,40,866,772,69,7
0,_PM,_PIMA 129,_PM0129,644,792,55,27,28,687,727,93,15
0,_PM,_PIMA 130,_PM0130,1191,1126,93,26,34,1242,1036,119,15
0,_PM,_PIMA 131,_PM0131,812,734,46,14,38,936,627,60,10
0,_PM,_PIMA 132,_PM0132,1024,1082,96,27,37,1113,969,120,16
0,_PM,_PIMA 133,_PM0133,1098,1124,120,45,57,1169,1045,161,12
0,_PM,_PIMA 134,_PM0134,757,694,80,18,47,821,648,74,9
0,_PM,_PIMA 135,_PM0135,13,152,3,1,0,24,138,3,1
0,_PM,_PIMA 136,_PM0136,8,87,2,2,0,20,82,0,0
0,_PM,_PIMA 137,_PM0137,3,94,2,4,2,8,86,5,0
0,_PM,_PIMA 138,_PM0138,11,318,3,6,1,51,279,8,0
0,_PM,_PIMA 139,_PM0139,121,222,13,2,3,137,188,22,1
0,_PM,_PIMA 140,_PM0140,264,217,18,4,12,275,199,22,6
0,_PM,_PIMA 141,_PM0141,1651,1552,101,19,44,1645,1491,131,13
0,_PM,_PIMA 142,_PM0142,1169,993,121,33,54,1246,934,115,20
0,_PM,_PIMA 143,_PM0143,44,579,12,30,14,63,545,50,5
0,_PM,_PIMA 144,_PM0144,466,1200,62,34,24,558,1098,82,8
0,_PM,_PIMA 145,_PM0145,2071,1903,104,23,60,2280,1698,90,20
0,_PM,_PIMA 146,_PM0146,777,922,79,25,40,892,811,89,11
0,_PM,_PIMA 147,_PM0147,857,705,82,25,47,929,639,80,18
0,_PM,_PIMA 148,_PM0148,765,850,64,24,24,878,746,64,11
0,_PM,_PIMA 149,_PM0149,666,896,57,15,33,735,825,73,9
0,_PM,_PIMA 150,_PM0150,192,184,19,9,11,192,184,22,1
0,_PM,_PIMA 151,_PM0151,247,436,21,4,13,289,393,21,3
0,_PM,_PIMA 152,_PM0152,110,474,15,10,4,163,407,27,4
0,_PM,_PIMA 153,_PM0153,717,1586,84,46,45,917,1407,95,17
0,_PM,_PIMA 154,_PM0154,229,690,46,36,23,331,593,68,6
0,_PM,_PIMA 155,_PM0155,204,623,20,12,10,291,508,42,4
0,_PM,_PIMA 156,_PM0156,613,654,60,28,25,645,620,72,14
0,_PM,_PIMA 157,_PM0157,347,1292,44,24,25,510,1081,63,7
0,_PM,_PIMA 158,_PM0158,560,925,45,11,32,655,828,44,3
0,_PM,_PIMA 159,_PM0159,364,1805,51,44,37,612,1511,102,6
0,_PM,_PIMA 160,_PM0160,98,831,28,8,10,206,706,34,2
0,_PM,_PIMA 161,_PM0161,399,265,25,3,16,417,233,24,9
0,_PM,_PIMA 162,_PM0162,486,760,50,14,30,580,693,37,7
0,_PM,_PIMA 163,_PM0163,698,946,60,14,28,899,768,46,7
0,_PM,_PIMA 164,_PM0164,357,1287,65,39,31,481,1171,84,4
0,_PM,_PIMA 165,_PM0165,174,67,11,5,1,164,55,27,2
0,_PM,_PIMA 166,_PM0166,349,1482,106,74,42,495,1353,130,13
0,_PM,_PIMA 167,_PM0167,229,928,46,32,18,283,877,54,9
0,_PM,_PIMA 168,_PM0168,348,250,9,8,5,338,232,25,2
0,_PM,_PIMA 169,_PM0169,1504,1246,86,29,67,1662,1117,81,18
0,_PM,_PIMA 170,_PM0170,599,1103,51,20,35,792,924,46,8
0,_PM,_PIMA 171,_PM0171,991,1148,68,18,31,1168,995,58,4
0,_PM,_PIMA 172,_PM0172,1297,962,81,19,56,1435,831,75,19
0,_PM,_PIMA 173,_PM0173,1133,978,96,19,42,1268,876,79,16
0,_PM,_PIMA 174,_PM0174,935,1349,122,32,39,1086,1198,125,12
0,_PM,_PIMA 175,_PM0175,100,21,4,1,0,78,25,14,2
0,_PM,_PIMA 176,_PM0176,761,521,93,13,41,840,461,79,8
0,_PM,_PIMA 177,_PM0177,1158,1235,131,51,43,1207,1156,167,23
0,_PM,_PIMA 178,_PM0178,1025,911,84,31,35,1124,820,96,15
0,_PM,_PIMA 179,_PM0179,1549,1242,91,22,71,1670,1110,112,20
0,_PM,_PIMA 180,_PM0180,1137,1125,123,32,51,1260,1004,125,22
0,_PM,_PIMA 181,_PM0181,1357,1186,88,28,48,1440,1074,103,10
0,_PM,_PIMA 182,_PM0182,1316,1230,110,51,55,1438,1110,145,15
0,_PM,_PIMA 183,_PM0183,908,826,76,19,32,957,737,99,15
0,_PM,_PIMA 184,_PM0184,1342,805,101,12,48,1446,716,81,15
0,_PM,_PIMA 185,_PM0185,694,560,62,18,35,724,529,66,12
0,_PM,_PIMA 186,_PM0186,109,131,6,3,1,115,115,12,1
0,_PM,_PIMA 187,_PM0187,1327,1213,93,37,33,1413,1119,97,19
0,_PM,_PIMA 188,_PM0188,1220,786,64,25,38,1084,813,137,22
0,_PM,_PIMA 189,_PM0189,349,744,43,12,22,444,649,50,7
0,_PM,_PIMA 190,_PM0190,242,772,28,12,15,339,650,34,7
0,_PM,_PIMA 191,_PM0191,422,396,38,9,9,458,344,41,4
0,_PM,_PIMA 192,_PM0192,1073,1097,89,29,40,1140,1007,120,14
0,_PM,_PIMA 193,_PM0193,607,602,24,6,18,639,555,27,2
0,_PM,_PIMA 194,_PM0194,1400,1089,94,18,62,1568,948,92,13
0,_PM,_PIMA 195,_PM0195,814,588,36,12,22,809,545,68,5
0,_PM,_PIMA 196,_PM0196,0,6,0,0,0,2,4,0,0
0,_PM,_PIMA 197,_PM0197,854,751,73,22,26,888,694,85,12
0,_PM,_PIMA 198,_PM0198,985,510,79,20,56,1027,474,80,24
0,_PM,_PIMA 199,_PM0199,1174,820,83,18,39,1207,770,78,15
0,_PM,_PIMA 200,_PM0200,601,341,49,13,30,651,332,34,4
0,_PM,_PIMA 201,_PM0201,969,977,84,27,50,1090,851,96,9
0,_PM,_PIMA 202,_PM0202,1280,1054,114,31,65,1391,978,105,19
0,_PM,_PIMA 203,_PM0203,367,585,26,7,11,412,511,46,3
0,_PM,_PIMA 204,_PM0204,313,57,9,1,6,278,69,28,2
0,_PM,_PIMA 205,_PM0205,1242,938,60,14,33,1243,924,75,9
0,_PM,_PIMA 206,_PM0206,194,146,10,6,4,179,131,21,11
0,_PM,_PIMA 207,_PM0207,1064,1115,47,13,24,1136,1013,74,8
0,_PM,_PIMA 208,_PM0208,534,423,38,22,20,499,402,94,15
0,_PM,_PIMA 209,_PM0209,1141,945,60,19,41,1152,928,101,10
0,_PM,_PIMA 210,_PM0210,593,1225,61,6,30,779,1060,33,8
0,_PM,_PIMA 211,_PM0211,761,951,62,11,16,916,814,34,3
0,_PM,_PIMA 212,_PM0212,661,522,47,12,27,745,463,37,6
0,_PM,_PIMA 213,_PM0213,83,108,11,4,7,102,95,9,0
0,_PM,_PIMA 214,_PM0214,879,1209,62,25,39,1102,1025,59,9
0,_PM,_PIMA 215,_PM0215,583,386,42,15,15,527,370,97,9
0,_PM,_PIMA 216,_PM0216,948,788,65,17,22,993,734,55,5
0,_PM,_PIMA 217,_PM0217,1340,1091,121,23,35,1443,982,117,18
0,_PM,_PIMA 218,_PM0218,1408,1530,159,35,84,1618,1358,141,24
0,_PM,_PIMA 219,_PM0219,945,850,102,32,41,992,806,119,11
0,_PM,_PIMA 220,_PM0220,1291,1046,91,25,46,1357,978,100,8
0,_PM,_PIMA 221,_PM0221,1099,446,58,25,27,959,501,114,29
0,_PM,_PIMA 222,_PM0222,801,438,54,25,29,709,443,144,14
0,_PM,_PIMA 223,_PM0223,451,387,38,5,25,502,338,49,5
0,_PM,_PIMA 224,_PM0224,1362,1089,158,48,84,1580,947,143,14
0,_PM,_PIMA 225,_PM0225,1433,1507,134,58,82,1581,1339,194,20
0,_PM,_PIMA 226,_PM0226,387,370,31,5,22,421,333,30,14
0,_PM,_PIMA 227,_PM0227,1825,1532,201,66,121,2069,1386,170,30
0,_PM,_PIMA 228,_PM0228,440,540,36,8,12,453,522,33,9
0,_PM,_PIMA 229,_PM0229,2841,1429,235,47,109,2730,1440,300,62
0,_PM,_PIMA 230,_PM0230,284,443,29,10,8,313,410,34,0
0,_PM,_PIMA 231,_PM0231,1327,1345,133,24,80,1532,1162,122,14
0,_PM,_PIMA 232,_PM0232,391,542,38,14,29,468,467,47,7
0,_PM,_PIMA 233,_PM0233,891,1471,77,43,35,1031,1288,133,25
0,_PM,_PIMA 234,_PM0234,526,835,44,35,12,600,737,81,10
0,_PM,_PIMA 235,_PM0235,360,1100,53,23,29,461,965,77,3
0,_PM,_PIMA 236,_PM0236,88,445,6,15,11,129,392,26,7
0,_PM,_PIMA 237,_PM0237,453,856,41,9,12,584,729,28,2
0,_PM,_PIMA 238,_PM0238,786,1284,82,21,38,1018,1085,48,6
0,_PM,_PIMA 239,_PM0239,1093,1730,86,37,47,1344,1516,70,17
0,_PM,_PIMA 240,_PM0240,57,35,3,0,5,60,29,4,0
0,_PM,_PIMA 241,_PM0241,691,844,55,10,28,807,737,45,16
0,_PM,_PIMA 242,_PM0242,883,719,83,14,57,960,674,75,11
0,_PM,_PIMA 243,_PM0243,901,625,40,15,29,980,538,44,12
0,_PM,_PIMA 244,_PM0244,52,379,4,12,6,90,337,22,2
0,_PM,_PIMA 245,_PM0245,165,927,22,31,14,241,833,57,8
0,_PM,_PIMA 246,_PM0246,118,1144,41,37,16,197,1068,61,3
0,_PM,_PIMA 247,_PM0247,38,212,7,9,4,59,198,10,1
0,_PM,_PIMA 248,_PM0248,71,417,13,6,9,142,353,10,0
0,_PN,_KEARNY,_PN0001,527,397,48,9,9,530,384,64,4
0,_PN,_DUDLEYVILLE,_PN0004,159,246,9,5,4,161,236,21,3
0,_PN,_SAN MANUEL,_PN0005,626,560,39,11,22,611,564,69,9
0,_PN,_MAMMOTH,_PN0006,159,409,11,3,9,164,396,31,1
0,_PN,_ORACLE,_PN0007,793,657,38,12,20,780,643,68,4
0,_PN,_SADDLEBROOKE WEST,_PN0008,1342,951,43,20,48,1412,923,60,12
0,_PN,_ARIZONA CITY,_PN0009,832,467,45,11,18,732,463,137,19
0,_PN,_TOLTEC SOUTH,_PN0010,951,410,48,14,13,885,417,109,7
0,_PN,_PICACHO,_PN0011,122,63,8,2,2,117,60,11,1
0,_PN,_ELOY,_PN0012,101,407,15,7,6,160,350,23,0
0,_PN,_TOLTEC,_PN0013,831,588,49,20,10,871,522,78,7
0,_PN,_ELOY SOUTH,_PN0014,99,442,17,6,8,162,382,22,1
0,_PN,_SADDLEBROOKE EAST,_PN0015,1312,831,54,10,32,1370,807,54,2
0,_PN,_RED ROCK,_PN0016,855,305,54,15,22,801,325,78,7
0,_PN,_COOLIDGE NE,_PN0017,303,311,31,13,6,332,294,46,0
0,_PN,_COOLIDGE NW,_PN0018,912,692,85,17,42,965,628,112,17
0,_PN,_COOLIDGE SOUTH,_PN0019,403,401,37,15,21,463,346,53,3
0,_PN,_RANDOLPH,_PN0020,292,170,24,4,7,276,170,48,1
0,_PN,_CENTRAL ARIZONA COLLEGE,_PN0021,438,199,22,6,11,414,195,49,10
0,_PN,_ELEVEN MILE CORNER,_PN0022,365,131,22,4,8,331,137,45,9
0,_PN,_FLORENCE NORTH,_PN0023,632,380,36,9,11,597,384,60,10
0,_PN,_FLORENCE SOUTH,_PN0024,543,351,40,9,11,519,359,75,3
0,_PN,_CACTUS FOREST,_PN0025,671,200,29,15,12,580,221,90,10
0,_PN,_JOHNSON RANCH,_PN0026,1272,717,52,24,33,1243,681,123,19
0,_PN,_Poston Butte,_PN0027,2373,1233,122,48,55,2298,1190,214,33
0,_PN,_QUEEN CREEK,_PN0028,1494,791,120,14,56,1604,706,110,12
0,_PN,_SACATON,_PN0029,46,366,6,10,16,132,302,18,1
0,_PN,_MARICOPA,_PN0030,807,699,77,20,38,852,675,83,10
0,_PN,_STANFIELD,_PN0031,155,117,6,3,1,161,94,23,4
0,_PN,_CASA GRANDE NORTH,_PN0032,550,512,43,30,27,571,488,80,7
0,_PN,_CASA GRANDE N CENTRAL,_PN0033,588,464,57,17,20,646,428,69,5
0,_PN,_CASA GRANDE S CENTRAL,_PN0034,613,553,58,17,25,637,542,71,6
0,_PN,_CASA GRANDE NE,_PN0035,690,527,40,16,20,712,487,74,15
0,_PN,_CASA GRANDE SE,_PN0036,341,574,33,11,9,398,515,40,3
0,_PN,_CASA GRANDE NW,_PN0037,1074,760,83,16,21,1037,761,136,10
0,_PN,_CASA GRANDE SW,_PN0038,408,349,27,8,12,432,300,59,11
0,_PN,_CASA GRANDE RANCHO GRANDE,_PN0039,982,573,75,13,28,977,533,126,12
0,_PN,_APACHE JCT SUPERSTITION,_PN0040,967,627,65,11,22,951,590,120,5
0,_PN,_CASA GRANDE INTERCHANGE,_PN0041,934,574,42,8,16,946,535,78,11
0,_PN,_APACHE JCT NW,_PN0042,593,322,41,16,9,545,314,95,3
0,_PN,_APACHE JCT SW,_PN0043,1012,530,63,21,18,925,536,151,15
0,_PN,_APACHE JCT SE,_PN0044,1102,522,76,32,35,1054,511,151,16
0,_PN,_APACHE JCT NE,_PN0045,1063,371,61,17,21,948,392,140,13
0,_PN,_APACHE JCT EAST,_PN0046,897,406,55,8,11,840,393,100,7
0,_PN,_APACHE JCT CENTRAL,_PN0047,750,439,67,21,16,724,434,94,10
0,_PN,_GOLD CANYON,_PN0048,982,534,48,16,19,950,498,99,10
0,_PN,_QUEEN VALLEY,_PN0049,269,100,8,2,1,232,110,32,2
0,_PN,_SUPERIOR,_PN0050,297,666,33,13,10,357,609,61,2
0,_PN,_SUPERIOR WEST,_PN0051,21,5,1,0,0,13,6,4,4
0,_PN,_SUTTON SUMMIT,_PN0052,72,20,3,0,0,63,22,11,1
0,_PN,_CHUI CHU,_PN0053,5,111,1,0,2,11,106,4,0
0,_PN,_THUNDERBIRD FARMS,_PN0054,699,293,42,9,21,633,288,115,10
0,_PN,_CASA GRANDE WEST,_PN0055,794,579,73,19,17,762,563,132,7
0,_PN,_APACHE JUNCTION NORTH,_PN0056,852,379,42,18,17,755,409,108,16
0,_PN,_APACHE JUNCTION N. CENTRAL,_PN0057,1201,560,50,17,12,1128,560,100,14
0,_PN,_APACHE JUNCTION E. CENTRAL,_PN0058,745,329,47,7,25,663,369,102,8
0,_PN,_APACHE JUNCTION SOUTH,_PN0059,1083,546,76,30,32,1041,529,167,13
0,_PN,_BLACKWATER,_PN0060,34,286,9,6,9,90,244,24,0
0,_PN,_SAN TAN,_PN0061,42,295,7,5,18,110,248,11,0
0,_PN,_CASA BLANCA,_PN0062,39,300,17,8,11,121,241,18,0
0,_PN,_APACHE TRAIL,_PN0063,573,275,41,11,18,510,284,86,12
0,_PN,_SUPERSTITION MOUNTAIN,_PN0064,1229,636,53,12,24,1209,607,91,15
0,_PN,_MOUNTAINBROOK VILLAGE,_PN0066,825,463,21,4,11,837,409,54,7
0,_PN,_HIDDEN VALLEY,_PN0067,477,273,29,8,10,429,270,87,6
0,_PN,_SAN TAN PARK,_PN0068,970,608,64,22,36,977,546,114,12
0,_PN,_BELLA VISTA,_PN0069,637,368,55,12,31,665,353,51,6
0,_PN,_COPPER BASIN,_PN0070,832,451,74,30,42,837,416,110,27
0,_PN,_SCHNEPF,_PN0071,1029,378,88,21,50,1052,351,110,22
0,_PN,_PERALTA,_PN0072,469,246,28,11,14,438,264,43,11
0,_PN,_SANTA ROSA,_PN0073,542,448,44,12,28,584,419,58,4
0,_PN,_EL DORADO,_PN0074,747,680,79,37,25,795,633,94,13
0,_PN,_WALKER BUTTE,_PN0075,1061,639,72,21,29,1091,567,115,14
0,_PN,_PECAN CREEK NORTH,_PN0076,1124,512,103,22,59,1126,478,147,19
0,_PN,_AK CHIN COMMUNITY,_PN0077,25,187,6,5,5,56,154,11,0
0,_PN,_MARICOPA MEADOWS,_PN0078,855,707,83,33,29,892,655,118,19
0,_PN,_MARICOPA FIESTA,_PN0079,990,721,77,14,53,1006,695,123,15
0,_PN,_PROVINCE,_PN0080,1586,1259,97,25,49,1597,1175,156,13
0,_PN,_IRONWOOD COMMON,_PN0081,914,698,69,17,24,945,635,104,4
0,_PN,_CRUZ PARK,_PN0082,154,291,26,9,9,199,251,32,2
0,_PN,_COYOTE RANCH,_PN0083,1109,735,84,22,30,1143,712,101,8
0,_PN,_GOLD CANYON NORTH,_PN0084,537,273,29,10,10,509,257,71,5
0,_PN,_SAN TAN HEIGHTS,_PN0085,1005,559,81,26,48,1041,518,105,19
0,_PN,_CIRCLE CROSS RANCH,_PN0086,1194,743,101,32,57,1254,689,152,9
0,_PN,_JOHNSON RANCH EAST,_PN0087,773,508,72,18,39,788,464,112,10
0,_PN,_IRONWOOD CROSSING,_PN0088,2376,967,150,28,115,2389,900,235,28
0,_PN,_QUAIL HOLLOW,_PN0089,1331,549,98,15,48,1277,523,165,18
0,_PN,_SENITA,_PN0090,641,627,55,14,23,668,569,84,6
0,_PN,_SILVERBELL,_PN0091,658,277,31,14,12,597,263,112,9
0,_PN,_EAGLE CREST,_PN0092,1564,1156,71,13,46,1614,1081,97,27
0,_PN,_ORACLE SOUTH,_PN0093,448,476,35,14,15,432,470,68,4
0,_PN,_SKYLINE RANCH,_PN0094,967,531,80,15,61,988,506,101,11
0,_PN,_QUEEN CREEK SOUTH,_PN0095,733,369,56,21,25,758,334,77,8
0,_PN,_SAN TAN RANCHES,_PN0096,694,285,38,6,17,633,265,88,8
0,_PN,_COPPER BASIN SOUTHEAST,_PN0097,727,428,59,14,24,687,435,85,15
0,_PN,_LINKS ESTATES,_PN0098,730,377,63,24,37,747,353,89,16
0,_PN,_MISSION VALLEY,_PN0099,819,526,55,18,18,787,534,86,9
0,_PN,_DESERT CEDARS,_PN0100,621,571,44,26,22,638,537,84,7
0,_PN,_ALTERRA NORTH,_PN0101,675,708,74,26,56,745,661,95,10
0,_PN,_MARICOPA WELLS,_PN0102,954,700,89,25,41,942,674,129,18
0,_PN,_SAN CARLOS COMMUNITY,_PN0103,0,0,0,0,0,0,0,0,0
0,_PN,_PICACHO SOUTH,_PN0104,82,53,3,1,4,88,45,10,0
0,_PN,_TOLTEC SOUTHWEST,_PN0105,28,37,3,0,0,22,35,9,0
0,_SC,_Nogales 1,_SC0001,31,276,10,2,2,84,224,8,0
0,_SC,_Nogales 2,_SC0002,91,665,24,13,12,200,554,27,0
0,_SC,_Nogales 3,_SC0003,69,397,11,2,3,124,326,15,1
0,_SC,_Nogales 4,_SC0004,39,210,1,5,1,69,172,10,0
0,_SC,_Coronado 5,_SC0005,113,550,16,6,8,245,412,18,1
0,_SC,_Elgin 6,_SC0006,296,177,16,1,7,284,169,28,5
0,_SC,_Rio Rico 7,_SC0007,691,1292,62,47,35,859,1099,120,4
0,_SC,_Nogales 8,_SC0008,93,1051,20,14,16,305,832,28,2
0,_SC,_Nogales 9,_SC0009,56,158,7,0,1,85,128,3,0
0,_SC,_Nogales 10,_SC0010,83,475,15,8,6,166,393,16,0
0,_SC,_Tubac 11,_SC0011,502,716,30,14,13,560,644,35,8
0,_SC,_Nogales 12,_SC0012,36,287,7,6,1,88,226,9,0
0,_SC,_Santa Cruz 13,_SC0013,88,169,13,4,3,110,157,9,0
0,_SC,_Patagonia 14,_SC0014,215,398,23,14,5,224,389,32,1
0,_SC,_Sonoita 15,_SC0015,425,245,20,8,9,377,254,32,21
0,_SC,_Nogales 16,_SC0016,36,213,4,3,4,72,168,8,2
0,_SC,_Calabasas 17,_SC0017,318,1313,50,28,21,551,1089,54,4
0,_SC,_Nogales 18,_SC0018,93,328,8,8,1,143,274,16,0
0,_SC,_Baca 19,_SC0019,233,1084,37,17,18,446,870,40,5
0,_SC,_Nogales 20,_SC0020,79,521,15,7,6,160,429,17,1
0,_SC,_Peck Canyon 21,_SC0021,211,816,31,12,18,334,671,42,5
0,_SC,_Potrero 22,_SC0022,27,268,3,2,0,78,194,8,0
0,_SC,_Mountain 23,_SC0023,26,18,2,0,0,22,16,3,2
0,_SC,_Lake Patagonia,_SC0024,46,63,7,0,3,49,55,11,0
0,_YA,_EAGLE,_YA0201,4006,2321,270,76,123,4159,2131,347,52
0,_YA,_COURT,_YA0202,2735,2037,216,95,97,2765,1894,294,52
0,_YA,_FAIR,_YA0203,1992,1397,130,61,76,1985,1330,223,27
0,_YA,_GOLF,_YA0204,3022,2268,223,83,102,3136,2073,297,45
0,_YA,_MINE,_YA0205,518,115,39,6,8,497,102,58,15
0,_YA,_HILL,_YA0206,69,3,1,0,2,54,2,7,0
0,_YA,_MESQUITE,_YA0207,796,231,19,7,13,685,250,90,14
0,_YA,_YARN,_YA0208,441,176,11,10,5,362,200,55,6
0,_YA,_WICK,_YA0209,237,53,5,2,7,202,59,22,10
0,_YA,_WALNUT,_YA0210,30,15,2,0,1,27,16,3,0
0,_YA,_SPRINGS,_YA0211,23,3,0,1,0,19,6,3,1
0,_YA,_Pleasant,_YA0212,0,0,0,0,0,0,0,0,0
0,_YA,_SKULL,_YA0213,231,70,8,0,4,204,72,24,0
0,_YA,_KIRK,_YA0214,344,113,19,3,6,293,116,56,7
0,_YA,_BUCK,_YA0215,2437,957,105,34,49,2295,950,196,24
0,_YA,_CREEK,_YA0216,1049,757,81,44,30,1057,753,120,16
0,_YA,_WIND,_YA0217,57,33,4,3,3,62,30,6,0
0,_YA,_WELL,_YA0218,1290,678,74,40,22,1186,670,167,33
0,_YA,_FORT,_YA0219,3202,1181,163,46,74,2922,1219,377,44
0,_YA,_RIM,_YA0220,14,9,0,1,0,14,9,0,1
0,_YA,_SALT,_YA0221,226,65,4,6,6,191,75,27,0
0,_YA,_BUG,_YA0222,1823,521,77,44,42,1588,582,240,36
0,_YA,_SUNSET,_YA0223,1010,261,40,20,12,796,294,176,31
0,_YA,_TOWERS,_YA0224,64,8,7,2,0,52,12,12,0
0,_YA,_IRON,_YA0225,3420,1069,130,46,41,3032,1085,378,65
0,_YA,_SPIRIT,_YA0226,27,22,2,2,1,29,23,2,0
0,_YA,_RUBY,_YA0227,1681,2801,120,143,88,1823,2645,247,44
0,_YA,_SCARLET,_YA0228,1762,2205,101,73,67,1897,2038,162,21
0,_YA,_ONYX,_YA0229,3263,2209,227,85,107,3244,2088,416,53
0,_YA,_AZURE,_YA0230,2884,1914,212,139,105,2889,1839,387,44
0,_YA,_QUAIL,_YA0231,200,86,12,5,2,197,83,15,2
0,_YA,_GHOST,_YA0232,888,909,84,52,39,893,887,152,9
0,_YA,_BRIDGE,_YA0233,30,24,0,0,1,26,21,5,0
0,_YA,_WATSON,_YA0234,4514,2132,273,61,157,4504,2011,365,53
0,_YA,_RANCH,_YA0235,2636,806,99,25,55,2503,793,167,45
0,_YA,_CAMP,_YA0236,319,113,9,1,5,292,112,19,2
0,_YA,_BASIN,_YA0237,3676,862,154,45,63,3158,914,427,88
0,_YA,_GRAZE,_YA0238,4191,1015,172,64,81,3775,1040,447,55
0,_YA,_COYOTE,_YA0239,1461,283,44,17,26,1306,304,134,21
0,_YA,_CARS,_YA0240,466,106,15,8,4,360,138,64,5
0,_YA,_STONE,_YA0241,340,101,14,11,4,269,112,59,7
0,_YA,_WATER,_YA0242,2728,1250,128,34,50,2597,1211,212,45
0,_YA,_BURRO,_YA0243,4056,1540,236,51,110,3851,1475,414,75
0,_YA,_BISON,_YA0244,4500,1824,272,74,166,4312,1814,428,85
0,_YA,_BIGHORN,_YA0245,2672,1047,194,68,92,2524,1049,319,55
0,_YU,_Yuma 01,_YU0001,174,415,20,9,8,232,326,19,1
0,_YU,_Yuma 02,_YU0002,283,374,30,7,6,339,265,45,9
0,_YU,_Yuma 03,_YU0003,235,416,23,9,9,291,329,24,7
0,_YU,_Yuma 04,_YU0004,806,1168,91,30,29,1034,878,97,6
0,_YU,_Yuma 05,_YU0005,808,461,58,4,17,854,348,51,11
0,_YU,_Yuma 06,_YU0006,298,902,47,24,18,519,643,48,3
0,_YU,_Yuma 07,_YU0007,199,1351,39,36,24,517,948,45,4
0,_YU,_Yuma 08,_YU0008,515,267,24,5,6,478,232,71,2
0,_YU,_Yuma 09,_YU0009,994,257,47,12,29,949,227,70,27
0,_YU,_Yuma 10,_YU0010,1439,781,90,24,44,1460,646,128,19
0,_YU,_Yuma 11,_YU0011,963,467,95,33,31,969,415,106,20
0,_YU,_Yuma 12,_YU0012,957,453,52,18,16,952,365,78,9
0,_YU,_Yuma 13,_YU0013,373,543,24,15,14,466,408,41,9
0,_YU,_Yuma 14,_YU0014,186,142,15,13,3,206,100,27,3
0,_YU,_Yuma 15,_YU0015,944,595,70,19,34,973,471,120,13
0,_YU,_Yuma 16,_YU0016,624,488,57,13,17,658,401,63,10
0,_YU,_Yuma 17,_YU0017,1297,582,81,15,32,1230,531,124,15
0,_YU,_Yuma 18,_YU0018,128,26,11,1,2,121,30,10,0
0,_YU,_Yuma 19,_YU0019,71,40,4,3,2,71,31,7,0
0,_YU,_Yuma 20,_YU0020,1034,422,46,13,13,935,398,99,15
0,_YU,_Yuma 21,_YU0021,0,0,0,0,0,0,0,0,0
0,_YU,_Yuma 22,_YU0022,1020,517,65,28,20,928,474,146,24
0,_YU,_Yuma 23,_YU0023,985,418,54,10,14,866,415,96,18
0,_YU,_Yuma 24,_YU0024,2517,855,105,21,36,2158,883,256,34
0,_YU,_Yuma 25,_YU0025,1502,519,67,13,29,1402,469,131,25
0,_YU,_Yuma 26,_YU0026,88,231,14,7,6,151,162,17,0
0,_YU,_Yuma 27,_YU0027,285,276,17,7,6,307,216,27,3
0,_YU,_Yuma 28,_YU0028,107,259,6,6,11,153,185,13,4
0,_YU,_Yuma 29,_YU0029,94,1834,31,20,8,481,1307,44,0
0,_YU,_Yuma 30,_YU0030,125,1651,42,22,6,423,1246,43,4
0,_YU,_Yuma 31,_YU0031,175,2104,39,28,5,604,1512,53,4
0,_YU,_Yuma 32,_YU0032,211,468,24,12,17,287,361,34,2
0,_YU,_Yuma 33,_YU0033,227,168,12,3,0,209,146,25,4
0,_YU,_Yuma 34,_YU0034,340,110,17,5,8,318,104,33,1
0,_YU,_Yuma 35,_YU0035,658,474,49,17,19,714,375,48,11
0,_YU,_Yuma 36,_YU0036,677,677,69,13,22,731,532,67,13
0,_YU,_Yuma 37,_YU0037,380,661,49,16,20,481,531,56,6
0,_YU,_Yuma 38,_YU0038,571,607,42,35,27,632,499,71,14
0,_YU,_Yuma 39,_YU0039,711,566,55,20,23,727,434,83,20
0,_YU,_Yuma 40,_YU0040,663,541,56,18,18,663,458,88,5
0,_YU,_Yuma 41,_YU0041,804,628,60,23,30,919,483,54,17
0,_YU,_Yuma 42,_YU0042,683,883,76,22,39,864,663,81,10
0,_YU,_Yuma 43,_YU0043,14,8,0,0,0,18,4,0,0
0,_YU,_Yuma 44,_YU0044,0,0,0,0,0,0,0,0,0
