IS_AUDITED,COUNTY_NAME,PRECINCT_NAME,PRECINCT_CODE,USA_NH_20201103_GEN_PRE_DEM_BIDEN,USA_NH_20201103_GEN_PRE_REP_TRUMP,USA_NH_20201103_GEN_PRE_LIB_JORGENSEN,USA_NH_20201103_GEN_USS_DEM_SHAHEEN,USA_NH_20201103_GEN_USS_REP_MESSNER,USA_NH_20201103_GEN_USS_LIB_ODONNELL,USA_NH_20201103_GEN_USS_OTH_WRITEIN,USA_NH_20201103_GEN_GOV_DEM_FELTES,USA_NH_20201103_GEN_GOV_REP_SUNUNU,USA_NH_20201103_GEN_GOV_LIB_PERRY,USA_NH_20201103_GEN_GOV_OTH_WRITEIN
0,_001,_TOWN OF ALTON,_ALTO01,1438,2420,45,1597,2217,68,4,757,3093,36,6
0,_001,_TOWN OF BARNSTEAD,_BARN01,1150,1698,74,1308,1528,76,0,662,2181,61,4
0,_001,_TOWN OF BELMONT,_BELM01,1609,2365,78,1875,2022,104,10,813,3133,63,5
0,_001,_TOWN OF CENTER HARBOR,_CENT01,379,407,6,393,378,17,1,224,552,12,0
0,_001,_TOWN OF GILFORD,_GILF01,2508,2748,57,2720,2473,66,5,1372,3796,46,3
0,_001,_TOWN OF GILMANTON,_GILM01,1020,1423,35,1151,1262,59,2,622,1808,30,2
0,_001,_LACONIA WARD 1,_LACO01,773,976,23,861,863,23,2,421,1317,15,1
0,_001,_LACONIA WARD 2,_LACO02,585,665,20,644,581,35,0,336,896,23,0
0,_001,_LACONIA WARD 3,_LACO03,824,617,22,830,550,23,0,472,970,19,0
0,_001,_LACONIA WARD 4,_LACO04,672,682,26,735,587,33,1,387,951,31,1
0,_001,_LACONIA WARD 5,_LACO05,440,608,28,510,520,32,0,246,814,17,1
0,_001,_LACONIA WARD 6,_LACO06,847,1094,18,932,988,26,1,467,1478,12,1
0,_001,_TOWN OF MEREDITH,_MERE01,2139,2208,60,2324,1964,83,14,1185,3137,53,6
0,_001,_TOWN OF NEW HAMPTON,_NEWH01,697,810,27,763,721,36,4,440,1065,18,3
0,_001,_TOWN OF SANBORNTON,_SANB01,875,1134,36,992,1003,35,0,558,1432,25,3
0,_001,_TOWN OF TILTON,_TILT01,938,1044,43,1069,879,49,2,529,1451,39,2
0,_003,_TOWN OF ALBANY,_ALBA01,250,190,9,272,163,10,1,162,276,7,0
0,_003,_TOWN OF BARTLETT,_BART01,1374,773,23,1415,713,19,0,896,1232,14,0
0,_003,_TOWN OF BROOKFIELD,_BROO01,218,315,12,246,281,14,0,128,400,8,1
0,_003,_TOWN OF CHATHAM,_CHAT01,106,130,8,112,119,6,1,76,164,4,0
0,_003,_TOWN OF CONWAY,_CONW01,3380,2380,89,3539,2108,114,1,2102,3559,64,6
0,_003,_TOWN OF EATON,_EATO01,188,117,4,197,104,6,0,129,172,4,0
0,_003,_TOWN OF EFFINGHAM,_EFFI01,391,526,9,438,467,17,2,271,640,13,1
0,_003,_TOWN OF FREEDOM,_FREE01,538,538,14,583,475,21,0,333,732,15,0
0,_003,_TOWNSHIP OF HALES LOCATION,_HALE01,31,85,1,34,86,1,0,20,98,0,0
0,_003,_TOWN OF HARTS LOCATION,_HART01,23,20,0,21,19,2,0,17,26,0,0
0,_003,_TOWN OF JACKSON,_JACK01,567,212,7,577,205,5,0,424,328,33,0
0,_003,_TOWN OF MADISON,_MADI01,926,760,17,996,689,16,0,595,1073,15,0
0,_003,_TOWN OF MOULTONBOROUGH,_MOUL01,1605,1997,44,1700,1899,35,0,855,2739,15,0
0,_003,_TOWN OF OSSIPEE,_OSSI01,965,1487,34,1072,1321,58,0,567,1858,36,3
0,_003,_TOWN OF SANDWICH,_SAND01,718,413,12,741,387,11,1,526,584,12,2
0,_003,_TOWN OF TAMWORTH,_TAMW01,899,838,31,962,752,50,2,644,1094,24,1
0,_003,_TOWN OF TUFTONBORO,_TUFT01,875,1012,13,921,940,23,6,493,1387,10,3
0,_003,_TOWN OF WAKEFIELD,_WAKE01,1240,1986,44,1420,1729,86,0,724,2539,29,0
0,_003,_TOWN OF WOLFEBORO,_WOLF01,2355,2371,51,2424,2237,84,2,1466,3218,45,3
0,_005,_TOWN OF ALSTEAD,_ALST01,684,477,28,709,439,31,1,501,649,28,1
0,_005,_TOWN OF CHESTERFIELD,_CHES01,1390,958,44,1419,861,48,1,1052,1282,31,3
0,_005,_TOWN OF DUBLIN,_DUBL01,687,404,18,692,385,22,1,492,588,9,1
0,_005,_TOWN OF FITZWILLIAM,_FITZ01,666,682,19,719,596,32,0,442,834,28,9
0,_005,_TOWN OF GILSUM,_GILS01,240,263,13,272,220,14,0,160,337,8,0
0,_005,_TOWN OF HARRISVILLE,_HARR01,553,201,6,564,173,19,0,433,315,8,0
0,_005,_TOWN OF HINSDALE,_HINS01,1048,829,33,1139,667,51,0,713,1099,38,0
0,_005,_TOWN OF JAFFREY,_JAFF01,1528,1410,80,1677,1250,72,1,1055,1902,56,4
0,_005,_KEENE WARD 1,_KEEN01,1301,443,23,1221,355,65,2,876,720,42,3
0,_005,_KEENE WARD 2,_KEEN02,1849,712,48,1870,623,76,1,1396,1161,56,2
0,_005,_KEENE WARD 3,_KEEN03,1695,800,39,1767,703,48,0,1225,1244,36,2
0,_005,_KEENE WARD 4,_KEEN04,1921,920,60,2000,785,81,8,1406,1394,50,5
0,_005,_KEENE WARD 5,_KEEN05,2200,889,52,2269,763,66,3,1594,1447,61,1
0,_005,_TOWN OF MARLBOROUGH,_MRLB01,806,441,22,843,388,31,2,540,683,26,0
0,_005,_TOWN OF MARLOW,_MRLW01,277,207,12,289,184,14,0,196,284,8,0
0,_005,_TOWN OF NELSON,_NELS01,275,164,12,289,152,10,1,223,208,6,0
0,_005,_TOWN OF RICHMOND,_RICH01,292,413,14,307,374,18,4,198,485,17,1
0,_005,_TOWN OF RINDGE,_RIND01,1443,2144,71,1508,1987,121,2,930,2579,68,4
0,_005,_TOWN OF ROXBURY,_ROXB01,92,52,0,95,43,1,0,71,63,2,0
0,_005,_TOWN OF STODDARD,_STOD01,419,430,0,463,396,20,0,353,554,12,0
0,_005,_TOWN OF SULLIVAN,_SULL01,216,186,10,235,153,14,0,139,248,10,2
0,_005,_TOWN OF SURRY,_SURR01,307,252,4,330,209,11,0,207,340,5,0
0,_005,_TOWN OF SWANZEY,_SWAN01,2008,1763,59,2200,1539,59,1,1295,2404,45,6
0,_005,_TOWN OF TROY,_TROY01,509,583,25,555,497,38,0,319,754,24,2
0,_005,_TOWN OF WALPOLE,_WALP01,1470,834,43,1520,745,69,3,998,1282,42,3
0,_005,_TOWN OF WESTMORELAND,_WEST01,660,453,20,709,388,23,2,467,630,14,0
0,_005,_TOWN OF WINCHESTER,_WINC01,986,988,45,1089,815,68,0,692,1222,51,0
0,_007,_TOWNSHIP OF ATKINSON AND GILMANTON ACADEMY GRANT,_ATGT01,0,0,0,0,0,0,0,0,0,0,0
0,_007,_BERLIN WARDS 1-3,_BERL01,2147,1852,66,2430,1475,122,0,1381,2547,97,0
0,_007,_TOWNSHIP OF BEANS GRANT,_BGRT01,0,0,0,0,0,0,0,0,0,0,0
0,_007,_TOWNSHIP OF BEANS PURCHASE,_BPUR01,0,0,0,0,0,0,0,0,0,0,0
0,_007,_TOWNSHIP OF CAMBRIDGE,_CAMB01,3,4,0,3,4,0,0,0,7,0,0
0,_007,_TOWN OF CARROLL,_CARR01,266,267,5,300,228,8,0,159,371,4,0
0,_007,_TOWNSHIP OF CHANDLERS PURCHASE,_CHAN01,0,0,0,0,0,0,0,0,0,0,0
0,_007,_TOWN OF CLARKSVILLE,_CLAR01,72,108,3,80,93,6,0,39,132,9,0
0,_007,_TOWN OF COLEBROOK,_COLE01,418,630,26,475,556,19,0,239,808,9,0
0,_007,_TOWN OF COLUMBIA,_COLU01,114,235,2,148,198,8,0,70,287,7,0
0,_007,_TOWNSHIP OF CRAWFORDS PURCHASE,_CRAW01,0,0,0,0,0,0,0,0,0,0,0
0,_007,_TOWNSHIP OF CUTTS GRANT,_CUTT01,0,0,0,0,0,0,0,0,0,0,0
0,_007,_TOWN OF DALTON,_DALT01,231,295,2,265,258,13,0,138,371,10,0
0,_007,_TOWNSHIP OF DIXS GRANT,_DIXG01,0,0,0,0,0,0,0,0,0,0,0
0,_007,_TOWNSHIP OF DIXVILLE,_DIXV01,5,0,0,4,1,0,0,1,4,0,0
0,_007,_TOWNSHIP OF DUMMER,_DUMM01,67,113,4,82,94,6,0,53,128,3,0
0,_007,_TOWN OF ERROL,_ERRO01,71,144,1,79,131,2,0,29,183,3,0
0,_007,_TOWNSHIP OF ERVINGS LOCATION,_ERVI01,0,0,0,0,0,0,0,0,0,0,0
0,_007,_TOWN OF GORHAM,_GORH01,904,748,29,1012,616,37,0,565,1065,29,1
0,_007,_TOWNSHIP OF GREENS GRANT,_GRGT01,1,0,0,1,0,0,0,0,1,0,0
0,_007,_TOWNSHIP OF HADLEYS PURCHASE,_HADL01,0,0,0,0,0,0,0,0,0,0,0
0,_007,_TOWN OF JEFFERSON,_JEFF01,257,394,11,302,331,16,0,162,489,6,0
0,_007,_TOWNSHIP OF KILKENNY,_KILK01,0,0,0,0,0,0,0,0,0,0,0
0,_007,_TOWN OF LANCASTER,_LANC01,817,874,34,901,767,40,0,490,1189,35,5
0,_007,_TOWNSHIP OF LOW AND BURBANKS GRANT,_LOWB01,0,0,0,0,0,0,0,0,0,0,0
0,_007,_TOWNSHIP OF MARTINS LOCATION,_MART01,0,0,0,0,0,0,0,0,0,0,0
0,_007,_TOWN OF MILAN,_MILA01,345,437,12,420,364,11,0,204,578,10,0
0,_007,_TOWNSHIP OF MILLSFIELD,_MILL01,5,16,0,7,15,0,0,0,22,0,0
0,_007,_TOWN OF NORTHUMBERLAND,_NORU01,424,614,18,516,504,15,0,237,795,11,0
0,_007,_TOWNSHIP OF ODELL,_ODEL01,0,0,0,0,0,0,0,0,0,0,0
0,_007,_TOWNSHIP OF PINKHAMS GRANT,_PINK01,1,0,0,1,0,0,0,1,0,0,0
0,_007,_TOWN OF PITTSBURG,_PITB01,158,380,7,192,340,3,0,66,474,1,1
0,_007,_TOWN OF RANDOLPH,_RAND01,186,83,8,200,74,1,0,128,143,1,0
0,_007,_TOWNSHIP OF SARGENTS PURCHASE,_SARG01,0,0,0,0,0,0,0,0,0,0,0
0,_007,_TOWNSHIP OF SECOND COLLEGE GRANT,_SECO01,0,0,0,0,0,0,0,0,0,0,0
0,_007,_TOWN OF SHELBURNE,_SHEL01,131,122,1,137,108,4,0,85,160,3,0
0,_007,_TOWN OF STARK,_STAR01,106,188,1,135,148,7,0,61,227,4,1
0,_007,_TOWN OF STEWARTSTOWN,_STEW01,117,291,5,155,234,7,0,65,326,2,1
0,_007,_TOWN OF STRATFORD,_STRT01,159,140,1,172,120,7,0,90,199,7,1
0,_007,_TOWNSHIP OF SUCCESS,_SUCC01,0,0,0,0,0,0,0,0,0,0,0
0,_007,_TOWNSHIP OF THOMPSON AND MESERVES PURCHASE,_THOM01,0,0,0,0,0,0,0,0,0,0,0
0,_007,_TOWNSHIP OF WENTWORTH LOCATION,_WENL01,4,13,1,4,14,0,0,3,15,0,0
0,_007,_TOWN OF WHITEFIELD,_WHIT01,631,669,21,731,549,30,0,400,888,14,0
0,_009,_TOWN OF ALEXANDRIA,_ALEX01,440,616,24,491,542,37,4,267,775,26,2
0,_009,_TOWN OF ASHLAND,_ASHL01,632,562,24,680,492,27,3,382,792,19,1
0,_009,_TOWN OF BATH,_BATH01,259,353,11,288,312,12,0,171,431,11,0
0,_009,_TOWN OF BENTON,_BENT01,89,143,3,104,119,8,0,46,179,8,0
0,_009,_TOWN OF BETHLEHEM,_BETH01,1021,620,30,1075,552,40,4,694,910,35,3
0,_009,_TOWN OF BRIDGEWATER,_BRID01,364,472,17,399,450,11,1,231,607,9,1
0,_009,_TOWN OF BRISTOL,_BRIS01,842,994,29,902,896,49,4,495,1317,28,6
0,_009,_TOWN OF CAMPTON,_CAMP01,1120,964,45,1206,870,41,3,713,1358,36,1
0,_009,_TOWN OF CANAAN,_CANA01,1162,890,34,1217,805,37,0,741,1291,24,0
0,_009,_TOWN OF DORCHESTER,_DORC01,105,124,4,111,115,7,0,71,153,5,2
0,_009,_TOWN OF EASTON,_EASN01,167,64,3,160,64,7,0,127,98,8,0
0,_009,_TOWN OF ELLSWORTH,_ELLS01,45,32,1,45,27,4,0,32,43,1,0
0,_009,_TOWN OF ENFIELD,_ENFI01,1777,930,58,1826,848,67,2,1184,1513,40,1
0,_009,_TOWN OF FRANCONIA,_FRCA01,542,248,11,451,244,17,0,379,418,9,0
0,_009,_TOWN OF GRAFTON,_GRAF01,345,423,16,370,373,32,1,213,544,21,1
0,_009,_TOWN OF GROTON,_GROT01,142,232,6,158,204,7,0,90,277,8,1
0,_009,_TOWN OF HANOVER,_HANO01,6210,841,66,6027,911,87,2,5020,1742,76,2
0,_009,_TOWN OF HAVERHILL,_HAVE01,925,1180,39,1021,1042,60,0,560,1516,34,1
0,_009,_TOWN OF HEBRON,_HEBR01,239,267,14,257,255,10,0,122,390,4,1
0,_009,_TOWN OF HOLDERNESS,_HOLD01,890,569,22,907,553,23,0,618,843,14,1
0,_009,_TOWN OF LANDAFF,_LAND01,126,155,4,133,129,7,0,79,178,2,0
0,_009,_LEBANON WARD 1,_LEBA01,2020,635,30,2020,596,60,0,1513,1104,27,2
0,_009,_LEBANON WARD 2,_LEBA02,1822,606,37,1837,542,66,1,1299,1084,43,1
0,_009,_LEBANON WARD 3,_LEBA03,2053,713,33,2070,660,55,1,1523,1206,38,1
0,_009,_TOWN OF LINCOLN,_LINC01,513,397,13,531,361,20,0,265,630,12,0
0,_009,_TOWN OF LISBON,_LISB01,353,431,12,396,360,26,1,223,553,12,2
0,_009,_TOWN OF LITTLETON,_LITT01,1557,1507,51,1701,1333,75,0,925,2130,43,5
0,_009,_TOWNSHIP OF LIVERMORE,_LIVE01,0,0,0,0,0,0,0,0,0,0,0
0,_009,_TOWN OF LYMAN,_LYMA01,174,208,3,176,194,9,0,118,252,9,1
0,_009,_TOWN OF LYME,_LYME01,1074,218,13,1070,216,10,4,869,397,7,1
0,_009,_TOWN OF MONROE,_MONR01,227,309,8,249,269,0,1,148,378,9,0
0,_009,_TOWN OF ORANGE,_ORAN01,80,110,6,91,96,5,0,57,127,7,0
0,_009,_TOWN OF ORFORD,_ORFO01,539,269,15,552,259,10,1,399,415,9,0
0,_009,_TOWN OF PIERMONT,_PIER01,241,194,5,251,183,7,0,151,282,6,2
0,_009,_TOWN OF PLYMOUTH,_PLYM01,2214,1123,78,2251,938,145,0,1530,1690,94,0
0,_009,_TOWN OF RUMNEY,_RUMN01,410,527,19,434,489,20,2,281,644,18,1
0,_009,_TOWN OF SUGAR HILL,_SUGA01,316,153,16,322,156,6,0,231,247,4,0
0,_009,_TOWN OF THORNTON,_THOR01,958,737,36,1006,660,47,1,573,1087,29,1
0,_009,_TOWN OF WARREN,_WARR01,189,275,14,230,215,23,1,123,339,14,0
0,_009,_TOWN OF WATERVILLE VALLEY,_WATE01,238,127,4,239,129,4,0,142,222,4,0
0,_009,_TOWN OF WENTWORTH,_WENT01,280,323,13,265,327,19,0,155,444,14,2
0,_009,_TOWN OF WOODSTOCK,_WOOD01,480,364,14,524,306,15,2,263,568,21,0
0,_011,_TOWN OF AMHERST,_AMHE01,4796,3208,133,4866,3101,147,6,2913,4960,105,18
0,_011,_TOWN OF ANTRIM,_ANTR01,761,779,35,838,673,52,0,535,1006,24,2
0,_011,_TOWN OF BEDFORD,_BEDF01,7521,7052,166,7856,6630,190,10,4077,10493,98,26
0,_011,_TOWN OF BENNINGTON,_BENN01,395,424,14,428,362,26,0,279,521,21,1
0,_011,_TOWN OF BROOKLINE,_BRKL01,1903,1647,78,1938,1572,109,0,1101,2445,50,0
0,_011,_TOWN OF DEERING,_DRNG01,462,670,26,495,602,39,2,292,836,16,2
0,_011,_TOWN OF FRANCESTOWN,_FRNT01,592,534,26,607,518,21,0,400,706,23,0
0,_011,_TOWN OF GOFFSTOWN,_GOFF01,4967,5040,183,5333,4574,197,3,2714,7284,123,8
0,_011,_TOWN OF GREENFIELD,_GRFD01,529,466,15,550,438,19,0,357,636,8,2
0,_011,_TOWN OF GREENVILLE,_GRNV01,501,532,21,526,483,35,0,305,721,25,1
0,_011,_TOWN OF HANCOCK,_HANC01,875,408,15,383,371,40,0,658,605,13,1
0,_011,_TOWN OF HILLSBOROUGH,_HILS01,1475,1722,79,1585,1520,132,0,955,2214,61,1
0,_011,_TOWN OF HOLLIS,_HOLL01,3277,2468,80,3333,2362,110,3,2005,3582,56,3
0,_011,_TOWN OF HUDSON,_HUDS01,6632,7744,217,7244,6848,305,4,3726,10546,175,4
0,_011,_TOWN OF LITCHFIELD,_LITC01,2497,2824,89,2706,2512,122,3,1210,4064,72,5
0,_011,_TOWN OF LYNDEBOROUGH,_LYND01,564,541,33,578,506,37,0,370,742,21,1
0,_011,_MANCHESTER WARD 1,_MANC01,3352,2165,86,3530,1934,116,9,2057,3387,63,7
0,_011,_MANCHESTER WARD 2,_MANC02,2997,2021,85,3156,1796,124,3,1908,3062,84,6
0,_011,_MANCHESTER WARD 3,_MANC03,2228,1174,74,2311,993,135,3,1528,1776,109,1
0,_011,_MANCHESTER WARD 4,_MANC04,2078,1433,82,2203,1218,135,4,1313,2132,95,6
0,_011,_MANCHESTER WARD 5,_MANC05,1670,1121,74,1759,936,115,3,1041,1685,84,2
0,_011,_MANCHESTER WARD 6,_MANC06,2761,2574,79,3033,2248,94,2,1574,3728,60,1
0,_011,_MANCHESTER WARD 7,_MANC07,2168,1678,90,2318,1439,142,8,1285,2503,103,4
0,_011,_MANCHESTER WARD 8,_MANC08,2672,2652,89,2905,2349,112,1,1441,3814,60,4
0,_011,_MANCHESTER WARD 9,_MANC09,2430,1995,85,2631,1692,135,4,1345,2815,83,0
0,_011,_MANCHESTER WARD 10,_MANC10,2294,1855,97,2511,1580,122,4,1264,2631,89,4
0,_011,_MANCHESTER WARD 11,_MANC11,2107,1439,99,2227,1250,175,0,1211,2108,131,2
0,_011,_MANCHESTER WARD 12,_MANC12,2707,2020,75,2828,1785,131,4,642,2813,79,10
0,_011,_TOWN OF MASON,_MASO01,380,535,31,407,483,45,0,253,672,23,3
0,_011,_TOWN OF MERRIMACK,_MERR01,8725,7669,303,9229,6925,403,12,4835,11474,263,10
0,_011,_TOWN OF MILFORD,_MILF01,4644,4123,194,5135,3690,267,6,2609,6121,149,8
0,_011,_TOWN OF MONT VERNON,_MONT01,1011,730,37,1030,700,42,1,673,1062,21,2
0,_011,_NASHUA WARD 1,_NASH01,3426,2450,91,3574,2193,127,5,2159,3650,79,7
0,_011,_NASHUA WARD 2,_NASH02,2985,2004,86,3154,1767,111,2,1886,3038,76,0
0,_011,_NASHUA WARD 3,_NASH03,2994,1925,65,3120,1706,120,0,1915,2880,99,7
0,_011,_NASHUA WARD 4,_NASH04,2132,1180,70,2235,975,99,3,1432,1790,83,1
0,_011,_NASHUA WARD 5,_NASH05,3351,2654,79,3570,2334,128,1,2087,3824,87,1
0,_011,_NASHUA WARD 6,_NASH06,2553,1651,84,2497,1401,123,5,1647,2464,74,10
0,_011,_NASHUA WARD 7,_NASH07,2493,1727,61,2651,1484,83,5,1607,2531,72,6
0,_011,_NASHUA WARD 8,_NASH08,3474,1965,86,3531,1788,126,0,2263,3056,90,2
0,_011,_NASHUA WARD 9,_NASH09,3362,2250,83,3577,1960,109,5,2060,3508,75,4
0,_011,_TOWN OF NEW BOSTON,_NBOS01,1826,2036,60,1984,1831,83,1,1102,2737,44,2
0,_011,_TOWN OF NEW IPSWICH,_NIPS01,962,2099,62,1047,1986,73,1,586,2479,50,1
0,_011,_TOWN OF PELHAM,_PELH01,3480,5253,121,3974,4476,232,5,2020,6609,124,5
0,_011,_TOWN OF PETERBOROUGH,_PETE01,3090,1246,64,3133,1163,95,1,2355,1906,55,5
0,_011,_TOWN OF SHARON,_SHAR01,153,116,4,159,107,5,0,107,161,4,0
0,_011,_TOWN OF TEMPLE,_TEMP01,518,432,11,543,395,17,0,360,574,12,0
0,_011,_TOWN OF WEARE,_WEAR01,2211,3213,97,2461,2866,142,4,1248,4174,72,2
0,_011,_TOWN OF WILTON,_WILT01,1330,1090,53,1374,1000,77,4,881,1528,37,2
0,_011,_TOWN OF WINDSOR,_WNDS01,33,91,5,37,85,6,0,23,100,4,0
0,_013,_TOWN OF BOW,_0BOW01,3256,2167,89,3409,1992,94,0,2031,3436,39,5
0,_013,_TOWN OF ALLENSTOWN,_ALLE01,1050,1233,42,1172,1040,80,0,556,1674,40,3
0,_013,_TOWN OF ANDOVER,_ANDO01,844,726,18,896,650,23,2,623,945,14,5
0,_013,_TOWN OF BOSCAWEN,_BOSC01,931,1064,45,1088,860,62,2,557,1427,39,3
0,_013,_TOWN OF BRADFORD,_BRAD01,563,478,26,602,418,38,0,363,674,21,3
0,_013,_TOWN OF CANTERBURY,_CANT01,1009,718,27,1076,625,45,1,707,993,27,2
0,_013,_TOWN OF CHICHESTER,_CHIC01,770,930,36,846,853,53,1,451,1249,23,2
0,_013,_CONCORD WARD 1,_CONC01,1545,979,52,1670,823,67,1,1007,1523,41,4
0,_013,_CONCORD WARD 2,_CONC02,1368,923,42,1498,759,62,4,882,1404,44,1
0,_013,_CONCORD WARD 3,_CONC03,1142,580,26,1215,491,31,0,818,903,18,1
0,_013,_CONCORD WARD 4,_CONC04,1504,589,47,1562,505,65,3,1182,921,24,2
0,_013,_CONCORD WARD 5,_CONC05,1981,650,28,2025,602,35,1,1552,1075,15,1
0,_013,_CONCORD WARD 6,_CONC06,1407,740,36,1457,517,74,0,1049,1044,38,5
0,_013,_CONCORD WARD 7,_CONC07,1904,822,45,2031,683,54,4,1437,1297,27,1
0,_013,_CONCORD WARD 8,_CONC08,1415,905,40,1543,732,65,2,918,1332,40,3
0,_013,_CONCORD WARD 9,_CONC09,1285,648,26,1327,550,51,1,843,952,25,2
0,_013,_CONCORD WARD 10,_CONC10,1960,1147,32,2087,979,55,3,1284,1794,25,2
0,_013,_TOWN OF DANBURY,_DANB01,290,414,21,324,375,23,1,182,525,17,1
0,_013,_TOWN OF DUNBARTON,_DUNB01,877,1121,32,941,1038,40,2,547,1449,20,6
0,_013,_TOWN OF EPSOM,_EPSO01,1180,1702,45,1342,1477,69,2,636,2228,43,1
0,_013,_FRANKLIN WARD 1,_FRAN01,589,845,26,695,701,43,1,366,1043,30,2
0,_013,_FRANKLIN WARD 2,_FRAN02,462,590,17,519,506,29,0,281,753,22,5
0,_013,_FRANKLIN WARD 3,_FRAN03,753,846,25,852,739,0,0,457,1127,0,3
0,_013,_TOWN OF HENNIKER,_HENN01,1569,1075,67,1642,960,78,1,1002,1596,61,4
0,_013,_TOWN OF HILL,_HILL01,224,403,8,262,338,18,2,133,486,13,1
0,_013,_TOWN OF HOOKSETT,_HOOK01,4060,4387,138,4438,3937,150,5,2159,6282,86,3
0,_013,_TOWN OF HOPKINTON,_HOPK01,2688,1400,75,2817,1275,66,3,2026,2094,38,6
0,_013,_TOWN OF LOUDON,_LOUD01,1489,2152,70,1742,1881,82,2,890,2763,61,5
0,_013,_TOWN OF NEWBURY,_NBRY01,905,726,28,944,687,30,0,543,1087,17,2
0,_013,_TOWN OF NORTHFIELD,_NFLD01,1122,1435,62,1327,1202,60,3,666,1912,50,3
0,_013,_TOWN OF NEW LONDON,_NLON01,2081,1059,42,2067,1039,39,1,1390,1710,22,1
0,_013,_TOWN OF PEMBROKE,_PEMB01,2189,2057,79,2424,1757,121,1,1302,2948,52,9
0,_013,_TOWN OF PITTSFIELD,_PITF01,807,1230,58,913,1091,62,1,455,1588,36,1
0,_013,_TOWN OF SALISBURY,_SALI01,380,517,25,442,432,35,0,249,656,14,1
0,_013,_TOWN OF SUTTON,_SUTT01,753,574,21,788,530,30,0,520,815,16,1
0,_013,_TOWN OF WARNER,_WARN01,1050,844,34,1121,744,56,1,760,1144,27,5
0,_013,_TOWN OF WEBSTER,_WEBS01,548,669,24,633,567,26,1,357,861,10,1
0,_013,_TOWN OF WILMOT,_WILM01,583,366,7,606,332,20,0,391,556,10,0
0,_015,_TOWN OF RYE,_0RYE01,2781,1620,39,2789,1563,51,0,1757,2638,28,4
0,_015,_TOWN OF ATKINSON,_ATKI01,2250,2795,59,2448,2514,99,3,1283,3749,45,1
0,_015,_TOWN OF AUBURN,_AUBU01,1619,2265,46,1779,2037,102,1,778,3058,47,0
0,_015,_TOWN OF BRENTWOOD,_BREN01,1505,1372,37,1549,1288,56,1,893,1945,32,1
0,_015,_TOWN OF CANDIA,_CAND01,1039,1702,41,1150,1538,64,1,568,2143,48,5
0,_015,_TOWN OF CHESTER,_CHSR01,1465,1951,53,1556,1785,85,0,820,2562,43,9
0,_015,_TOWN OF DANVILLE,_DANV01,1082,1686,48,1190,1483,85,4,621,2106,56,2
0,_015,_DERRY WARDS 1-4,_DERR01,8215,9412,267,8878,8374,411,11,4967,12519,235,16
0,_015,_TOWN OF DEERFIELD,_DFLD01,1360,1786,62,1497,1585,102,1,808,2338,47,1
0,_015,_TOWN OF EAST KINGSTON,_EKIN01,781,889,22,820,806,40,1,449,1194,19,2
0,_015,_TOWN OF EPPING,_EPPI01,2047,2311,79,2230,2079,98,2,1146,3106,54,2
0,_015,_TOWN OF EXETER,_EXET01,6820,3321,148,6940,3101,199,2,4660,5443,109,1
0,_015,_TOWN OF FREMONT,_FREM01,1151,1635,53,1275,1456,72,2,635,2154,37,1
0,_015,_TOWN OF GREENLAND,_GRND01,1723,1160,36,1789,1084,39,0,1009,1855,18,0
0,_015,_TOWN OF HAMPTON FALLS,_HAFA01,845,863,12,877,789,39,4,469,1206,15,1
0,_015,_TOWN OF HAMPSTEAD,_HMST01,2494,3303,85,2760,2966,106,0,1403,4361,55,2
0,_015,_TOWN OF HAMPTON,_HMTN01,6150,5212,140,6518,4651,208,8,3598,7674,140,2
0,_015,_TOWN OF KENSINGTON,_KENS01,805,726,26,829,674,33,1,520,1001,20,1
0,_015,_TOWN OF KINGSTON,_KING01,1731,2311,52,1883,2094,73,0,1054,2966,40,2
0,_015,_TOWN OF LONDONDERRY,_LOND01,7738,7905,230,8161,7267,292,8,4302,11303,152,10
0,_015,_TOWN OF NEW CASTLE,_NCAS01,619,281,2,613,289,8,0,402,508,7,1
0,_015,_TOWN OF NEWFIELDS,_NEWF01,719,512,24,738,483,28,1,414,825,13,2
0,_015,_TOWN OF NEWTON,_NEWT01,1277,1680,37,1347,1528,75,0,789,2123,52,3
0,_015,_TOWN OF NEWMARKET,_NMAR01,3953,1925,126,4053,1696,175,5,2644,3150,108,7
0,_015,_TOWN OF NORTH HAMPTON,_NOHA01,1987,1455,32,2082,1316,49,3,1158,2250,31,0
0,_015,_TOWN OF NOTTINGHAM,_NOTT01,1769,1641,86,1876,1507,100,4,1056,2381,52,1
0,_015,_TOWN OF NORTHWOOD,_NTHW01,1329,1483,56,1450,1318,81,1,807,1967,46,8
0,_015,_TOWN OF NEWINGTON,_NWIN01,304,325,10,331,300,9,3,204,426,5,1
0,_015,_TOWN OF PLAISTOW,_PLAI01,2045,2504,63,2194,2235,96,2,1296,3162,75,3
0,_015,_PORTSMOUTH WARD 1,_PORT01,2124,823,42,2108,773,83,0,1479,1442,37,1
0,_015,_PORTSMOUTH WARD 2,_PORT02,2645,699,49,2625,659,74,2,1928,1333,39,2
0,_015,_PORTSMOUTH WARD 3,_PORT03,1906,830,46,1916,752,74,0,1256,1433,39,1
0,_015,_PORTSMOUTH WARD 4,_PORT04,1781,861,38,1768,789,45,2,1114,1450,39,2
0,_015,_PORTSMOUTH WARD 5,_PORT05,2207,623,27,2189,588,44,2,1573,1203,24,2
0,_015,_TOWN OF RAYMOND,_RAYM01,2378,3517,105,2660,3083,188,2,1328,4494,83,16
0,_015,_TOWN OF SALEM,_SALE01,7638,9969,234,8546,8716,279,1,4289,13202,162,7
0,_015,_TOWN OF SEABROOK,_SEAB01,1973,2595,71,2181,2555,110,0,1144,3665,77,6
0,_015,_TOWN OF SANDOWN,_SNDN01,1632,2273,70,1749,2082,88,0,967,2919,67,0
0,_015,_TOWN OF SOUTH HAMPTON,_SOHA01,304,326,22,327,294,13,0,215,420,9,0
0,_015,_TOWN OF STRATHAM,_STRM01,3306,2115,64,3409,1964,71,11,2026,3377,34,5
0,_015,_TOWN OF WINDHAM,_WNDM01,4567,5196,137,4738,4876,168,5,2403,7241,98,4
0,_015,_Voting Districts Not Defined,_ZZZZZZ,0,0,0,0,0,0,0,0,0,0,0
0,_017,_TOWN OF LEE,_0LEE01,1957,971,48,2003,883,57,5,1325,1579,18,2
0,_017,_TOWN OF BARRINGTON,_BARR01,3142,2733,129,3408,2429,152,13,1901,3964,67,5
0,_017,_DOVER WARD 1,_DOVE01,2328,794,74,2397,678,115,4,1691,1410,60,22
0,_017,_DOVER WARD 2,_DOVE02,2311,900,55,2391,742,108,5,1676,1495,61,1
0,_017,_DOVER WARD 3,_DOVE03,2446,1405,52,2523,1272,81,1,1560,2242,56,1
0,_017,_DOVER WARD 4,_DOVE04,2167,1202,56,2264,1051,79,2,1428,1888,59,4
0,_017,_DOVER WARD 5,_DOVE05,1677,1035,56,1751,904,86,3,1091,1606,48,1
0,_017,_DOVER WARD 6,_DOVE06,1579,995,53,1684,857,55,2,965,1573,40,2
0,_017,_TOWN OF DURHAM,_DURH01,5970,1712,128,5836,1525,216,0,4332,3020,143,1
0,_017,_TOWN OF FARMINGTON,_FARM01,1365,2000,68,1572,1727,89,5,789,2541,69,7
0,_017,_TOWN OF MADBURY,_MADB01,824,454,30,851,416,38,0,557,697,32,0
0,_017,_TOWN OF MIDDLETON,_MIDD01,378,643,21,441,562,18,0,210,815,7,5
0,_017,_TOWN OF MILTON,_MILT01,1015,1476,48,1164,1269,74,1,552,1904,55,1
0,_017,_TOWN OF NEW DURHAM,_NDUR01,727,1109,28,815,991,42,1,392,1411,28,1
0,_017,_ROCHESTER WARD 1,_ROCH01,1420,1470,66,1576,1290,65,0,807,2093,35,0
0,_017,_ROCHESTER WARD 2,_ROCH02,1389,1490,48,1539,1271,84,8,777,2062,56,1
0,_017,_ROCHESTER WARD 3,_ROCH03,1420,1549,68,1556,1345,92,2,840,2094,64,6
0,_017,_ROCHESTER WARD 4,_ROCH04,1374,1251,52,1517,1056,80,2,807,1799,51,2
0,_017,_ROCHESTER WARD 5,_ROCH05,1318,1498,54,1540,1226,77,1,732,2081,44,0
0,_017,_ROCHESTER WARD 6,_ROCH06,1211,1109,58,1351,929,69,0,719,1576,57,0
0,_017,_TOWN OF ROLLINSFORD,_ROLL01,951,735,50,1028,642,58,2,607,1086,24,0
0,_017,_SOMERSWORTH WARD 1,_SOME01,825,613,26,895,533,40,0,565,881,20,2
0,_017,_SOMERSWORTH WARD 2,_SOME02,631,543,19,705,461,23,0,401,765,9,1
0,_017,_SOMERSWORTH WARD 3,_SOME03,624,520,17,678,438,32,2,390,742,20,1
0,_017,_SOMERSWORTH WARD 4,_SOME04,787,488,22,855,420,27,1,503,761,19,0
0,_017,_SOMERSWORTH WARD 5,_SOME05,555,386,15,601,307,34,0,363,559,24,1
0,_017,_TOWN OF STRAFFORD,_STFD01,1330,1408,45,1474,1241,56,1,811,1898,39,0
0,_019,_TOWN OF ACWORTH,_ACWO01,293,269,7,311,227,11,0,229,325,8,0
0,_019,_TOWN OF CHARLESTOWN,_CHAR01,1185,1239,57,1335,1044,81,1,712,1692,52,2
0,_019,_CLAREMONT WARD 1,_CLAR01,819,781,50,915,662,56,0,544,1048,45,0
0,_019,_CLAREMONT WARD 2,_CLAR02,1172,1031,48,1295,893,62,0,716,1472,43,2
0,_019,_CLAREMONT WARD 3,_CLAR03,904,976,32,1005,851,43,1,533,1309,34,1
0,_019,_TOWN OF CORNISH,_CORN01,679,408,22,692,381,26,0,468,660,13,1
0,_019,_TOWN OF CROYDON,_CROY01,172,319,19,187,288,24,1,96,400,8,0
0,_019,_TOWN OF GOSHEN,_GOSH01,186,284,11,208,254,16,0,118,349,9,1
0,_019,_TOWN OF GRANTHAM,_GRAN01,1669,747,31,1686,690,55,1,1158,1210,25,1
0,_019,_TOWN OF LANGDON,_LANG01,206,199,7,215,181,12,0,139,263,6,0
0,_019,_TOWN OF LEMPSTER,_LEMP01,274,440,12,301,387,25,0,145,552,11,0
0,_019,_TOWN OF NEWPORT,_NEWP01,1301,1773,64,1475,1522,97,3,716,2332,48,1
0,_019,_TOWN OF PLAINFIELD,_PLFD01,1135,522,28,1145,481,37,0,817,823,14,2
0,_019,_TOWN OF SPRINGFIELD,_SPRI01,437,436,16,459,402,21,0,298,569,13,1
0,_019,_TOWN OF SUNAPEE,_SUNA01,1309,1086,36,1322,1040,51,1,764,1617,31,1
0,_019,_TOWN OF UNITY,_UNIT01,335,531,26,283,565,30,0,189,674,14,1
0,_019,_TOWN OF WASHINGTON,_WASH01,314,467,16,349,431,15,0,207,577,12,1
