IS_AUDITED,COUNTY_NAME,PRECINCT_NAME,PRECINCT_CODE,USA_KY_20201103_GEN_PRE_REP_TRUMP,USA_KY_20201103_GEN_PRE_DEM_BIDEN,USA_KY_20201103_GEN_PRE_LIB_JORGENSEN,USA_KY_20201103_GEN_PRE_IND_WEST,USA_KY_20201103_GEN_PRE_IND_PIERCE,USA_KY_20201103_GEN_USS_REP_MCCONNELL,USA_KY_20201103_GEN_USS_DEM_MCGRATH,USA_KY_20201103_GEN_USS_LIB_BARRON
0,_001,_21001,_21001,7276,1392,60,25,10,6753,1623,348
0,_003,_21003,_21003,7587,1642,99,22,14,6949,1919,433
0,_005,_21005,_21005,9661,3348,184,34,19,9021,3663,551
0,_007,_21007,_21007,3356,825,32,10,2,3155,936,136
0,_009,_21009,_21009,14654,5127,201,52,21,13341,5600,1081
0,_011,_21011ED1OUT,_21011ED1OUT,468,182,11,0,2,422,201,33
0,_011,_21011ED1SHA,_21011ED1SHA,33,38,0,0,0,27,41,1
0,_011,_21011ED2OUT,_21011ED2OUT,678,256,3,3,3,606,304,32
0,_011,_21011ED2SAL,_21011ED2SAL,94,23,3,0,0,85,31,3
0,_011,_21011ED3MD2,_21011ED3MD2,439,121,4,2,2,400,149,20
0,_011,_21011ED3MD3,_21011ED3MD3,528,194,4,2,1,447,243,36
0,_011,_21011ED4OUT,_21011ED4OUT,809,289,6,1,1,707,339,57
0,_011,_21011ED4OWI,_21011ED4OWI,235,154,4,2,1,214,166,19
0,_011,_21011ED5OUT,_21011ED5OUT,473,158,6,0,1,431,182,27
0,_011,_21011ED5OWI,_21011ED5OWI,194,126,3,1,0,170,131,15
0,_011,_21011ED5SHA,_21011ED5SHA,35,32,0,1,1,28,40,3
0,_013,_21013,_21013,8140,1789,78,30,7,7346,2159,442
0,_015,_21015,_21015,44814,20901,981,171,93,41729,22450,2778
0,_017,_21017,_21017,6190,3296,106,31,20,5807,3477,364
0,_019,_21019CD04,_21019CD04,10906,5902,241,48,17,9855,6536,741
0,_019,_21019CD05,_21019CD05,3389,1181,46,7,4,3054,1379,190
0,_021,_21021,_21021,8872,5298,210,63,24,8418,5445,603
0,_023,_21023AI0MD1,_21023AI0MD1,6,0,0,1,0,5,0,2
0,_023,_21023AI0MD2,_21023AI0MD2,31,15,1,0,0,29,17,1
0,_023,_21023AUGMD1,_21023AUGMD1,203,59,1,0,2,174,74,12
0,_023,_21023AUGMD2,_21023AUGMD2,155,67,2,1,0,135,74,14
0,_023,_21023ED0OUT,_21023ED0OUT,1240,234,10,3,3,1120,288,81
0,_023,_21023ED1BRO,_21023ED1BRO,228,50,1,0,0,207,61,12
0,_023,_21023ED1OUT,_21023ED1OUT,355,77,2,1,1,320,96,18
0,_023,_21023ED2MD2,_21023ED2MD2,166,38,2,0,0,154,43,8
0,_023,_21023ED2OUT,_21023ED2OUT,209,58,3,3,0,188,68,16
0,_023,_21023ED4MD2,_21023ED4MD2,12,2,0,0,0,12,2,0
0,_023,_21023ED5GER,_21023ED5GER,56,20,0,0,0,44,29,3
0,_023,_21023ED5MD2,_21023ED5MD2,3,0,0,0,0,2,1,0
0,_023,_21023ED5OUT,_21023ED5OUT,734,180,5,2,2,652,234,36
0,_025,_21025,_21025,4265,1301,52,31,12,3738,1652,223
0,_027,_21027,_21027,7701,2350,103,24,19,6937,2764,497
0,_029,_21029,_21029,30708,10552,563,87,55,28040,11896,1946
0,_031,_21031,_21031,4960,1079,63,8,12,4471,1239,413
0,_033,_21033,_21033,4906,1433,58,22,9,4452,1675,298
0,_035,_21035,_21035,11352,5797,227,44,27,10635,6180,664
0,_037,_21037,_21037,28482,19374,763,133,82,26327,20600,1954
0,_039,_21039,_21039,2159,463,15,1,0,2009,541,92
0,_041,_21041ED0CAR,_21041ED0CAR,843,431,12,8,1,710,492,80
0,_041,_21041ED0OUT,_21041ED0OUT,117,59,4,0,1,99,68,12
0,_041,_21041ED1OUT,_21041ED1OUT,667,216,9,2,3,611,234,49
0,_041,_21041ED1PRE,_21041ED1PRE,35,20,2,0,0,32,22,3
0,_041,_21041ED2CAR,_21041ED2CAR,52,19,2,0,0,48,23,2
0,_041,_21041ED2OUT,_21041ED2OUT,649,237,9,2,2,566,281,51
0,_041,_21041ED2WOR,_21041ED2WOR,42,8,0,0,0,33,15,2
0,_041,_21041ED3GHE,_21041ED3GHE,71,40,1,0,0,54,48,9
0,_041,_21041ED3OUT,_21041ED3OUT,433,78,5,1,1,367,106,45
0,_041,_21041ED3SAN,_21041ED3SAN,45,8,0,0,0,40,10,3
0,_043,_21043,_21043,8775,2642,107,45,16,7725,3253,570
0,_045,_21045,_21045,6179,918,53,12,9,5775,1027,350
0,_047,_21047,_21047,15080,8296,348,95,44,13523,9130,1136
0,_049,_21049,_21049,11811,6004,226,53,34,11120,6312,695
0,_051,_2105100A101,_2105100A101,346,108,2,2,1,317,127,18
0,_051,_2105100A106,_2105100A106,508,66,6,2,1,475,74,27
0,_051,_2105100A107,_2105100A107,151,36,1,0,0,139,42,8
0,_051,_2105100B101,_2105100B101,442,42,2,1,2,407,59,22
0,_051,_2105100B103,_2105100B103,245,73,3,2,2,221,93,15
0,_051,_2105100B104,_2105100B104,562,57,3,1,2,534,66,22
0,_051,_2105100C101,_2105100C101,185,14,1,0,1,179,15,6
0,_051,_2105100C102,_2105100C102,282,19,1,1,0,268,29,7
0,_051,_2105100C103,_2105100C103,258,21,1,1,0,238,28,13
0,_051,_2105100C104,_2105100C104,442,38,2,2,1,416,44,23
0,_051,_2105100D102,_2105100D102,163,29,3,1,0,152,40,9
0,_051,_2105100D103,_2105100D103,420,39,2,1,1,390,51,18
0,_051,_2105100D104,_2105100D104,385,29,1,1,1,366,37,12
0,_051,_2105100E101,_2105100E101,217,25,1,0,0,202,33,9
0,_051,_2105100E102,_2105100E102,229,34,1,0,0,212,41,10
0,_051,_2105100E103,_2105100E103,456,61,3,2,1,432,67,20
0,_051,_2105100E104,_2105100E104,102,17,0,0,0,95,21,3
0,_051,_2105100F101,_2105100F101,410,42,2,1,1,382,48,23
0,_051,_2105100F102,_2105100F102,469,35,3,3,2,446,42,18
0,_051,_2105100F104,_2105100F104,405,46,2,2,3,371,59,27
0,_053,_21053,_21053,4280,603,30,10,9,3969,729,204
0,_055,_21055,_21055,3451,731,47,7,6,3163,869,204
0,_057,_21057,_21057,2769,508,21,7,4,2446,610,221
0,_059,_21059,_21059,31025,17286,670,168,96,28087,18383,2819
0,_061,_2106100A101,_2106100A101,308,88,4,1,0,279,99,29
0,_061,_2106100A102,_2106100A102,596,156,12,2,1,544,178,43
0,_061,_2106100B101,_2106100B101,867,192,10,1,1,799,207,55
0,_061,_2106100C101,_2106100C101,370,81,5,1,0,316,99,44
0,_061,_2106100C102,_2106100C102,447,118,5,1,1,409,133,23
0,_061,_2106100D101,_2106100D101,833,200,8,2,1,761,227,53
0,_061,_2106100E101,_2106100E101,633,189,8,1,1,582,218,40
0,_061,_2106100F101,_2106100F101,774,203,8,1,1,718,222,45
0,_063,_21063,_21063,2246,712,18,9,10,1958,868,140
0,_065,_21065ED0IRV,_21065ED0IRV,399,125,6,1,1,370,137,26
0,_065,_21065ED0OUT,_21065ED0OUT,1468,393,17,4,0,1363,445,64
0,_065,_21065ED1OUT,_21065ED1OUT,948,209,10,6,1,892,242,39
0,_065,_21065ED2IRV,_21065ED2IRV,395,130,9,2,0,378,139,20
0,_065,_21065ED2OUT,_21065ED2OUT,463,92,5,1,0,439,105,20
0,_065,_21065ED3RAV,_21065ED3RAV,228,67,3,0,0,219,64,17
0,_065,_21065ED4OUT,_21065ED4OUT,1199,339,14,2,1,1122,383,53
0,_067,_21067BAL001,_21067BAL001,371,458,15,2,0,363,464,23
0,_067,_21067BAL002,_21067BAL002,1288,1373,42,10,4,1278,1362,85
0,_067,_21067BAL003,_21067BAL003,4048,3863,114,33,22,4095,3794,220
0,_067,_21067BAL004,_21067BAL004,2461,2457,76,15,6,2513,2381,137
0,_067,_21067BAL005,_21067BAL005,963,1313,40,8,3,929,1339,70
0,_067,_21067BAL006,_21067BAL006,328,467,15,2,1,340,458,17
0,_067,_21067BAL007,_21067BAL007,1979,2200,76,8,9,1946,2207,144
0,_067,_21067BAL008,_21067BAL008,677,657,8,7,0,692,632,28
0,_067,_21067BAL009,_21067BAL009,2216,2862,64,16,11,2289,2789,115
0,_067,_21067BAL010,_21067BAL010,368,400,8,0,2,373,393,15
0,_067,_21067BAL011,_21067BAL011,366,213,3,0,1,380,196,12
0,_067,_21067BAL012,_21067BAL012,348,673,27,3,3,338,676,42
0,_067,_21067BAL013,_21067BAL013,1216,2154,70,18,5,1166,2190,107
0,_067,_21067BAL014,_21067BAL014,175,188,3,1,0,180,192,4
0,_067,_21067BAL015,_21067BAL015,248,502,10,3,2,245,499,21
0,_067,_21067BAL016,_21067BAL016,161,128,2,1,0,162,124,4
0,_067,_21067BAL017,_21067BAL017,157,199,5,0,0,143,204,13
0,_067,_21067BAL018,_21067BAL018,226,161,4,1,0,226,161,8
0,_067,_21067BAL019,_21067BAL019,186,283,11,2,0,189,280,12
0,_067,_21067BAL020,_21067BAL020,225,201,7,2,1,228,202,10
0,_067,_21067BAL021,_21067BAL021,172,292,13,1,1,154,313,12
0,_067,_21067BAL022,_21067BAL022,788,1093,28,7,6,783,1082,69
0,_067,_21067BAL023,_21067BAL023,440,761,17,3,1,476,720,29
0,_067,_21067BAL024,_21067BAL024,1555,1856,44,7,6,1471,1903,92
0,_067,_21067BAL025,_21067BAL025,116,67,3,0,1,117,67,3
0,_067,_21067BAL026,_21067BAL026,2180,2764,93,14,11,2111,2779,166
0,_067,_21067BAL027,_21067BAL027,631,608,9,2,4,618,602,31
0,_067,_21067BAL028,_21067BAL028,234,299,8,3,1,227,303,13
0,_067,_21067BAL029,_21067BAL029,292,619,10,3,6,273,628,28
0,_067,_21067BAL030,_21067BAL030,76,194,3,1,1,61,199,14
0,_067,_21067BAL031,_21067BAL031,19,310,2,0,1,19,313,2
0,_067,_21067BAL032,_21067BAL032,2529,4693,138,25,11,2437,4756,218
0,_067,_21067BAL033,_21067BAL033,83,174,4,0,0,68,183,10
0,_067,_21067BAL034,_21067BAL034,1284,1654,30,5,3,1409,1554,42
0,_067,_21067BAL035,_21067BAL035,901,1510,48,14,7,864,1535,80
0,_067,_21067BAL036,_21067BAL036,186,327,12,3,0,173,329,27
0,_067,_21067BAL037,_21067BAL037,1667,3648,105,19,13,1631,3689,151
0,_067,_21067BAL038,_21067BAL038,160,293,12,1,0,154,295,14
0,_067,_21067BAL039,_21067BAL039,1970,2057,58,8,4,2014,2004,91
0,_067,_21067BAL040,_21067BAL040,3888,4474,131,26,19,3933,4379,247
0,_067,_21067BAL041,_21067BAL041,681,1185,44,8,5,652,1186,82
0,_067,_21067BAL042,_21067BAL042,4458,4060,146,19,16,4544,3978,232
0,_067,_21067BAL043,_21067BAL043,1196,1273,38,14,3,1236,1230,67
0,_067,_21067BAL044,_21067BAL044,547,826,28,5,4,559,815,47
0,_067,_21067BAL045,_21067BAL045,398,391,13,0,1,423,375,17
0,_067,_21067BAL046,_21067BAL046,1142,1251,46,12,4,1200,1220,57
0,_067,_21067BAL047,_21067BAL047,710,2317,45,15,4,748,2317,55
0,_067,_21067BAL048,_21067BAL048,531,895,10,4,2,612,826,19
0,_067,_21067BAL049,_21067BAL049,300,925,32,9,4,312,917,43
0,_067,_21067BAL050,_21067BAL050,148,433,5,2,2,168,417,6
0,_067,_21067BAL051,_21067BAL051,190,275,6,4,0,187,267,19
0,_067,_21067BAL052,_21067BAL052,318,705,21,3,3,320,704,32
0,_067,_21067BAL053,_21067BAL053,93,478,6,2,0,101,468,9
0,_067,_21067BAL054,_21067BAL054,79,391,8,5,0,76,401,8
0,_067,_21067BAL055,_21067BAL055,376,1247,33,9,1,365,1249,54
0,_067,_21067BAL056,_21067BAL056,131,449,10,4,0,126,459,11
0,_067,_21067BAL057,_21067BAL057,818,1711,41,7,4,807,1729,61
0,_067,_21067BAL058,_21067BAL058,604,796,24,6,5,595,800,45
0,_067,_21067BAL059,_21067BAL059,124,242,8,0,0,117,247,10
0,_067,_21067BAL060,_21067BAL060,112,635,10,5,2,122,631,8
0,_067,_21067BAL061,_21067BAL061,1310,2960,57,14,5,1437,2855,86
0,_067,_21067BAL062,_21067BAL062,57,322,4,1,2,55,328,3
0,_067,_21067BAL063,_21067BAL063,213,349,9,1,3,210,352,15
0,_067,_21067BAL064,_21067BAL064,728,1776,49,11,9,696,1791,87
0,_067,_21067BAL065,_21067BAL065,739,1469,26,13,9,684,1503,68
0,_067,_21067BAL066,_21067BAL066,620,4990,58,31,13,590,5020,109
0,_067,_21067BAL067,_21067BAL067,227,1210,14,12,1,225,1205,32
0,_067,_21067BAL068,_21067BAL068,388,771,25,1,3,397,764,33
0,_067,_21067BAL069,_21067BAL069,298,503,12,5,3,273,519,31
0,_067,_21067BAL070,_21067BAL070,154,287,6,2,4,135,303,16
0,_067,_21067BAL071,_21067BAL071,1089,1872,57,7,7,1095,1855,90
0,_067,_21067BAL072,_21067BAL072,221,580,14,4,3,207,583,31
0,_067,_21067BAL073,_21067BAL073,1435,2823,56,34,14,1340,2893,140
0,_067,_21067BAL074,_21067BAL074,197,377,14,4,2,186,388,20
0,_067,_21067BAL075,_21067BAL075,503,793,19,5,2,534,759,28
0,_067,_21067BAL076,_21067BAL076,207,178,4,3,0,196,180,13
0,_067,_21067BAL077,_21067BAL077,277,309,11,3,3,262,320,23
0,_067,_21067BAL078,_21067BAL078,63,101,6,4,0,59,107,8
0,_069,_21069,_21069,5534,1474,37,16,5,5041,1743,255
0,_071,_2107100A101,_2107100A101,246,130,4,1,0,231,138,8
0,_071,_2107100A102,_2107100A102,66,9,0,1,0,59,15,2
0,_071,_2107100A103,_2107100A103,341,66,3,2,0,312,91,8
0,_071,_2107100A104,_2107100A104,146,66,4,0,0,127,72,14
0,_071,_2107100A105,_2107100A105,400,155,1,5,0,365,180,12
0,_071,_2107100A106,_2107100A106,409,153,3,3,1,369,185,13
0,_071,_2107100A107,_2107100A107,337,128,5,5,1,306,147,27
0,_071,_2107100A109,_2107100A109,465,107,5,1,1,429,126,25
0,_071,_2107100A110,_2107100A110,256,105,5,2,1,237,121,9
0,_071,_2107100A111,_2107100A111,359,142,2,2,0,312,177,16
0,_071,_2107100A113,_2107100A113,442,89,9,0,2,401,121,21
0,_071,_2107100A116,_2107100A116,531,130,8,3,0,495,152,20
0,_071,_2107100B101,_2107100B101,203,77,3,1,1,168,99,14
0,_071,_2107100B102,_2107100B102,410,139,2,1,2,356,179,16
0,_071,_2107100B103,_2107100B103,273,88,3,2,0,231,119,18
0,_071,_2107100B104,_2107100B104,270,84,0,0,0,224,117,14
0,_071,_2107100B105,_2107100B105,249,101,0,3,0,210,127,19
0,_071,_2107100B106,_2107100B106,439,111,4,2,1,380,148,26
0,_071,_2107100B108,_2107100B108,311,73,2,1,0,269,107,15
0,_071,_2107100B109,_2107100B109,148,31,0,1,1,132,42,7
0,_071,_2107100B112,_2107100B112,381,95,1,3,0,340,121,21
0,_071,_2107100C101,_2107100C101,270,104,2,3,3,218,140,23
0,_071,_2107100C102,_2107100C102,205,91,2,1,1,183,105,12
0,_071,_2107100C103,_2107100C103,279,110,3,1,1,222,146,23
0,_071,_2107100C104,_2107100C104,345,173,3,2,4,272,226,26
0,_071,_2107100C105,_2107100C105,96,21,1,0,0,80,35,4
0,_071,_2107100C106,_2107100C106,230,89,1,1,0,172,135,10
0,_071,_2107100C107,_2107100C107,221,74,3,1,0,189,101,12
0,_071,_2107100C108,_2107100C108,245,116,3,5,1,199,153,11
0,_071,_2107100C109,_2107100C109,236,88,2,0,1,175,133,22
0,_071,_2107100C110,_2107100C110,169,62,1,0,0,128,90,8
0,_071,_2107100C111,_2107100C111,193,48,0,2,1,169,65,11
0,_071,_2107100D101,_2107100D101,206,71,5,0,2,186,85,8
0,_071,_2107100D102,_2107100D102,375,81,2,4,1,319,128,16
0,_071,_2107100D103,_2107100D103,236,88,3,2,2,212,102,16
0,_071,_2107100D104,_2107100D104,417,100,7,1,1,380,123,20
0,_071,_2107100D105,_2107100D105,208,51,0,1,0,180,62,13
0,_071,_2107100D106,_2107100D106,381,104,3,1,3,352,120,15
0,_071,_2107100D107,_2107100D107,449,140,1,0,4,421,150,18
0,_071,_2107100D108,_2107100D108,558,116,2,2,0,502,141,20
0,_071,_2107100D109,_2107100D109,133,34,1,0,0,123,42,4
0,_071,_2107100D110,_2107100D110,116,44,2,3,1,102,58,6
0,_073,_21073,_21073,12900,12652,365,89,55,11990,13091,1034
0,_075,_21075,_21075,1606,794,18,2,5,1489,810,110
0,_077,_21077,_21077,2955,822,58,3,11,2653,974,217
0,_079,_21079,_21079,6754,1830,86,25,8,6371,1959,363
0,_081,_21081,_21081,8725,2205,139,20,17,7957,2544,581
0,_083,_21083,_21083,13206,3560,187,36,30,12334,3939,690
0,_085,_2108500A103,_2108500A103,753,208,6,2,1,690,220,58
0,_085,_2108500B103,_2108500B103,213,92,2,3,0,200,96,19
0,_085,_2108500B104,_2108500B104,144,66,1,0,1,126,71,20
0,_085,_2108500B105,_2108500B105,497,174,5,1,2,449,187,53
0,_085,_2108500B10X,_2108500B10X,726,116,7,4,1,655,133,66
0,_085,_2108500C101,_2108500C101,224,69,3,1,0,200,80,19
0,_085,_2108500D101,_2108500D101,534,206,7,3,1,461,231,62
0,_085,_2108500D103,_2108500D103,365,65,3,1,0,331,71,31
0,_085,_2108500E101,_2108500E101,388,78,2,1,0,358,85,29
0,_085,_2108500E102,_2108500E102,727,226,6,2,2,666,241,57
0,_085,_2108500E103,_2108500E103,242,26,1,0,0,228,29,14
0,_085,_2108500F103,_2108500F103,773,142,6,1,1,700,159,50
0,_085,_2108500F105,_2108500F105,242,42,1,2,0,219,49,20
0,_085,_2108500F106,_2108500F106,278,38,3,2,0,254,46,22
0,_085,_21085LEITC1,_21085LEITC1,1693,435,15,6,1,1520,483,130
0,_085,_21085LEITC2,_21085LEITC2,1654,417,17,4,2,1514,452,108
0,_087,_21087,_21087,4838,920,29,18,7,4472,1074,252
0,_089,_21089,_21089,13064,4873,178,28,33,11622,5673,841
0,_091,_21091,_21091,3145,1351,67,14,10,2729,1580,269
0,_093,_21093,_21093,29832,18101,753,151,104,27448,19221,2280
0,_095,_21095HD84BE,_21095HD84BE,176,58,0,0,0,165,61,5
0,_095,_21095HD84CU,_21095HD84CU,504,130,8,4,2,433,188,23
0,_095,_21095HD84E0,_21095HD84E0,700,92,12,2,0,634,134,34
0,_095,_21095HD84E1,_21095HD84E1,1044,136,9,0,4,952,190,47
0,_095,_21095HD84E2,_21095HD84E2,231,43,0,1,0,212,49,9
0,_095,_21095HD84E3,_21095HD84E3,1374,183,10,2,0,1289,223,56
0,_095,_21095HD84EV,_21095HD84EV,107,19,0,1,0,98,23,7
0,_095,_21095HD84HA,_21095HD84HA,574,189,7,1,2,537,210,27
0,_095,_21095HD84HI,_21095HD84HI,278,65,3,0,1,251,72,19
0,_095,_21095HD84LO,_21095HD84LO,215,37,6,3,1,205,49,6
0,_095,_21095HD87E0,_21095HD87E0,1127,122,6,0,0,1042,159,52
0,_095,_21095HD87E1,_21095HD87E1,810,81,5,1,1,746,110,35
0,_095,_21095HD87E2,_21095HD87E2,1463,170,10,0,1,1361,224,54
0,_095,_21095HD87E3,_21095HD87E3,385,41,0,1,0,360,57,6
0,_095,_21095HD87EV,_21095HD87EV,167,21,2,0,0,152,27,8
0,_095,_21095HD87LY,_21095HD87LY,212,107,3,0,1,200,116,5
0,_097,_21097BAL001,_21097BAL001,56,42,0,0,0,46,43,8
0,_097,_21097BAL002,_21097BAL002,37,56,1,0,0,32,58,4
0,_097,_21097BAL003,_21097BAL003,647,224,7,2,1,605,247,29
0,_097,_21097BAL004,_21097BAL004,1,2,0,0,0,1,2,0
0,_097,_21097BAL005,_21097BAL005,884,246,8,3,2,823,268,57
0,_097,_21097BAL006,_21097BAL006,371,185,6,1,2,343,193,24
0,_097,_21097BAL007,_21097BAL007,785,287,7,0,2,741,302,32
0,_097,_21097BAL008,_21097BAL008,1264,264,16,1,2,1162,306,76
0,_097,_21097BAL009,_21097BAL009,73,15,0,1,0,67,18,4
0,_097,_21097BAL010,_21097BAL010,533,322,13,1,1,480,353,32
0,_097,_21097BAL011,_21097BAL011,514,308,11,5,3,479,313,48
0,_097,_21097BAL012,_21097BAL012,410,146,6,0,3,402,150,14
0,_097,_21097BAL013,_21097BAL013,338,88,6,0,0,326,94,15
0,_097,_21097BAL014,_21097BAL014,104,81,0,0,4,106,79,5
0,_097,_21097BAL015,_21097BAL015,309,129,4,0,0,289,135,20
0,_097,_21097BAL016,_21097BAL016,8,5,0,0,0,9,4,0
0,_099,_21099CI0HOR,_21099CI0HOR,556,376,17,5,4,508,390,62
0,_099,_21099CI0OUT,_21099CI0OUT,210,60,1,0,1,194,63,16
0,_099,_21099ED0OUT,_21099ED0OUT,2004,502,29,8,5,1821,596,128
0,_099,_21099ED1HOR,_21099ED1HOR,0,1,0,0,0,0,1,0
0,_099,_21099ED1MUN,_21099ED1MUN,458,219,9,2,3,401,240,48
0,_099,_21099ED2HOR,_21099ED2HOR,5,1,0,0,0,5,1,0
0,_099,_21099ED2OUT,_21099ED2OUT,723,204,3,2,0,666,225,36
0,_099,_21099ED3OUT,_21099ED3OUT,1443,343,11,4,2,1320,380,96
0,_099,_21099ED4BON,_21099ED4BON,74,14,2,0,0,68,13,9
0,_099,_21099ED5OUT,_21099ED5OUT,872,188,4,1,3,822,214,25
0,_101,_21101HD11CO,_21101HD11CO,98,44,0,0,1,82,49,12
0,_101,_21101HD11E0,_21101HD11E0,3176,1223,56,5,6,2888,1376,206
0,_101,_21101HD11E3,_21101HD11E3,912,402,15,3,4,817,454,71
0,_101,_21101HD11E4,_21101HD11E4,7,6,0,1,0,5,8,1
0,_101,_21101HD11E5,_21101HD11E5,4,0,0,0,0,3,0,1
0,_101,_21101HD11H1,_21101HD11H1,1805,1262,35,6,2,1652,1349,104
0,_101,_21101HD11H3,_21101HD11H3,765,488,20,5,2,682,530,71
0,_101,_21101HD11H4,_21101HD11H4,1363,1646,30,8,3,1215,1704,130
0,_101,_21101HD11H5,_21101HD11H5,2211,1860,57,15,2,2049,1940,141
0,_101,_21101HD7COR,_21101HD7COR,87,32,2,0,0,70,37,14
0,_101,_21101HD7ED0,_21101HD7ED0,1283,401,17,5,1,1147,471,91
0,_101,_21101HD7ED3,_21101HD7ED3,833,219,9,2,3,736,269,62
0,_101,_21101HD7ROB,_21101HD7ROB,186,56,3,0,1,164,69,13
0,_103,_21103,_21103,5843,2142,86,19,17,5259,2431,402
0,_105,_21105,_21105,1714,458,21,2,4,1610,512,70
0,_107,_21107,_21107,15757,5439,226,63,24,14247,6066,1155
0,_109,_21109,_21109,5453,605,33,15,7,5168,689,229
0,_111,_2111100A105,_2111100A105,534,705,20,2,3,487,727,49
0,_111,_2111100A107,_2111100A107,283,317,11,4,1,247,337,32
0,_111,_2111100A108,_2111100A108,508,437,7,5,2,458,452,40
0,_111,_2111100A111,_2111100A111,407,386,13,1,0,356,413,37
0,_111,_2111100A113,_2111100A113,446,387,5,6,1,405,410,33
0,_111,_2111100A114,_2111100A114,363,316,11,3,2,341,327,31
0,_111,_2111100A115,_2111100A115,449,315,5,0,0,393,341,37
0,_111,_2111100A118,_2111100A118,247,169,5,3,0,202,196,29
0,_111,_2111100A119,_2111100A119,377,296,10,2,3,333,305,48
0,_111,_2111100A121,_2111100A121,432,359,8,2,3,368,392,44
0,_111,_2111100A123,_2111100A123,424,467,14,5,1,389,496,30
0,_111,_2111100A124,_2111100A124,492,338,7,0,0,454,360,21
0,_111,_2111100A125,_2111100A125,530,322,5,4,0,507,334,21
0,_111,_2111100A126,_2111100A126,488,339,4,3,3,455,370,16
0,_111,_2111100A127,_2111100A127,319,330,11,3,1,293,343,31
0,_111,_2111100A128,_2111100A128,407,294,8,5,1,364,316,32
0,_111,_2111100A129,_2111100A129,632,320,9,4,4,554,367,45
0,_111,_2111100A130,_2111100A130,338,99,5,2,2,299,119,34
0,_111,_2111100A131,_2111100A131,440,385,5,5,0,403,406,22
0,_111,_2111100A134,_2111100A134,344,182,4,4,3,312,204,25
0,_111,_2111100A135,_2111100A135,348,296,8,6,2,312,315,34
0,_111,_2111100A136,_2111100A136,222,195,10,4,2,181,223,28
0,_111,_2111100A139,_2111100A139,275,211,13,3,2,234,237,33
0,_111,_2111100A140,_2111100A140,582,454,10,4,2,515,498,39
0,_111,_2111100A141,_2111100A141,14,21,1,0,0,12,20,3
0,_111,_2111100A142,_2111100A142,132,83,4,1,1,121,93,10
0,_111,_2111100A143,_2111100A143,9,3,0,0,0,9,3,0
0,_111,_2111100B124,_2111100B124,416,375,10,4,1,390,390,22
0,_111,_2111100B132,_2111100B132,582,410,14,3,1,565,422,27
0,_111,_2111100B133,_2111100B133,602,433,7,4,6,585,454,18
0,_111,_2111100B134,_2111100B134,944,880,27,5,9,892,908,67
0,_111,_2111100B149,_2111100B149,364,263,14,0,1,332,274,35
0,_111,_2111100B151,_2111100B151,623,570,19,3,7,613,580,33
0,_111,_2111100B153,_2111100B153,36,26,1,0,0,34,28,1
0,_111,_2111100B154,_2111100B154,366,400,12,4,3,346,414,32
0,_111,_2111100B155,_2111100B155,256,359,10,5,2,232,372,24
0,_111,_2111100B156,_2111100B156,544,584,17,1,3,517,575,58
0,_111,_2111100B157,_2111100B157,733,754,22,3,4,672,784,59
0,_111,_2111100B158,_2111100B158,723,385,8,3,2,718,390,20
0,_111,_2111100B159,_2111100B159,1063,933,41,12,7,1032,956,75
0,_111,_2111100B160,_2111100B160,300,253,12,1,1,282,260,23
0,_111,_2111100B161,_2111100B161,69,38,1,0,1,62,45,2
0,_111,_2111100B162,_2111100B162,661,407,14,4,0,623,433,33
0,_111,_2111100B163,_2111100B163,434,543,20,6,4,409,567,33
0,_111,_2111100B166,_2111100B166,357,287,13,1,0,320,307,37
0,_111,_2111100B168,_2111100B168,523,511,8,2,4,479,534,35
0,_111,_2111100B169,_2111100B169,406,312,17,2,1,397,322,22
0,_111,_2111100B170,_2111100B170,321,304,11,1,3,305,320,19
0,_111,_2111100B172,_2111100B172,847,870,24,11,7,827,884,58
0,_111,_2111100B173,_2111100B173,719,508,16,3,4,656,553,43
0,_111,_2111100B175,_2111100B175,629,467,9,4,2,623,462,35
0,_111,_2111100B177,_2111100B177,818,525,9,4,1,808,515,36
0,_111,_2111100B181,_2111100B181,72,62,2,0,0,71,67,0
0,_111,_2111100B182,_2111100B182,306,231,9,1,0,306,231,18
0,_111,_2111100B183,_2111100B183,853,644,21,9,2,850,646,43
0,_111,_2111100B184,_2111100B184,20,1,0,0,0,20,1,0
0,_111,_2111100B185,_2111100B185,181,181,4,0,3,171,189,12
0,_111,_2111100C101,_2111100C101,124,589,8,1,2,118,593,15
0,_111,_2111100C102,_2111100C102,123,343,9,4,0,116,353,9
0,_111,_2111100C103,_2111100C103,173,435,6,4,6,163,448,16
0,_111,_2111100C104,_2111100C104,124,286,1,2,1,114,286,10
0,_111,_2111100C105,_2111100C105,19,302,4,2,1,15,309,5
0,_111,_2111100C106,_2111100C106,234,830,7,2,2,218,831,22
0,_111,_2111100C108,_2111100C108,125,698,9,5,2,109,706,21
0,_111,_2111100C109,_2111100C109,46,243,1,4,0,43,240,10
0,_111,_2111100C110,_2111100C110,8,468,3,3,2,9,471,9
0,_111,_2111100C111,_2111100C111,47,817,9,5,2,36,826,18
0,_111,_2111100C113,_2111100C113,108,216,5,1,0,95,221,14
0,_111,_2111100C115,_2111100C115,256,723,12,1,4,235,739,26
0,_111,_2111100C122,_2111100C122,180,442,9,1,2,166,447,25
0,_111,_2111100C123,_2111100C123,141,269,11,6,0,128,286,14
0,_111,_2111100C124,_2111100C124,358,572,12,4,3,329,596,33
0,_111,_2111100C125,_2111100C125,109,463,6,4,0,113,453,18
0,_111,_2111100C126,_2111100C126,120,530,10,1,1,101,536,24
0,_111,_2111100C128,_2111100C128,72,112,4,0,0,70,112,6
0,_111,_2111100C129,_2111100C129,269,685,12,3,0,254,682,35
0,_111,_2111100C130,_2111100C130,19,45,0,0,0,18,45,1
0,_111,_2111100C131,_2111100C131,134,247,4,2,2,127,254,8
0,_111,_2111100C133,_2111100C133,310,650,13,5,3,295,662,23
0,_111,_2111100C134,_2111100C134,256,386,8,2,1,209,415,31
0,_111,_2111100C135,_2111100C135,258,454,6,3,2,259,449,17
0,_111,_2111100C136,_2111100C136,150,285,6,6,2,147,288,15
0,_111,_2111100C137,_2111100C137,226,434,11,4,1,213,436,27
0,_111,_2111100C138,_2111100C138,147,300,8,1,2,148,294,16
0,_111,_2111100C139,_2111100C139,20,12,2,0,0,19,14,1
0,_111,_2111100C141,_2111100C141,115,280,9,1,2,106,295,7
0,_111,_2111100C142,_2111100C142,153,579,4,4,1,138,586,17
0,_111,_2111100C143,_2111100C143,91,62,1,0,0,84,68,1
0,_111,_2111100C144,_2111100C144,38,40,0,0,0,39,40,1
0,_111,_2111100C145,_2111100C145,82,97,3,4,1,75,105,8
0,_111,_2111100C146,_2111100C146,0,1,0,0,0,0,1,0
0,_111,_2111100C147,_2111100C147,0,4,0,0,0,0,4,0
0,_111,_2111100C148,_2111100C148,15,15,1,0,0,14,16,1
0,_111,_2111100C149,_2111100C149,11,1,0,0,1,10,1,1
0,_111,_2111100C150,_2111100C150,5,7,0,0,0,5,7,0
0,_111,_2111100C151,_2111100C151,6,15,0,0,0,4,15,1
0,_111,_2111100D101,_2111100D101,166,289,4,3,2,169,288,7
0,_111,_2111100D104,_2111100D104,190,363,10,3,1,190,362,13
0,_111,_2111100D106,_2111100D106,299,438,11,5,1,306,437,15
0,_111,_2111100D108,_2111100D108,328,496,14,2,1,329,490,22
0,_111,_2111100D109,_2111100D109,103,250,4,2,0,99,252,7
0,_111,_2111100D110,_2111100D110,200,446,8,4,1,189,452,20
0,_111,_2111100D113,_2111100D113,128,385,7,6,0,117,389,20
0,_111,_2111100D114,_2111100D114,355,425,10,2,0,344,428,24
0,_111,_2111100D115,_2111100D115,376,651,16,2,2,363,653,36
0,_111,_2111100D116,_2111100D116,555,614,21,3,1,516,642,44
0,_111,_2111100D117,_2111100D117,330,450,9,1,0,325,446,22
0,_111,_2111100D120,_2111100D120,400,702,19,5,2,364,721,40
0,_111,_2111100D121,_2111100D121,325,342,16,4,5,314,355,19
0,_111,_2111100D122,_2111100D122,370,403,24,4,2,363,408,32
0,_111,_2111100D126,_2111100D126,516,657,24,8,5,488,691,37
0,_111,_2111100D129,_2111100D129,169,257,5,2,2,173,255,7
0,_111,_2111100D130,_2111100D130,280,464,15,5,1,271,474,30
0,_111,_2111100D131,_2111100D131,153,295,11,2,2,155,295,16
0,_111,_2111100D132,_2111100D132,469,832,23,4,3,461,833,36
0,_111,_2111100D135,_2111100D135,230,401,4,2,2,215,409,17
0,_111,_2111100D136,_2111100D136,504,663,7,1,4,493,675,21
0,_111,_2111100D137,_2111100D137,358,342,11,4,1,344,355,21
0,_111,_2111100D138,_2111100D138,535,813,16,3,8,522,815,43
0,_111,_2111100D139,_2111100D139,470,639,15,3,1,463,632,35
0,_111,_2111100D140,_2111100D140,460,541,8,2,0,439,529,44
0,_111,_2111100D141,_2111100D141,376,330,7,2,2,372,317,24
0,_111,_2111100D142,_2111100D142,453,410,10,3,1,428,414,35
0,_111,_2111100D144,_2111100D144,179,249,8,5,2,171,258,15
0,_111,_2111100D145,_2111100D145,161,193,3,1,0,159,191,9
0,_111,_2111100E139,_2111100E139,171,472,14,2,2,170,472,15
0,_111,_2111100E141,_2111100E141,156,193,14,0,0,160,192,13
0,_111,_2111100E142,_2111100E142,250,429,10,3,0,246,430,18
0,_111,_2111100E143,_2111100E143,176,377,8,5,0,171,386,12
0,_111,_2111100E144,_2111100E144,314,519,17,2,1,290,531,31
0,_111,_2111100E145,_2111100E145,338,470,15,4,2,334,471,29
0,_111,_2111100E148,_2111100E148,454,555,14,1,0,491,535,11
0,_111,_2111100E152,_2111100E152,494,509,10,2,2,545,463,13
0,_111,_2111100E154,_2111100E154,325,399,3,1,4,330,395,14
0,_111,_2111100E155,_2111100E155,319,518,10,2,1,315,513,24
0,_111,_2111100E157,_2111100E157,121,119,4,0,1,115,126,4
0,_111,_2111100E158,_2111100E158,212,294,8,0,2,220,287,13
0,_111,_2111100E159,_2111100E159,201,240,4,0,3,207,233,9
0,_111,_2111100E160,_2111100E160,371,341,6,0,2,366,337,21
0,_111,_2111100E161,_2111100E161,260,161,3,1,1,273,154,5
0,_111,_2111100E162,_2111100E162,82,216,4,0,1,82,210,10
0,_111,_2111100E163,_2111100E163,576,378,6,1,0,614,343,11
0,_111,_2111100E164,_2111100E164,481,395,12,4,1,504,385,13
0,_111,_2111100E165,_2111100E165,382,556,6,4,0,366,561,23
0,_111,_2111100E166,_2111100E166,250,262,12,3,1,246,267,18
0,_111,_2111100E167,_2111100E167,282,613,9,4,3,256,618,31
0,_111,_2111100E168,_2111100E168,236,185,4,2,0,238,187,5
0,_111,_2111100E169,_2111100E169,595,558,12,1,1,621,537,16
0,_111,_2111100E171,_2111100E171,220,335,8,0,3,228,328,11
0,_111,_2111100E173,_2111100E173,142,347,9,5,6,120,366,25
0,_111,_2111100E175,_2111100E175,174,322,4,2,0,177,314,12
0,_111,_2111100E176,_2111100E176,137,227,6,0,0,133,225,12
0,_111,_2111100E177,_2111100E177,179,147,2,0,3,179,143,10
0,_111,_2111100E178,_2111100E178,373,353,9,7,1,384,351,13
0,_111,_2111100E179,_2111100E179,361,363,8,0,3,392,332,12
0,_111,_2111100E180,_2111100E180,259,396,14,1,0,260,394,16
0,_111,_2111100E181,_2111100E181,376,514,10,1,2,374,520,13
0,_111,_2111100E182,_2111100E182,807,889,12,9,4,854,846,25
0,_111,_2111100E183,_2111100E183,272,374,8,1,0,283,367,10
0,_111,_2111100E184,_2111100E184,288,341,9,0,2,299,336,9
0,_111,_2111100E185,_2111100E185,84,202,5,2,2,79,205,12
0,_111,_2111100F106,_2111100F106,433,516,13,4,2,418,525,25
0,_111,_2111100F145,_2111100F145,559,592,17,1,1,562,580,31
0,_111,_2111100F151,_2111100F151,590,597,12,5,2,608,583,18
0,_111,_2111100F152,_2111100F152,599,527,15,0,0,620,505,17
0,_111,_2111100F153,_2111100F153,434,428,15,1,3,429,433,25
0,_111,_2111100F154,_2111100F154,439,394,9,3,1,474,377,5
0,_111,_2111100F155,_2111100F155,231,213,5,3,0,249,196,9
0,_111,_2111100F156,_2111100F156,453,489,16,3,0,434,491,38
0,_111,_2111100F158,_2111100F158,169,136,5,1,0,169,135,8
0,_111,_2111100F161,_2111100F161,360,286,8,1,0,373,266,19
0,_111,_2111100F163,_2111100F163,376,330,3,0,2,394,310,10
0,_111,_2111100F164,_2111100F164,485,326,8,1,2,507,306,10
0,_111,_2111100F166,_2111100F166,460,324,11,1,2,464,323,13
0,_111,_2111100F167,_2111100F167,257,402,10,4,1,243,408,23
0,_111,_2111100F169,_2111100F169,163,235,0,0,0,155,232,11
0,_111,_2111100F170,_2111100F170,164,287,5,3,0,148,290,22
0,_111,_2111100F171,_2111100F171,410,389,11,3,2,426,375,13
0,_111,_2111100F172,_2111100F172,327,375,16,3,2,328,371,22
0,_111,_2111100F176,_2111100F176,319,316,15,2,1,331,318,13
0,_111,_2111100F179,_2111100F179,363,451,15,2,2,345,459,30
0,_111,_2111100F180,_2111100F180,496,674,32,6,3,488,686,39
0,_111,_2111100F181,_2111100F181,448,683,10,2,1,460,671,21
0,_111,_2111100F182,_2111100F182,492,700,24,7,3,467,720,39
0,_111,_2111100F183,_2111100F183,257,171,3,1,0,260,164,9
0,_111,_2111100F184,_2111100F184,412,491,10,3,0,409,484,25
0,_111,_2111100F185,_2111100F185,234,535,9,5,2,214,551,24
0,_111,_2111100F186,_2111100F186,353,808,33,10,5,335,836,47
0,_111,_2111100F187,_2111100F187,265,415,13,5,1,256,415,30
0,_111,_2111100G103,_2111100G103,70,490,10,0,0,68,492,13
0,_111,_2111100G104,_2111100G104,86,363,9,3,2,87,370,13
0,_111,_2111100G106,_2111100G106,85,481,5,0,0,90,473,11
0,_111,_2111100G107,_2111100G107,93,508,5,4,1,104,502,12
0,_111,_2111100G108,_2111100G108,76,365,4,1,0,83,362,4
0,_111,_2111100G109,_2111100G109,140,729,9,4,0,152,721,9
0,_111,_2111100G111,_2111100G111,107,583,9,2,3,118,577,13
0,_111,_2111100G112,_2111100G112,195,983,10,9,2,189,988,21
0,_111,_2111100G116,_2111100G116,158,730,8,3,0,177,718,12
0,_111,_2111100G117,_2111100G117,209,909,13,5,1,229,898,15
0,_111,_2111100G119,_2111100G119,136,386,5,2,0,153,380,1
0,_111,_2111100G120,_2111100G120,128,462,7,1,1,139,452,8
0,_111,_2111100G121,_2111100G121,198,422,4,3,0,211,408,5
0,_111,_2111100G122,_2111100G122,102,372,4,2,0,110,366,6
0,_111,_2111100G123,_2111100G123,65,193,3,2,0,69,188,4
0,_111,_2111100G124,_2111100G124,335,666,11,1,2,342,652,23
0,_111,_2111100G126,_2111100G126,195,392,5,0,2,192,393,8
0,_111,_2111100G129,_2111100G129,66,119,2,0,0,65,115,7
0,_111,_2111100G140,_2111100G140,94,485,9,7,1,106,481,11
0,_111,_2111100G141,_2111100G141,109,507,5,2,1,127,493,6
0,_111,_2111100G142,_2111100G142,55,131,3,3,0,69,118,8
0,_111,_2111100G143,_2111100G143,147,756,9,4,2,163,738,18
0,_111,_2111100G144,_2111100G144,146,615,6,4,0,174,592,7
0,_111,_2111100G145,_2111100G145,282,837,14,3,2,305,826,13
0,_111,_2111100G146,_2111100G146,174,671,15,3,0,185,663,19
0,_111,_2111100G147,_2111100G147,226,523,6,2,1,236,513,14
0,_111,_2111100G148,_2111100G148,108,280,7,2,0,104,283,12
0,_111,_2111100G149,_2111100G149,109,295,2,2,0,115,290,5
0,_111,_2111100G150,_2111100G150,157,205,5,5,1,171,207,6
0,_111,_2111100G151,_2111100G151,131,289,9,6,0,135,289,12
0,_111,_2111100G154,_2111100G154,229,438,10,3,0,214,450,20
0,_111,_2111100G155,_2111100G155,233,536,16,2,3,216,554,24
0,_111,_2111100G156,_2111100G156,392,497,8,5,0,437,458,13
0,_111,_2111100G157,_2111100G157,362,615,12,1,0,373,599,25
0,_111,_2111100G158,_2111100G158,381,505,6,0,2,388,494,20
0,_111,_2111100G159,_2111100G159,0,0,0,0,0,0,0,0
0,_111,_2111100G160,_2111100G160,220,232,5,3,1,219,231,14
0,_111,_2111100G161,_2111100G161,140,363,6,1,1,159,350,4
0,_111,_2111100G162,_2111100G162,71,62,1,1,0,72,63,0
0,_111,_2111100G163,_2111100G163,176,319,14,1,0,185,310,16
0,_111,_2111100G164,_2111100G164,342,697,26,5,2,366,684,25
0,_111,_2111100G165,_2111100G165,153,252,7,3,1,168,237,6
0,_111,_2111100G166,_2111100G166,55,106,3,0,1,47,110,7
0,_111,_2111100G167,_2111100G167,118,236,8,2,0,112,241,14
0,_111,_2111100G168,_2111100G168,42,47,3,0,0,48,44,2
0,_111,_2111100G169,_2111100G169,99,202,3,2,0,110,197,6
0,_111,_2111100H102,_2111100H102,125,581,14,2,6,112,598,20
0,_111,_2111100H103,_2111100H103,167,726,8,5,0,178,714,20
0,_111,_2111100H105,_2111100H105,146,562,6,1,0,141,557,14
0,_111,_2111100H106,_2111100H106,134,496,12,0,0,124,502,20
0,_111,_2111100H109,_2111100H109,121,273,11,1,0,116,281,8
0,_111,_2111100H110,_2111100H110,192,501,19,3,3,201,500,16
0,_111,_2111100H111,_2111100H111,163,298,16,1,1,164,300,18
0,_111,_2111100H112,_2111100H112,271,428,12,1,1,272,424,19
0,_111,_2111100H113,_2111100H113,150,243,9,0,0,166,228,9
0,_111,_2111100H114,_2111100H114,4,8,0,0,0,4,8,0
0,_111,_2111100H115,_2111100H115,151,248,8,2,0,138,259,13
0,_111,_2111100H116,_2111100H116,245,404,11,3,0,245,399,17
0,_111,_2111100H117,_2111100H117,461,560,8,8,0,477,539,19
0,_111,_2111100H118,_2111100H118,264,427,9,4,1,252,431,23
0,_111,_2111100H120,_2111100H120,417,571,10,8,3,384,601,30
0,_111,_2111100H121,_2111100H121,142,231,6,2,2,125,253,12
0,_111,_2111100H123,_2111100H123,132,124,6,0,0,118,132,14
0,_111,_2111100H124,_2111100H124,37,154,4,2,0,30,160,8
0,_111,_2111100H125,_2111100H125,187,154,6,0,2,165,169,17
0,_111,_2111100H126,_2111100H126,202,212,9,2,0,175,229,19
0,_111,_2111100H127,_2111100H127,88,205,3,3,0,73,212,10
0,_111,_2111100H130,_2111100H130,0,0,0,0,0,0,0,0
0,_111,_2111100H131,_2111100H131,78,321,4,2,1,65,327,10
0,_111,_2111100H132,_2111100H132,32,205,2,0,0,30,209,2
0,_111,_2111100H133,_2111100H133,18,78,2,0,0,14,77,5
0,_111,_2111100H138,_2111100H138,398,658,16,6,0,358,680,39
0,_111,_2111100H141,_2111100H141,206,538,10,6,1,197,546,23
0,_111,_2111100H144,_2111100H144,423,307,7,7,1,378,340,26
0,_111,_2111100H145,_2111100H145,349,194,8,0,0,312,211,26
0,_111,_2111100H146,_2111100H146,433,357,8,3,1,373,391,34
0,_111,_2111100H147,_2111100H147,294,253,8,6,1,255,272,32
0,_111,_2111100H148,_2111100H148,380,321,10,2,2,345,342,33
0,_111,_2111100H150,_2111100H150,3,0,0,0,0,3,0,0
0,_111,_2111100H151,_2111100H151,2,0,0,0,0,2,0,0
0,_111,_2111100H152,_2111100H152,32,96,0,0,0,28,94,6
0,_111,_2111100H153,_2111100H153,0,0,0,0,0,0,0,0
0,_111,_2111100H154,_2111100H154,100,95,4,2,0,90,104,5
0,_111,_2111100H155,_2111100H155,90,152,4,2,0,81,162,3
0,_111,_2111100H156,_2111100H156,0,0,0,0,0,0,0,0
0,_111,_2111100H157,_2111100H157,4,21,0,0,0,4,22,0
0,_111,_2111100H158,_2111100H158,0,0,0,0,0,0,0,0
0,_111,_2111100H159,_2111100H159,114,110,6,1,0,103,116,8
0,_111,_2111100H160,_2111100H160,380,655,19,5,1,344,670,42
0,_111,_2111100H161,_2111100H161,1,1,0,0,0,1,1,0
0,_111,_2111100H162,_2111100H162,253,283,14,0,1,234,296,21
0,_111,_2111100I107,_2111100I107,218,429,8,5,2,192,451,23
0,_111,_2111100I109,_2111100I109,117,253,10,6,2,106,269,14
0,_111,_2111100I110,_2111100I110,59,117,6,2,3,56,124,9
0,_111,_2111100I111,_2111100I111,313,610,18,7,3,306,617,30
0,_111,_2111100I112,_2111100I112,316,456,12,3,2,286,469,31
0,_111,_2111100I115,_2111100I115,119,404,4,4,2,111,411,12
0,_111,_2111100I120,_2111100I120,158,185,5,0,0,143,189,11
0,_111,_2111100I122,_2111100I122,207,134,2,1,0,180,153,10
0,_111,_2111100I123,_2111100I123,498,492,12,4,1,468,516,25
0,_111,_2111100I124,_2111100I124,238,228,3,3,0,222,237,12
0,_111,_2111100I125,_2111100I125,145,199,7,2,0,132,206,15
0,_111,_2111100I126,_2111100I126,482,204,14,4,0,445,226,36
0,_111,_2111100I130,_2111100I130,244,143,4,1,0,217,149,24
0,_111,_2111100I133,_2111100I133,824,324,14,2,0,725,376,61
0,_111,_2111100I135,_2111100I135,253,125,6,1,2,231,136,22
0,_111,_2111100I138,_2111100I138,0,0,0,0,0,0,0,0
0,_111,_2111100I140,_2111100I140,26,57,2,1,0,29,51,6
0,_111,_2111100I141,_2111100I141,373,442,21,2,0,326,476,33
0,_111,_2111100I142,_2111100I142,2,0,0,0,0,2,0,0
0,_111,_2111100I143,_2111100I143,36,32,1,0,0,33,33,3
0,_111,_2111100I144,_2111100I144,56,32,0,0,1,51,34,1
0,_111,_2111100I145,_2111100I145,85,85,3,3,0,75,92,10
0,_111,_2111100I146,_2111100I146,398,325,7,5,2,353,348,30
0,_111,_2111100I147,_2111100I147,25,18,1,0,0,24,18,2
0,_111,_2111100I148,_2111100I148,249,345,11,4,2,231,349,30
0,_111,_2111100I149,_2111100I149,0,0,0,0,0,0,0,0
0,_111,_2111100I150,_2111100I150,28,54,0,0,0,26,55,1
0,_111,_2111100I151,_2111100I151,373,451,10,9,3,338,469,37
0,_111,_2111100I152,_2111100I152,517,434,13,2,3,485,448,38
0,_111,_2111100I153,_2111100I153,655,625,23,5,1,577,680,47
0,_111,_2111100I154,_2111100I154,538,721,20,13,6,503,749,55
0,_111,_2111100I155,_2111100I155,35,9,0,0,0,30,11,1
0,_111,_2111100I156,_2111100I156,175,143,3,3,1,166,150,9
0,_111,_2111100J101,_2111100J101,161,408,10,3,4,145,414,22
0,_111,_2111100J104,_2111100J104,225,585,7,10,4,207,587,32
0,_111,_2111100J105,_2111100J105,177,239,3,1,0,157,252,10
0,_111,_2111100J107,_2111100J107,152,342,5,6,1,131,349,25
0,_111,_2111100J108,_2111100J108,321,499,14,6,4,289,522,36
0,_111,_2111100J111,_2111100J111,196,361,6,5,1,172,381,18
0,_111,_2111100J113,_2111100J113,366,477,10,6,2,344,498,26
0,_111,_2111100J114,_2111100J114,395,564,12,3,1,366,584,26
0,_111,_2111100J117,_2111100J117,213,225,2,3,0,201,236,10
0,_111,_2111100J119,_2111100J119,284,293,5,2,0,272,301,14
0,_111,_2111100J120,_2111100J120,346,358,11,1,3,323,366,24
0,_111,_2111100J122,_2111100J122,294,318,3,1,1,258,327,32
0,_111,_2111100J123,_2111100J123,195,200,14,1,0,179,213,18
0,_111,_2111100J130,_2111100J130,72,127,3,1,1,62,129,11
0,_111,_2111100J135,_2111100J135,435,366,11,6,1,407,382,31
0,_111,_2111100J137,_2111100J137,386,266,6,3,1,353,286,24
0,_111,_2111100J138,_2111100J138,137,97,4,1,0,122,106,9
0,_111,_2111100J140,_2111100J140,77,161,7,0,0,71,161,11
0,_111,_2111100J141,_2111100J141,319,178,8,1,0,280,205,19
0,_111,_2111100J142,_2111100J142,0,3,0,0,0,0,3,0
0,_111,_2111100J143,_2111100J143,51,30,0,0,0,53,29,0
0,_111,_2111100J144,_2111100J144,395,232,6,2,2,384,239,16
0,_111,_2111100J145,_2111100J145,502,291,4,3,0,475,302,26
0,_111,_2111100J146,_2111100J146,0,0,0,0,0,0,0,0
0,_111,_2111100J147,_2111100J147,218,389,15,2,5,188,412,27
0,_111,_2111100J148,_2111100J148,270,447,8,6,2,239,474,20
0,_111,_2111100J149,_2111100J149,192,391,5,2,4,173,402,19
0,_111,_2111100J150,_2111100J150,174,265,3,1,0,167,268,10
0,_111,_2111100J151,_2111100J151,7,11,0,0,0,8,10,0
0,_111,_2111100J152,_2111100J152,353,158,2,3,0,314,176,26
0,_111,_2111100J153,_2111100J153,165,70,4,1,0,145,83,13
0,_111,_2111100J154,_2111100J154,0,0,0,0,0,0,0,0
0,_111,_2111100J155,_2111100J155,190,64,5,0,0,178,69,11
0,_111,_2111100K104,_2111100K104,56,259,5,1,0,52,264,6
0,_111,_2111100K105,_2111100K105,70,623,9,3,0,65,632,12
0,_111,_2111100K110,_2111100K110,83,295,3,4,0,66,300,20
0,_111,_2111100K111,_2111100K111,67,187,4,5,1,55,203,5
0,_111,_2111100K112,_2111100K112,82,309,7,2,0,67,325,12
0,_111,_2111100K113,_2111100K113,55,164,6,3,0,48,168,7
0,_111,_2111100K114,_2111100K114,126,463,17,8,2,111,475,33
0,_111,_2111100K116,_2111100K116,30,46,0,0,0,20,49,9
0,_111,_2111100K117,_2111100K117,174,399,6,3,0,157,406,15
0,_111,_2111100K118,_2111100K118,43,406,2,7,2,37,410,14
0,_111,_2111100K119,_2111100K119,239,332,4,8,2,227,344,17
0,_111,_2111100K122,_2111100K122,108,625,2,6,1,102,615,22
0,_111,_2111100K123,_2111100K123,113,737,4,4,2,101,742,18
0,_111,_2111100K125,_2111100K125,55,132,1,0,2,40,140,10
0,_111,_2111100K126,_2111100K126,86,224,4,0,0,68,231,15
0,_111,_2111100K127,_2111100K127,349,449,10,0,2,317,462,31
0,_111,_2111100K128,_2111100K128,293,235,9,4,2,255,258,31
0,_111,_2111100K129,_2111100K129,124,434,12,4,0,104,458,16
0,_111,_2111100K130,_2111100K130,67,405,2,0,1,62,407,6
0,_111,_2111100K131,_2111100K131,133,375,6,3,1,119,380,17
0,_111,_2111100K132,_2111100K132,129,136,1,1,0,120,140,12
0,_111,_2111100K133,_2111100K133,135,411,9,3,2,123,423,20
0,_111,_2111100K134,_2111100K134,143,319,6,2,1,139,322,13
0,_111,_2111100K135,_2111100K135,3,21,0,0,0,5,20,0
0,_111,_2111100K136,_2111100K136,37,80,0,1,0,27,83,8
0,_111,_2111100K137,_2111100K137,15,253,0,1,0,14,248,5
0,_111,_2111100K138,_2111100K138,65,69,3,2,0,59,75,5
0,_111,_2111100K139,_2111100K139,0,0,0,0,0,0,0,0
0,_111,_2111100K140,_2111100K140,36,192,4,1,1,33,195,6
0,_111,_2111100K141,_2111100K141,59,131,1,0,0,53,133,6
0,_111,_2111100K142,_2111100K142,0,0,0,0,0,0,0,0
0,_111,_2111100K143,_2111100K143,0,0,0,0,0,0,0,0
0,_111,_2111100K144,_2111100K144,255,354,5,1,1,226,376,13
0,_111,_2111100K145,_2111100K145,390,492,9,3,1,366,509,20
0,_111,_2111100K146,_2111100K146,457,428,13,6,0,437,443,24
0,_111,_2111100K147,_2111100K147,457,617,11,8,4,416,644,39
0,_111,_2111100K148,_2111100K148,217,284,8,3,0,194,294,22
0,_111,_2111100K149,_2111100K149,3,0,0,0,0,3,0,0
0,_111,_2111100K150,_2111100K150,0,0,0,0,0,0,0,0
0,_111,_2111100K151,_2111100K151,0,0,0,0,0,0,0,0
0,_111,_2111100L104,_2111100L104,26,584,4,5,2,18,591,12
0,_111,_2111100L108,_2111100L108,23,313,3,4,0,24,308,9
0,_111,_2111100L110,_2111100L110,28,66,0,0,0,27,64,2
0,_111,_2111100L111,_2111100L111,22,322,3,1,0,23,317,11
0,_111,_2111100L112,_2111100L112,25,362,1,3,0,20,366,7
0,_111,_2111100L113,_2111100L113,58,710,10,8,1,67,704,18
0,_111,_2111100L115,_2111100L115,14,78,5,1,0,14,84,1
0,_111,_2111100L117,_2111100L117,195,563,17,4,1,197,554,30
0,_111,_2111100L118,_2111100L118,358,766,12,1,4,386,738,25
0,_111,_2111100L119,_2111100L119,185,605,21,4,2,179,624,20
0,_111,_2111100L134,_2111100L134,232,390,20,1,1,236,393,15
0,_111,_2111100L135,_2111100L135,207,365,2,0,1,212,357,12
0,_111,_2111100L136,_2111100L136,225,575,15,6,0,236,580,11
0,_111,_2111100L138,_2111100L138,163,303,9,1,0,184,289,8
0,_111,_2111100L139,_2111100L139,459,692,13,3,3,489,675,12
0,_111,_2111100L140,_2111100L140,5,242,2,1,0,7,241,1
0,_111,_2111100L141,_2111100L141,72,391,6,5,0,69,397,10
0,_111,_2111100L142,_2111100L142,70,290,3,3,3,72,292,5
0,_111,_2111100L143,_2111100L143,38,259,3,2,0,38,260,5
0,_111,_2111100L144,_2111100L144,8,235,0,3,0,8,235,3
0,_111,_2111100L145,_2111100L145,11,440,0,6,3,8,448,7
0,_111,_2111100L146,_2111100L146,272,535,13,0,0,276,534,16
0,_111,_2111100L147,_2111100L147,23,490,4,1,1,16,495,9
0,_111,_2111100L148,_2111100L148,13,207,1,4,1,12,205,6
0,_111,_2111100L149,_2111100L149,0,22,0,0,0,0,21,1
0,_111,_2111100L150,_2111100L150,1,42,0,0,0,2,41,0
0,_111,_2111100L151,_2111100L151,235,362,5,2,1,236,352,15
0,_111,_2111100L152,_2111100L152,124,203,4,0,1,129,199,5
0,_111,_2111100L153,_2111100L153,27,48,1,0,0,27,47,1
0,_111,_2111100L154,_2111100L154,14,349,1,3,0,10,350,5
0,_111,_2111100L155,_2111100L155,7,4,0,0,0,7,4,0
0,_111,_2111100L156,_2111100L156,106,585,8,5,1,102,594,10
0,_111,_2111100L157,_2111100L157,8,471,1,3,1,9,472,4
0,_111,_2111100L158,_2111100L158,3,330,1,1,0,4,326,4
0,_111,_2111100L159,_2111100L159,4,131,1,1,1,6,130,2
0,_111,_2111100L160,_2111100L160,12,272,4,4,0,9,274,8
0,_111,_2111100L161,_2111100L161,14,399,3,4,0,12,398,10
0,_111,_2111100L162,_2111100L162,0,15,0,0,0,0,15,0
0,_111,_2111100L163,_2111100L163,15,202,0,2,0,16,204,0
0,_111,_2111100L164,_2111100L164,81,250,4,2,1,67,263,10
0,_111,_2111100M102,_2111100M102,22,983,0,6,2,17,988,10
0,_111,_2111100M103,_2111100M103,22,1070,5,7,3,22,1074,11
0,_111,_2111100M104,_2111100M104,13,389,2,5,2,9,393,11
0,_111,_2111100M105,_2111100M105,11,411,3,5,0,5,404,20
0,_111,_2111100M107,_2111100M107,7,244,1,3,0,5,246,4
0,_111,_2111100M110,_2111100M110,19,552,3,11,0,8,558,17
0,_111,_2111100M121,_2111100M121,82,521,10,1,3,78,523,16
0,_111,_2111100M123,_2111100M123,148,805,11,8,3,141,821,24
0,_111,_2111100M124,_2111100M124,90,651,8,1,0,82,652,18
0,_111,_2111100M129,_2111100M129,12,266,1,4,0,8,271,3
0,_111,_2111100M130,_2111100M130,40,258,1,3,2,32,266,7
0,_111,_2111100M131,_2111100M131,52,326,5,3,0,46,332,10
0,_111,_2111100M133,_2111100M133,16,685,1,3,1,13,686,8
0,_111,_2111100M137,_2111100M137,131,360,6,4,0,140,359,8
0,_111,_2111100M138,_2111100M138,176,799,4,4,2,179,792,12
0,_111,_2111100M139,_2111100M139,162,688,15,2,1,149,696,22
0,_111,_2111100M140,_2111100M140,49,237,4,1,1,50,239,7
0,_111,_2111100M141,_2111100M141,58,335,6,0,0,57,339,7
0,_111,_2111100M142,_2111100M142,193,919,19,2,1,181,930,28
0,_111,_2111100M143,_2111100M143,132,524,8,0,1,132,533,6
0,_111,_2111100M144,_2111100M144,60,298,7,6,0,61,308,6
0,_111,_2111100M145,_2111100M145,2,33,0,0,0,2,34,0
0,_111,_2111100M146,_2111100M146,70,576,12,4,2,73,576,17
0,_111,_2111100M147,_2111100M147,74,398,7,4,0,64,407,11
0,_111,_2111100M148,_2111100M148,5,465,1,4,0,6,467,2
0,_111,_2111100M149,_2111100M149,184,296,2,4,1,165,307,16
0,_111,_2111100M150,_2111100M150,79,250,6,2,1,77,255,7
0,_111,_2111100M159,_2111100M159,38,188,5,4,0,33,196,3
0,_111,_2111100M160,_2111100M160,24,117,3,0,0,22,119,3
0,_111,_2111100M162,_2111100M162,37,247,0,0,0,38,245,2
0,_111,_2111100M163,_2111100M163,39,215,2,0,0,42,214,1
0,_111,_2111100M164,_2111100M164,7,22,2,2,0,11,22,1
0,_111,_2111100M165,_2111100M165,0,0,0,0,0,0,0,0
0,_111,_2111100M166,_2111100M166,64,396,2,5,2,62,402,6
0,_111,_2111100M167,_2111100M167,0,0,0,0,0,0,0,0
0,_111,_2111100M168,_2111100M168,12,147,3,1,0,12,147,7
0,_111,_2111100M169,_2111100M169,15,458,4,0,0,10,457,9
0,_111,_2111100M170,_2111100M170,33,641,4,4,1,21,654,8
0,_111,_2111100M171,_2111100M171,34,677,2,3,0,32,679,6
0,_111,_2111100M172,_2111100M172,16,153,1,2,0,13,155,4
0,_111,_2111100M173,_2111100M173,89,601,4,2,0,86,608,8
0,_111,_2111100M174,_2111100M174,0,0,0,0,0,0,0,0
0,_111,_2111100M175,_2111100M175,0,0,0,0,0,0,0,0
0,_111,_2111100N101,_2111100N101,112,569,2,2,1,104,576,9
0,_111,_2111100N102,_2111100N102,255,353,9,1,2,217,380,23
0,_111,_2111100N103,_2111100N103,27,730,8,1,0,21,739,10
0,_111,_2111100N104,_2111100N104,48,720,6,6,2,37,728,16
0,_111,_2111100N105,_2111100N105,31,592,2,8,0,31,593,12
0,_111,_2111100N106,_2111100N106,11,703,1,5,1,8,703,10
0,_111,_2111100N107,_2111100N107,17,724,5,7,1,10,728,11
0,_111,_2111100N108,_2111100N108,22,761,3,7,1,26,760,7
0,_111,_2111100N109,_2111100N109,21,492,2,3,3,18,496,8
0,_111,_2111100N110,_2111100N110,13,447,0,1,1,9,450,5
0,_111,_2111100N111,_2111100N111,4,314,3,4,0,4,317,2
0,_111,_2111100N112,_2111100N112,9,357,0,5,1,5,362,3
0,_111,_2111100N113,_2111100N113,9,290,4,3,1,6,294,9
0,_111,_2111100N115,_2111100N115,182,266,5,3,3,156,282,21
0,_111,_2111100N117,_2111100N117,127,453,7,5,0,107,465,18
0,_111,_2111100N124,_2111100N124,3,5,0,0,0,2,6,0
0,_111,_2111100N125,_2111100N125,308,469,6,2,1,354,423,16
0,_111,_2111100N126,_2111100N126,343,257,6,2,4,384,227,6
0,_111,_2111100N127,_2111100N127,17,53,1,1,0,17,55,1
0,_111,_2111100N128,_2111100N128,55,209,1,5,1,51,213,9
0,_111,_2111100N130,_2111100N130,266,600,12,2,2,273,594,19
0,_111,_2111100N131,_2111100N131,394,412,8,6,1,450,368,10
0,_111,_2111100N134,_2111100N134,164,719,14,10,3,173,724,18
0,_111,_2111100N135,_2111100N135,42,159,4,0,0,34,164,9
0,_111,_2111100N136,_2111100N136,35,264,1,2,0,36,255,10
0,_111,_2111100N137,_2111100N137,5,134,0,0,0,4,133,1
0,_111,_2111100N138,_2111100N138,4,47,0,0,0,1,48,1
0,_111,_2111100N139,_2111100N139,2,74,1,1,0,1,78,0
0,_111,_2111100N141,_2111100N141,250,279,5,3,0,274,263,8
0,_111,_2111100N142,_2111100N142,387,645,6,4,2,418,613,18
0,_111,_2111100N143,_2111100N143,432,558,12,5,0,440,555,20
0,_111,_2111100N144,_2111100N144,256,297,6,4,0,249,295,20
0,_111,_2111100N145,_2111100N145,6,144,0,5,0,4,149,2
0,_111,_2111100N146,_2111100N146,230,329,4,4,1,246,324,3
0,_111,_2111100N147,_2111100N147,31,82,0,0,0,29,81,3
0,_111,_2111100N148,_2111100N148,6,283,3,2,1,5,282,5
0,_111,_2111100N149,_2111100N149,1,117,0,1,0,1,118,0
0,_111,_2111100N150,_2111100N150,0,19,0,0,0,0,19,0
0,_111,_2111100O105,_2111100O105,158,735,3,5,0,140,743,17
0,_111,_2111100O107,_2111100O107,179,1055,6,7,3,171,1054,23
0,_111,_2111100O109,_2111100O109,223,664,7,4,2,187,680,32
0,_111,_2111100O111,_2111100O111,199,492,11,3,2,181,503,22
0,_111,_2111100O112,_2111100O112,298,298,5,1,1,249,319,33
0,_111,_2111100O113,_2111100O113,181,397,9,3,0,156,411,21
0,_111,_2111100O114,_2111100O114,352,336,3,0,1,325,346,19
0,_111,_2111100O115,_2111100O115,462,422,7,3,3,424,446,29
0,_111,_2111100O117,_2111100O117,87,633,6,4,0,74,645,8
0,_111,_2111100O119,_2111100O119,107,647,4,5,1,97,650,15
0,_111,_2111100O121,_2111100O121,136,521,6,1,2,127,521,18
0,_111,_2111100O123,_2111100O123,138,304,4,1,0,118,310,19
0,_111,_2111100O124,_2111100O124,209,290,5,3,1,189,302,19
0,_111,_2111100O126,_2111100O126,223,391,7,2,0,201,406,15
0,_111,_2111100O127,_2111100O127,277,437,5,6,2,246,456,24
0,_111,_2111100O128,_2111100O128,422,461,3,6,4,379,474,36
0,_111,_2111100O129,_2111100O129,510,532,10,4,6,478,550,33
0,_111,_2111100O130,_2111100O130,330,363,9,1,1,300,373,27
0,_111,_2111100O131,_2111100O131,262,286,11,2,1,220,319,24
0,_111,_2111100O133,_2111100O133,525,405,15,1,2,475,432,41
0,_111,_2111100O134,_2111100O134,676,402,13,6,7,600,454,50
0,_111,_2111100O135,_2111100O135,353,292,6,2,1,307,324,23
0,_111,_2111100O136,_2111100O136,293,269,7,3,1,268,279,24
0,_111,_2111100O137,_2111100O137,541,546,8,1,2,524,547,26
0,_111,_2111100O138,_2111100O138,157,142,5,2,0,136,148,21
0,_111,_2111100O139,_2111100O139,31,23,4,1,0,32,22,5
0,_111,_2111100O141,_2111100O141,0,0,0,0,0,0,0,0
0,_111,_2111100O142,_2111100O142,269,176,8,1,4,224,192,38
0,_111,_2111100O143,_2111100O143,10,9,0,1,0,9,8,2
0,_111,_2111100Q101,_2111100Q101,359,672,10,5,4,329,684,37
0,_111,_2111100Q103,_2111100Q103,434,587,20,1,1,388,617,41
0,_111,_2111100Q104,_2111100Q104,103,251,3,3,0,93,252,15
0,_111,_2111100Q105,_2111100Q105,526,759,16,6,4,485,792,37
0,_111,_2111100Q107,_2111100Q107,384,641,13,4,2,354,657,30
0,_111,_2111100Q109,_2111100Q109,579,575,7,1,4,543,575,49
0,_111,_2111100Q112,_2111100Q112,485,360,10,0,0,446,371,36
0,_111,_2111100Q113,_2111100Q113,265,149,6,0,0,248,157,12
0,_111,_2111100Q114,_2111100Q114,522,397,16,1,0,482,415,38
0,_111,_2111100Q115,_2111100Q115,451,453,18,4,2,413,483,35
0,_111,_2111100Q116,_2111100Q116,444,414,10,2,2,381,454,32
0,_111,_2111100Q117,_2111100Q117,469,345,12,6,2,443,355,32
0,_111,_2111100Q119,_2111100Q119,574,461,10,5,3,528,479,45
0,_111,_2111100Q122,_2111100Q122,107,511,3,6,1,94,517,13
0,_111,_2111100Q123,_2111100Q123,67,764,4,6,4,51,781,18
0,_111,_2111100Q124,_2111100Q124,147,449,7,3,2,136,456,15
0,_111,_2111100Q125,_2111100Q125,699,705,25,10,3,654,730,57
0,_111,_2111100Q126,_2111100Q126,290,160,9,1,1,254,179,29
0,_111,_2111100Q127,_2111100Q127,163,249,3,0,0,145,252,17
0,_111,_2111100Q131,_2111100Q131,229,192,5,1,1,223,193,12
0,_111,_2111100Q132,_2111100Q132,255,271,3,2,3,228,289,18
0,_111,_2111100Q134,_2111100Q134,146,407,5,2,0,136,412,14
0,_111,_2111100Q136,_2111100Q136,102,144,4,0,1,92,149,11
0,_111,_2111100Q137,_2111100Q137,292,442,14,5,1,267,454,36
0,_111,_2111100Q138,_2111100Q138,156,339,14,6,1,141,348,29
0,_111,_2111100Q139,_2111100Q139,207,150,6,3,1,190,164,18
0,_111,_2111100S116,_2111100S116,444,401,13,8,2,485,372,17
0,_111,_2111100S118,_2111100S118,393,577,15,0,1,392,578,17
0,_111,_2111100S119,_2111100S119,384,675,14,1,4,403,670,16
0,_111,_2111100S125,_2111100S125,596,743,13,3,1,618,720,20
0,_111,_2111100S126,_2111100S126,460,470,10,2,1,481,448,14
0,_111,_2111100S128,_2111100S128,314,384,6,3,0,324,378,10
0,_111,_2111100S129,_2111100S129,378,469,8,3,2,371,469,19
0,_111,_2111100S130,_2111100S130,403,403,5,4,0,414,392,9
0,_111,_2111100S131,_2111100S131,265,556,13,7,2,255,563,27
0,_111,_2111100S132,_2111100S132,380,798,20,3,1,388,783,30
0,_111,_2111100S135,_2111100S135,294,597,10,6,2,283,601,29
0,_111,_2111100S139,_2111100S139,447,750,16,5,4,422,770,30
0,_111,_2111100S140,_2111100S140,428,418,7,1,2,454,398,15
0,_111,_2111100S141,_2111100S141,486,781,16,2,2,474,781,33
0,_111,_2111100S142,_2111100S142,341,466,7,2,2,330,470,24
0,_111,_2111100S143,_2111100S143,528,387,16,1,0,548,374,14
0,_111,_2111100S144,_2111100S144,328,380,5,4,2,344,366,9
0,_111,_2111100S146,_2111100S146,262,424,10,8,0,247,432,23
0,_111,_2111100S150,_2111100S150,573,499,10,0,2,603,482,11
0,_111,_2111100S152,_2111100S152,278,390,9,2,1,297,378,9
0,_111,_2111100S153,_2111100S153,637,782,16,5,1,685,751,22
0,_111,_2111100S156,_2111100S156,198,358,9,3,2,188,356,25
0,_111,_2111100S160,_2111100S160,1198,1145,23,4,2,1283,1069,37
0,_111,_2111100S161,_2111100S161,235,371,6,1,0,240,359,18
0,_111,_2111100S164,_2111100S164,330,484,8,1,4,348,469,14
0,_111,_2111100S165,_2111100S165,319,413,5,3,0,350,389,4
0,_111,_2111100S166,_2111100S166,420,355,7,1,1,468,314,7
0,_111,_2111100S167,_2111100S167,339,360,12,1,0,387,330,5
0,_111,_2111100S168,_2111100S168,332,417,4,4,0,332,409,16
0,_111,_2111100V101,_2111100V101,287,456,15,3,3,262,466,37
0,_111,_2111100V102,_2111100V102,1032,715,24,3,2,1035,688,51
0,_111,_2111100V103,_2111100V103,370,151,5,0,1,351,158,15
0,_111,_2111100V104,_2111100V104,1159,918,35,12,4,1156,922,52
0,_111,_2111100V105,_2111100V105,844,421,21,7,1,851,419,34
0,_111,_2111100V106,_2111100V106,307,413,14,4,1,280,425,36
0,_111,_2111100V107,_2111100V107,540,259,5,0,0,538,257,11
0,_111,_2111100V108,_2111100V108,1213,628,21,4,2,1215,625,40
0,_111,_2111100V109,_2111100V109,133,62,2,0,0,135,61,2
0,_111,_2111100V110,_2111100V110,856,572,15,2,3,892,544,20
0,_111,_2111100V111,_2111100V111,566,418,14,3,1,561,418,24
0,_111,_2111100V112,_2111100V112,15,13,0,1,0,17,13,0
0,_111,_2111100V113,_2111100V113,1391,1134,30,6,5,1412,1112,54
0,_111,_2111100V114,_2111100V114,685,379,4,3,0,718,346,13
0,_111,_2111100V115,_2111100V115,423,395,19,4,7,383,424,45
0,_111,_2111100V116,_2111100V116,576,421,17,0,2,558,431,28
0,_111,_2111100V117,_2111100V117,378,442,12,2,3,378,439,28
0,_111,_2111100V118,_2111100V118,407,449,18,0,3,386,459,34
0,_111,_2111100V119,_2111100V119,846,800,13,4,4,826,804,36
0,_111,_2111100V120,_2111100V120,671,722,18,10,1,662,723,38
0,_111,_2111100V121,_2111100V121,530,506,9,2,4,537,493,25
0,_111,_2111100V122,_2111100V122,0,0,0,0,0,0,0,0
0,_111,_2111100V123,_2111100V123,2,0,0,0,0,2,0,0
0,_111,_2111100V124,_2111100V124,320,397,11,2,1,305,406,20
0,_111,_2111100V125,_2111100V125,406,333,5,4,1,418,319,19
0,_111,_2111100V126,_2111100V126,726,608,21,5,1,710,612,47
0,_111,_2111100V127,_2111100V127,704,736,20,7,1,693,734,42
0,_111,_2111100V128,_2111100V128,578,516,18,2,0,571,506,39
0,_111,_2111100V129,_2111100V129,1047,638,14,4,3,1086,601,22
0,_111,_2111100V130,_2111100V130,193,124,3,2,1,200,116,7
0,_111,_2111100V131,_2111100V131,626,499,16,1,2,595,517,36
0,_111,_2111100V132,_2111100V132,383,250,6,1,0,384,246,13
0,_113,_21113CD02,_21113CD02,5134,2364,164,31,18,5135,2358,278
0,_113,_21113CD06,_21113CD06,11962,6203,283,61,31,11353,6503,699
0,_115,_2111500A101,_2111500A101,243,63,1,1,2,223,67,15
0,_115,_2111500A102,_2111500A102,241,66,2,1,3,231,77,6
0,_115,_2111500A103,_2111500A103,152,43,1,1,0,137,47,11
0,_115,_2111500A104,_2111500A104,213,50,2,2,0,199,55,12
0,_115,_2111500A105,_2111500A105,604,117,4,4,2,573,131,25
0,_115,_2111500A106,_2111500A106,485,89,7,1,1,450,114,19
0,_115,_2111500A107,_2111500A107,218,79,3,0,0,202,81,12
0,_115,_2111500A108,_2111500A108,429,101,2,2,0,399,118,16
0,_115,_2111500A109,_2111500A109,97,6,4,1,0,93,9,6
0,_115,_2111500A110,_2111500A110,157,21,2,2,1,144,30,9
0,_115,_2111500B101,_2111500B101,244,53,0,0,0,219,73,8
0,_115,_2111500B102,_2111500B102,287,55,1,3,1,259,67,20
0,_115,_2111500B103,_2111500B103,292,55,3,0,0,270,64,15
0,_115,_2111500B104,_2111500B104,317,55,5,0,1,306,63,8
0,_115,_2111500B105,_2111500B105,214,60,2,0,0,196,67,14
0,_115,_2111500B106,_2111500B106,266,52,2,1,0,242,64,11
0,_115,_2111500B107,_2111500B107,345,66,2,2,0,314,75,17
0,_115,_2111500B108,_2111500B108,56,8,1,0,0,51,11,4
0,_115,_2111500B109,_2111500B109,247,53,6,1,0,230,63,12
0,_115,_2111500B110,_2111500B110,391,57,7,2,2,372,74,16
0,_115,_2111500C101,_2111500C101,292,45,0,0,1,271,52,13
0,_115,_2111500C102,_2111500C102,313,45,5,3,1,300,55,11
0,_115,_2111500C103,_2111500C103,491,52,2,1,2,454,59,31
0,_115,_2111500C104,_2111500C104,122,39,0,0,0,123,37,2
0,_115,_2111500C105,_2111500C105,200,38,3,1,3,196,42,7
0,_115,_2111500C106,_2111500C106,169,36,0,0,0,155,39,8
0,_115,_2111500C107,_2111500C107,456,68,2,1,4,425,81,22
0,_115,_2111500C108,_2111500C108,184,32,1,0,0,168,34,12
0,_115,_2111500C109,_2111500C109,236,45,2,1,1,223,51,11
0,_115,_2111500C110,_2111500C110,229,31,2,0,0,218,34,10
0,_115,_2111500C111,_2111500C111,260,28,3,0,1,255,34,3
0,_117,_21117,_21117,48129,32271,1360,225,135,44700,34461,3030
0,_119,_2111900A101,_2111900A101,318,102,2,3,1,290,120,13
0,_119,_2111900A103,_2111900A103,195,72,1,1,0,185,74,14
0,_119,_2111900A104,_2111900A104,433,107,3,1,1,408,122,13
0,_119,_2111900A105,_2111900A105,183,60,2,1,2,172,69,7
0,_119,_2111900A106,_2111900A106,138,47,0,0,0,127,50,5
0,_119,_2111900A108,_2111900A108,143,41,1,0,2,127,54,5
0,_119,_2111900B101,_2111900B101,321,50,1,1,0,293,65,10
0,_119,_2111900B102,_2111900B102,222,66,2,1,0,203,80,7
0,_119,_2111900B103,_2111900B103,132,46,2,0,2,121,48,9
0,_119,_2111900B104,_2111900B104,147,22,0,0,2,127,38,4
0,_119,_2111900B105,_2111900B105,137,41,0,0,0,121,47,8
0,_119,_2111900B106,_2111900B106,59,16,0,1,0,54,18,3
0,_119,_2111900B107,_2111900B107,241,72,1,2,1,219,87,6
0,_119,_2111900C101,_2111900C101,137,41,2,0,0,126,47,10
0,_119,_2111900C102,_2111900C102,288,72,2,0,0,265,82,9
0,_119,_2111900C103,_2111900C103,17,8,1,0,0,12,11,2
0,_119,_2111900C104,_2111900C104,32,7,0,0,1,27,11,2
0,_119,_2111900C105,_2111900C105,96,20,0,0,0,88,21,5
0,_119,_2111900C106,_2111900C106,31,3,0,0,0,29,3,0
0,_119,_2111900C107,_2111900C107,113,39,0,0,0,109,42,1
0,_119,_2111900C108,_2111900C108,174,54,0,0,1,161,60,6
0,_119,_2111900C109,_2111900C109,76,32,0,0,0,73,33,3
0,_119,_2111900C110,_2111900C110,62,27,0,0,1,52,30,4
0,_119,_2111900C111,_2111900C111,28,14,0,0,0,25,16,1
0,_119,_2111900C112,_2111900C112,144,63,1,0,1,121,77,7
0,_119,_2111900D102,_2111900D102,60,37,0,1,0,55,37,5
0,_119,_2111900D103,_2111900D103,225,73,1,2,0,182,98,22
0,_119,_2111900D104,_2111900D104,181,51,0,0,1,156,67,9
0,_119,_2111900D105,_2111900D105,250,84,5,1,0,223,102,10
0,_119,_2111900D107,_2111900D107,197,45,1,0,1,180,55,6
0,_121,_21121,_21121,11012,2114,109,32,6,10291,2413,536
0,_123,_21123,_21123,5685,1504,86,19,7,5137,1747,407
0,_125,_21125,_21125,23237,4475,282,55,52,22040,4883,1217
0,_127,_21127,_21127,5633,1238,50,20,14,5089,1520,313
0,_129,_21129,_21129,2273,481,28,7,12,2114,560,109
0,_131,_2113100A101,_2113100A101,180,10,2,0,0,174,15,6
0,_131,_2113100A102,_2113100A102,457,39,0,0,0,438,50,7
0,_131,_2113100A103,_2113100A103,29,2,0,0,0,30,2,0
0,_131,_2113100A104,_2113100A104,357,40,2,1,0,335,45,14
0,_131,_2113100A105,_2113100A105,115,12,2,0,0,103,13,12
0,_131,_2113100B101,_2113100B101,467,42,3,2,2,450,55,14
0,_131,_2113100B102,_2113100B102,178,33,1,0,1,157,46,5
0,_131,_2113100B103,_2113100B103,200,11,2,1,1,192,15,6
0,_131,_2113100B104,_2113100B104,160,9,0,0,0,148,12,8
0,_131,_2113100C101,_2113100C101,490,33,3,2,1,448,52,21
0,_131,_2113100C102,_2113100C102,261,28,0,0,0,240,35,14
0,_131,_2113100C103,_2113100C103,460,50,1,1,0,429,63,22
0,_131,_2113100D101,_2113100D101,259,36,2,0,1,248,40,8
0,_131,_2113100D102,_2113100D102,209,41,1,1,1,199,51,6
0,_131,_2113100D103,_2113100D103,160,26,1,0,2,150,31,5
0,_131,_2113100D104,_2113100D104,274,32,3,4,0,260,35,17
0,_131,_2113100D105,_2113100D105,65,2,0,0,0,60,2,4
0,_133,_21133,_21133,7226,1799,69,28,13,6441,2245,391
0,_135,_21135,_21135,4986,823,61,6,7,4500,991,366
0,_137,_21137ED0OUT,_21137ED0OUT,3535,851,54,10,11,3274,958,230
0,_137,_21137ED1HUS,_21137ED1HUS,120,35,2,1,0,114,42,4
0,_137,_21137ED2STA,_21137ED2STA,316,127,9,3,1,274,145,32
0,_137,_21137ED3OUT,_21137ED3OUT,1098,278,10,2,0,1013,316,50
0,_137,_21137ED3STA,_21137ED3STA,791,382,24,4,1,727,400,72
0,_137,_21137ED4OUT,_21137ED4OUT,1301,282,10,1,3,1175,329,90
0,_137,_21137ED5CRA,_21137ED5CRA,261,56,3,0,0,241,61,18
0,_137,_21137ED5OUT,_21137ED5OUT,1067,243,17,2,2,1002,270,56
0,_139,_21139,_21139,4010,939,44,6,4,3701,1110,186
0,_141,_21141ED0M6N,_21141ED0M6N,96,37,4,0,0,85,39,13
0,_141,_21141ED0M6R,_21141ED0M6R,81,38,2,0,0,74,41,5
0,_141,_21141ED0M6S,_21141ED0M6S,660,217,16,2,1,604,250,42
0,_141,_21141ED0NOR,_21141ED0NOR,690,195,7,2,0,622,216,53
0,_141,_21141ED0SOU,_21141ED0SOU,981,253,13,0,1,880,312,52
0,_141,_21141ED1ADA,_21141ED1ADA,180,145,0,1,0,168,143,14
0,_141,_21141ED1SRU,_21141ED1SRU,136,42,5,0,1,126,48,8
0,_141,_21141ED2NAU,_21141ED2NAU,169,102,8,1,1,153,113,16
0,_141,_21141ED2SAU,_21141ED2SAU,267,104,12,0,0,232,118,30
0,_141,_21141ED3NOR,_21141ED3NOR,1372,289,19,2,5,1235,341,112
0,_141,_21141ED4LEW,_21141ED4LEW,218,53,7,0,0,195,62,21
0,_141,_21141ED4NOR,_21141ED4NOR,1604,316,15,2,5,1455,388,93
0,_141,_21141ED4RUS,_21141ED4RUS,62,22,2,0,0,50,26,10
0,_141,_21141ED5NOR,_21141ED5NOR,402,80,6,1,1,359,102,27
0,_141,_21141ED5NRU,_21141ED5NRU,25,6,0,0,0,23,7,0
0,_141,_21141ED5SOU,_21141ED5SOU,687,173,3,1,2,630,208,30
0,_141,_21141ED5SRU,_21141ED5SRU,105,34,0,1,0,97,36,7
0,_141,_21141RI0M6N,_21141RI0M6N,138,188,1,1,0,119,198,8
0,_141,_21141RI0M6S,_21141RI0M6S,249,293,3,4,0,224,293,28
0,_141,_21141RI0NOR,_21141RI0NOR,410,202,10,0,0,375,213,34
0,_141,_21141RI0SOU,_21141RI0SOU,535,305,12,4,1,474,349,37
0,_143,_2114300A10X,_2114300A10X,1076,344,10,3,2,1005,377,48
0,_143,_2114300B10X,_2114300B10X,997,385,9,2,1,927,427,47
0,_143,_2114300C10X,_2114300C10X,1027,363,6,2,1,952,400,46
0,_143,_2114300X001,_2114300X001,0,0,0,0,0,0,0,0
0,_145,_21145,_21145,21820,11195,376,92,43,20883,11627,1051
0,_147,_21147,_21147,5664,725,34,8,4,5179,889,322
0,_149,_2114900A101,_2114900A101,242,69,4,0,0,215,82,16
0,_149,_2114900A102,_2114900A102,554,170,10,2,1,494,191,53
0,_149,_2114900B101,_2114900B101,456,151,8,2,1,402,177,45
0,_149,_2114900B102,_2114900B102,395,139,8,1,1,347,160,39
0,_149,_2114900C101,_2114900C101,446,117,7,2,1,395,130,43
0,_149,_2114900C102,_2114900C102,534,121,6,1,1,468,140,47
0,_149,_2114900D101,_2114900D101,552,142,8,2,1,487,168,40
0,_149,_2114900D102,_2114900D102,454,165,5,1,2,403,193,40
0,_151,_21151,_21151,27356,15581,730,140,104,26069,16271,1683
0,_153,_2115300A101,_2115300A101,317,135,1,0,1,284,151,17
0,_153,_2115300A102,_2115300A102,391,106,2,1,0,359,120,19
0,_153,_2115300A103,_2115300A103,244,56,2,2,0,234,64,7
0,_153,_2115300A104,_2115300A104,465,143,6,0,3,440,160,13
0,_153,_2115300B101,_2115300B101,428,167,5,1,3,387,195,21
0,_153,_2115300B102,_2115300B102,376,102,3,1,0,328,129,20
0,_153,_2115300B103,_2115300B103,199,19,3,1,0,183,28,10
0,_153,_2115300B104,_2115300B104,227,77,0,1,0,216,81,7
0,_153,_2115300B105,_2115300B105,167,60,1,0,0,154,64,9
0,_153,_2115300C101,_2115300C101,215,79,3,0,0,199,88,7
0,_153,_2115300C102,_2115300C102,234,41,6,0,1,221,49,12
0,_153,_2115300C103,_2115300C103,266,70,5,1,0,249,79,12
0,_153,_2115300C104,_2115300C104,276,70,1,1,0,258,78,12
0,_153,_2115300C105,_2115300C105,369,89,2,1,1,345,107,11
0,_155,_21155,_21155,6113,2722,55,24,14,5274,3144,474
0,_157,_21157ED0OUT,_21157ED0OUT,1653,442,17,7,1,1559,486,73
0,_157,_21157ED1MD1,_21157ED1MD1,322,92,7,0,0,302,110,14
0,_157,_21157ED1MD2,_21157ED1MD2,75,19,0,1,0,68,22,4
0,_157,_21157ED2MD2,_21157ED2MD2,2471,756,28,6,2,2309,840,116
0,_157,_21157ED3CAL,_21157ED3CAL,936,385,14,6,2,862,421,61
0,_157,_21157ED4MD2,_21157ED4MD2,1598,357,17,7,6,1471,415,92
0,_157,_21157ED4OUT,_21157ED4OUT,1753,465,21,4,3,1661,515,77
0,_157,_21157ED5HAR,_21157ED5HAR,140,60,4,0,1,118,67,18
0,_157,_21157ED5OUT,_21157ED5OUT,2739,851,30,9,4,2530,959,144
0,_157,_21157MD1BEN,_21157MD1BEN,1119,416,15,3,1,1064,442,51
0,_157,_21157MD2BEN,_21157MD2BEN,491,228,12,1,4,440,255,41
0,_159,_2115900A101,_2115900A101,325,56,2,1,0,315,59,5
0,_159,_2115900A102,_2115900A102,186,25,1,1,0,178,28,7
0,_159,_2115900A103,_2115900A103,195,19,0,2,0,190,25,2
0,_159,_2115900B101,_2115900B101,143,15,0,0,1,140,19,2
0,_159,_2115900B102,_2115900B102,395,26,2,0,1,375,41,9
0,_159,_2115900B103,_2115900B103,263,26,1,2,1,254,33,6
0,_159,_2115900C101,_2115900C101,444,62,5,0,1,420,80,12
0,_159,_2115900C102,_2115900C102,271,30,1,1,0,251,39,13
0,_159,_2115900D101,_2115900D101,175,24,1,0,0,169,27,3
0,_159,_2115900D102,_2115900D102,209,27,2,0,1,200,35,2
0,_159,_2115900D103,_2115900D103,248,15,2,0,0,241,21,4
0,_159,_2115900D104,_2115900D104,100,4,0,0,0,96,3,5
0,_159,_2115900E101,_2115900E101,200,29,0,0,0,187,38,4
0,_159,_2115900E102,_2115900E102,342,45,0,1,1,332,49,6
0,_161,_21161,_21161,5477,2362,85,19,15,4999,2601,329
0,_163,_21163ED0OUT,_21163ED0OUT,2757,869,75,11,10,2483,1007,225
0,_163,_21163ED1BRA,_21163ED1BRA,44,26,2,1,0,39,31,3
0,_163,_21163ED1MD1,_21163ED1MD1,308,63,6,1,0,280,81,16
0,_163,_21163ED1MD2,_21163ED1MD2,2013,719,29,3,5,1822,812,123
0,_163,_21163ED1MUL,_21163ED1MUL,181,101,2,1,0,155,116,13
0,_163,_21163ED2MD1,_21163ED2MD1,445,292,15,3,0,391,327,36
0,_163,_21163ED3BRA,_21163ED3BRA,711,395,17,1,0,609,454,55
0,_163,_21163ED4EKR,_21163ED4EKR,42,21,0,0,0,39,20,4
0,_163,_21163ED4OUT,_21163ED4OUT,1769,512,44,6,7,1536,632,159
0,_163,_21163ED5OUT,_21163ED5OUT,1915,634,45,6,4,1716,745,137
0,_165,_2116500A101,_2116500A101,228,93,4,2,3,196,114,15
0,_165,_2116500A102,_2116500A102,212,55,3,0,0,194,63,11
0,_165,_2116500B101,_2116500B101,608,217,7,4,1,552,246,34
0,_165,_2116500C101,_2116500C101,457,110,4,1,0,408,134,25
0,_165,_2116500D101,_2116500D101,418,133,2,1,0,367,166,18
0,_165,_2116500E101,_2116500E101,388,142,4,4,1,354,159,20
0,_167,_21167,_21167,8506,3033,140,40,16,7956,3247,501
0,_169,_21169,_21169,3959,975,56,12,10,3538,1129,302
0,_171,_21171,_21171,4628,657,30,10,5,4320,763,191
0,_173,_21173,_21173,8993,3630,154,41,19,8345,3983,488
0,_175,_21175,_21175,4301,1175,27,21,18,3918,1378,229
0,_177,_21177,_21177,10497,3545,138,34,17,9222,4175,763
0,_179,_21179,_21179,15703,7188,268,45,41,14219,7943,1042
0,_181,_21181MD0CAR,_21181MD0CAR,449,234,8,1,0,404,258,34
0,_181,_21181MD0OUT,_21181MD0OUT,518,206,6,1,0,472,229,26
0,_181,_21181MD1CAR,_21181MD1CAR,22,14,1,0,0,16,18,3
0,_181,_21181MD1OUT,_21181MD1OUT,407,135,4,0,1,366,158,19
0,_181,_21181MD3CAR,_21181MD3CAR,12,6,0,0,0,8,8,2
0,_181,_21181MD3OUT,_21181MD3OUT,505,155,5,1,0,439,187,37
0,_181,_21181MD5CAR,_21181MD5CAR,103,64,1,0,0,90,72,6
0,_181,_21181MD5OUT,_21181MD5OUT,392,141,2,0,2,356,158,22
0,_183,_21183,_21183,8582,2404,99,29,13,7619,2765,694
0,_185,_21185,_21185,22654,14505,601,113,67,22025,14715,1330
0,_187,_21187,_21187,4292,1098,46,10,10,3958,1235,253
0,_189,_21189,_21189,1671,216,6,3,0,1517,280,80
0,_191,_21191ED0OUT,_21191ED0OUT,1517,401,15,4,5,1365,465,107
0,_191,_21191ED1FAL,_21191ED1FAL,259,57,1,0,1,218,78,19
0,_191,_21191ED1OUT,_21191ED1OUT,895,194,4,4,2,833,223,42
0,_191,_21191ED2FAL,_21191ED2FAL,367,131,6,3,2,325,152,32
0,_191,_21191ED3OUT,_21191ED3OUT,1068,256,19,5,2,980,300,70
0,_191,_21191ED4OUT,_21191ED4OUT,1259,238,11,2,2,1140,298,72
0,_191,_21191ED4WIL,_21191ED4WIL,0,0,0,0,0,0,0,0
0,_191,_21191ED5BUT,_21191ED5BUT,150,45,0,0,0,132,54,8
0,_193,_21193,_21193,8129,2356,100,29,12,7390,2788,375
0,_195,_21195,_21195,20284,4866,154,47,26,18366,6017,883
0,_197,_2119700A101,_2119700A101,397,116,3,0,0,338,141,35
0,_197,_2119700A102,_2119700A102,494,163,6,0,2,442,191,30
0,_197,_2119700B101,_2119700B101,261,79,4,2,1,231,97,17
0,_197,_2119700B102,_2119700B102,545,138,16,2,2,501,169,34
0,_197,_2119700C101,_2119700C101,349,119,3,1,1,315,135,24
0,_197,_2119700C102,_2119700C102,383,147,9,3,1,348,170,25
0,_197,_2119700D101,_2119700D101,420,172,6,1,0,373,203,21
0,_197,_2119700D102,_2119700D102,173,80,0,0,1,146,95,13
0,_197,_2119700D103,_2119700D103,98,53,2,0,0,92,55,6
0,_197,_2119700E101,_2119700E101,492,175,11,3,3,455,197,30
0,_197,_2119700E102,_2119700E102,429,125,7,4,3,401,138,25
0,_199,_21199,_21199,25442,5666,323,78,31,23900,6120,1496
0,_201,_21201,_21201,884,253,6,2,1,796,288,55
0,_203,_2120300A101,_2120300A101,940,162,10,5,0,874,177,57
0,_203,_2120300A102,_2120300A102,442,71,1,2,0,421,74,19
0,_203,_2120300B101,_2120300B101,441,69,4,3,0,422,71,23
0,_203,_2120300B102,_2120300B102,658,125,3,0,0,631,129,23
0,_203,_2120300C101,_2120300C101,752,94,0,0,3,710,111,30
0,_203,_2120300C102,_2120300C102,629,99,5,0,0,603,100,31
0,_203,_2120300C103,_2120300C103,185,11,3,1,0,177,17,6
0,_203,_2120300D101,_2120300D101,750,149,11,0,0,698,165,43
0,_203,_2120300D102,_2120300D102,388,84,3,0,0,376,83,15
0,_203,_2120300D103,_2120300D103,106,46,2,0,0,96,53,5
0,_203,_2120300E101,_2120300E101,426,77,6,1,0,396,84,29
0,_203,_2120300E102,_2120300E102,378,39,2,1,0,349,47,20
0,_203,_2120300E103,_2120300E103,243,44,3,0,0,224,49,13
0,_203,_2120300E104,_2120300E104,83,24,2,0,0,79,24,6
0,_203,_2120300E105,_2120300E105,156,40,1,0,0,138,41,16
0,_205,_21205MOREH1,_21205MOREH1,621,942,24,7,2,570,977,54
0,_205,_21205MOREH2,_21205MOREH2,109,144,5,0,0,93,155,11
0,_205,_21205ROWED1,_21205ROWED1,785,440,15,2,1,694,474,73
0,_205,_21205ROWED2,_21205ROWED2,2217,1232,48,7,7,2049,1319,142
0,_205,_21205ROWED3,_21205ROWED3,1442,637,32,8,3,1278,722,104
0,_205,_21205ROWED4,_21205ROWED4,820,485,13,7,3,719,528,80
0,_207,_21207,_21207,7519,1331,84,11,9,6919,1552,461
0,_209,_21209,_21209,17767,10567,480,90,52,16408,11251,1314
0,_211,_21211ED0OUT,_21211ED0OUT,5453,2281,98,20,6,5225,2328,321
0,_211,_21211ED0SHE,_21211ED0SHE,441,254,8,2,5,401,275,37
0,_211,_21211ED1SIM,_21211ED1SIM,1015,558,21,5,3,940,580,92
0,_211,_21211ED2OUT,_21211ED2OUT,1577,1120,35,4,6,1434,1156,156
0,_211,_21211ED2SHE,_21211ED2SHE,1201,968,35,9,3,1104,983,133
0,_211,_21211ED3OUT,_21211ED3OUT,3322,1129,52,9,12,3099,1195,226
0,_211,_21211ED3SHE,_21211ED3SHE,337,196,3,1,0,323,198,19
0,_211,_21211ED4PLE,_21211ED4PLE,11,7,0,0,0,11,6,1
0,_211,_21211ED5OUT,_21211ED5OUT,87,110,4,1,0,74,118,10
0,_211,_21211ED5SHE,_21211ED5SHE,1611,1454,46,22,3,1502,1493,154
0,_213,_21213,_21213,5888,2681,128,17,18,5302,2976,421
0,_215,_21215CD02,_21215CD02,2469,636,32,2,4,2229,727,170
0,_215,_21215CD04,_21215CD04,6268,1894,92,19,13,5797,2100,384
0,_217,_21217,_21217,9376,2963,119,35,19,8637,3279,582
0,_219,_2121900A101,_2121900A101,308,31,3,2,1,266,46,22
0,_219,_2121900A102,_2121900A102,350,41,4,1,1,310,56,16
0,_219,_2121900A103,_2121900A103,289,22,3,1,0,249,37,17
0,_219,_2121900B102,_2121900B102,358,27,7,1,1,321,40,27
0,_219,_2121900B104,_2121900B104,91,10,1,0,0,77,15,12
0,_219,_2121900B10X,_2121900B10X,529,57,5,1,1,464,79,38
0,_219,_2121900C101,_2121900C101,436,238,7,3,4,386,282,34
0,_219,_2121900C102,_2121900C102,397,118,8,2,2,355,143,31
0,_219,_2121900D101,_2121900D101,94,68,2,0,0,83,79,9
0,_219,_2121900D102,_2121900D102,689,256,9,2,1,612,303,36
0,_219,_2121900E10X,_2121900E10X,521,337,11,6,1,444,384,66
0,_221,_21221,_21221,5487,1791,75,8,14,5000,2034,334
0,_223,_21223ED0OUT,_21223ED0OUT,918,309,14,3,4,817,370,58
0,_223,_21223ED1MIL,_21223ED1MIL,172,59,5,1,0,157,68,13
0,_223,_21223ED1OUT,_21223ED1OUT,669,176,12,1,2,604,208,44
0,_223,_21223ED2MIL,_21223ED2MIL,53,14,0,0,0,49,15,3
0,_223,_21223ED3BED,_21223ED3BED,76,30,3,0,2,68,35,8
0,_223,_21223ED4BED,_21223ED4BED,11,10,0,0,0,8,12,1
0,_223,_21223ED4OUT,_21223ED4OUT,627,170,12,3,1,554,201,54
0,_223,_21223ED5BED,_21223ED5BED,72,26,4,0,0,55,33,12
0,_223,_21223ED5OUT,_21223ED5OUT,629,218,10,2,1,577,241,37
0,_225,_21225,_21225,4965,1529,67,9,6,4351,1803,399
0,_227,_21227,_21227,31791,22479,823,184,77,29719,23347,2367
0,_229,_21229CD01,_21229CD01,205,50,5,0,1,189,54,14
0,_229,_21229CD02,_21229CD02,4277,1594,67,11,13,3918,1715,303
0,_231,_21231,_21231,7430,1700,69,29,12,6689,1978,483
0,_233,_21233,_21233,4506,1412,54,16,3,4029,1600,347
0,_235,_21235,_21235,12567,2552,177,34,17,11634,2887,777
0,_237,_21237,_21237,2097,839,21,9,13,1912,945,124
0,_239,_21239,_21239,8362,6530,237,50,32,8119,6612,518
