IS_AUDITED,COUNTY_NAME,PRECINCT_NAME,PRECINCT_CODE,USA_SD_20201103_GEN_PRE_REP_TRUMP,USA_SD_20201103_GEN_PRE_DEM_BIDEN,USA_SD_20201103_GEN_PRE_LIB_JORGENSEN,USA_SD_20201103_GEN_USS_REP_ROUNDS,USA_SD_20201103_GEN_USS_DEM_AHLERS,USA_SD_20201103_GEN_HAL_REP_JOHNSON,USA_SD_20201103_GEN_HAL_DEM_LUALLIN,USA_SD_20201103_GEN_PUC_REP_HANSON,USA_SD_20201103_GEN_PUC_DEM_EAGLE,USA_SD_20201103_GEN_PUC_LIB_SAXON
0,_003,_Precinct 01,_0VTD-1,254,57,8,247,72,287,23,262,36,13
0,_003,_Precinct 02,_0VTD-2,128,17,1,119,30,130,15,125,13,5
0,_003,_Precinct 03,_0VTD-3,307,96,18,279,142,369,46,304,66,22
0,_003,_Precinct 05,_0VTD-5,130,58,1,126,65,162,22,134,38,6
0,_003,_Precinct 07,_0VTD-7,233,89,8,231,94,276,38,248,54,9
0,_005,_Precinct 01,_VTD-01,897,350,25,928,342,1050,170,929,234,55
0,_005,_Precinct 02,_VTD-02,364,237,24,406,216,436,143,361,191,49
0,_005,_Precinct 03,_VTD-03,337,220,22,367,210,449,93,381,148,27
0,_005,_Precinct 12,_VTD-12,722,182,8,721,198,797,104,717,122,38
0,_005,_Precinct 15,_VTD-15,298,57,3,303,58,328,24,302,39,6
0,_005,_Precinct 17,_VTD-17,209,74,13,218,79,254,34,209,56,10
0,_005,_Precinct 7-1,_VTDW71,548,238,29,593,226,687,96,595,153,31
0,_005,_Precinct 7-2,_VTDW72,531,286,12,583,247,681,107,611,163,28
0,_005,_Precinct 8-1,_VTDW81,396,242,16,446,212,553,73,468,145,22
0,_005,_Precinct 8-2,_VTDW82,506,221,14,539,198,622,92,558,121,35
0,_007,_Allen,_0VTD-1,59,194,4,81,172,103,121,59,176,12
0,_007,_Vetal-Tuthill,_0VTD-4,152,17,1,147,18,151,10,136,15,4
0,_007,_Martin City,_VTD-05,214,143,9,227,136,264,80,197,131,18
0,_007,_Martin Rural 26/27,_VTD-27,269,112,9,274,111,289,77,239,107,17
0,_009,_Precinct 01 Scotland,_0VTD-1,460,105,5,442,126,501,56,465,67,19
0,_009,_Precinct 02 Avon,_0VTD-2,389,110,9,373,132,435,60,377,79,27
0,_009,_Precinct 03 Tyndall,_0VTD-3,484,223,12,481,233,578,111,482,143,38
0,_009,_Precinct 04 Tabor,_0VTD-4,403,154,7,365,201,461,86,369,116,26
0,_009,_Precinct 05 Springfield,_0VTD-5,499,129,12,495,142,544,76,500,86,27
0,_011,_Precinct 01,_0VTD-1,313,272,26,344,256,421,124,334,196,42
0,_011,_Precinct 02,_0VTD-2,418,480,35,459,451,561,219,445,345,56
0,_011,_Precinct 03,_0VTD-3,412,490,40,453,461,553,224,439,352,64
0,_011,_Precinct 04,_0VTD-4,744,747,46,818,703,1000,341,793,537,74
0,_011,_Precinct 05,_0VTD-5,1464,1216,85,1609,1143,1966,555,1560,873,138
0,_011,_Precinct 06,_0VTD-6,1272,971,71,1398,913,1707,444,1355,697,115
0,_011,_Precinct 08,_0VTD-8,446,301,21,491,283,599,137,476,216,33
0,_011,_Precinct 09,_0VTD-9,474,243,22,521,228,636,111,505,174,35
0,_011,_Precinct 10,_VTD-10,411,195,17,452,183,552,89,438,140,28
0,_011,_Precinct 11,_VTD-11,460,304,30,505,286,617,139,490,219,48
0,_011,_Precinct 12,_VTD-12,197,79,5,216,74,264,36,209,56,8
0,_011,_Precinct 13,_VTD-13,160,91,6,175,86,214,42,170,66,9
0,_011,_Precinct 14,_VTD-14,802,502,33,882,473,1078,230,855,361,53
0,_011,_Precinct 15,_VTD-15,102,81,4,112,76,137,37,108,58,6
0,_011,_Precinct 16,_VTD-16,325,138,16,357,130,436,63,346,99,26
0,_013,_Precinct 01,_0VTD-1,806,502,34,851,482,1044,218,847,348,65
0,_013,_Precinct 02,_0VTD-2,397,320,19,419,307,515,139,417,222,36
0,_013,_Precinct 03,_0VTD-3,907,569,39,958,547,1175,247,953,394,73
0,_013,_Precinct 04,_0VTD-4,395,281,23,417,270,512,122,415,195,44
0,_013,_Precinct 05,_0VTD-5,279,244,21,295,235,362,106,294,169,40
0,_013,_Precinct 06,_0VTD-6,1286,677,45,1358,651,1666,294,1352,470,85
0,_013,_Precinct 07,_0VTD-7,1346,668,47,1420,642,1743,291,1414,463,90
0,_013,_Precinct 08,_0VTD-8,642,463,38,678,445,832,201,675,321,72
0,_013,_Precinct 09,_0VTD-9,590,316,22,622,304,764,137,619,219,41
0,_013,_Precinct 10,_VTD-10,265,205,18,280,197,343,89,279,142,35
0,_013,_Precinct 11,_VTD-11,358,282,19,378,271,464,123,376,195,36
0,_013,_Precinct 12,_VTD-12,484,196,14,511,189,627,85,509,136,27
0,_013,_Precinct 13,_VTD-13,232,157,8,245,151,300,68,243,109,15
0,_013,_Precinct 14,_VTD-14,143,127,6,151,122,185,55,150,88,11
0,_013,_Precinct 15,_VTD-15,694,283,19,732,272,899,123,729,196,36
0,_013,_Precinct 16,_VTD-16,260,116,7,275,111,337,50,274,80,13
0,_013,_Precinct 17,_VTD-17,373,255,11,394,245,484,111,392,177,20
0,_013,_Precinct 18,_VTD-18,136,116,4,143,111,176,50,143,80,8
0,_013,_Precinct 19,_VTD-19,652,427,22,688,410,844,186,685,296,42
0,_013,_Precinct 20,_VTD-20,80,72,3,85,70,104,32,84,50,6
0,_013,_Precinct 21,_VTD-21,124,138,4,130,132,160,60,130,95,8
0,_013,_Precinct 22,_VTD-22,131,124,6,138,119,170,54,138,86,11
0,_015,_Precinct 01,_0VTD-1,836,452,40,859,469,1066,210,866,325,75
0,_015,_Precinct 02,_0VTD-2,449,98,12,424,137,492,58,430,73,24
0,_015,_Precinct 03,_0VTD-3,305,94,10,297,110,341,52,317,63,18
0,_015,_Precinct 04,_0VTD-4,72,13,3,69,18,80,6,66,15,6
0,_015,_Precinct 05,_0VTD-5,88,16,2,86,22,94,12,95,10,1
0,_017,_Precinct 01,_0VTD-1,98,22,1,89,31,104,13,101,11,2
0,_017,_Precinct 02,_0VTD-2,39,44,0,45,37,61,18,32,45,1
0,_017,_Precinct 03,_0VTD-3,46,286,13,89,254,141,165,41,284,12
0,_019,_Precinct 06,_0VTD-6,41,2,1,38,7,39,3,41,1,1
0,_019,_Precinct 08/13/14,_0VTD-8,477,70,13,469,89,472,77,442,67,31
0,_019,_Precinct 11,_VTD-11,64,10,0,65,10,63,8,60,9,5
0,_019,_Precinct 12,_VTD-12,90,14,0,87,16,87,13,86,12,3
0,_019,_Precinct 16,_VTD-16,649,131,18,653,140,663,112,619,108,39
0,_019,_Precinct 17,_VTD-17,349,60,7,345,65,362,40,333,42,24
0,_019,_Precinct 18,_VTD-18,88,25,11,97,27,93,27,84,22,13
0,_019,_Precinct 20,_VTD-20,199,38,5,195,46,196,44,179,40,17
0,_019,_Precinct 21,_VTD-21,189,81,7,198,79,217,47,173,67,24
0,_019,_Precinct 22,_VTD-22,151,62,11,164,59,166,47,138,57,22
0,_019,_Precinct 23,_VTD-23,174,56,10,182,52,183,46,171,39,17
0,_019,_Precinct 24,_VTD-24,259,90,18,271,92,292,60,251,70,28
0,_019,_Precinct 25,_VTD-25,303,85,5,318,73,354,28,307,57,13
0,_019,_Precinct 26,_VTD-26,197,51,12,199,58,212,40,186,45,16
0,_019,_Precinct 27,_VTD-27,201,57,5,208,52,220,34,197,31,23
0,_019,_Precinct 28,_VTD-28,300,107,9,320,96,358,46,310,70,18
0,_021,_Precinct 01 Herreid,_0VTD-1,129,24,2,128,25,137,12,128,15,6
0,_021,_Precinct 02,_0VTD-2,150,29,2,155,26,160,17,151,17,7
0,_021,_Precinct 03,_0VTD-3,151,20,1,150,22,162,10,149,15,3
0,_021,_Precinct 04,_0VTD-4,148,24,2,148,24,155,12,145,14,2
0,_021,_Precinct 05,_0VTD-5,169,20,2,164,25,176,13,161,14,8
0,_023,_Precinct 01,_0VTD-1,314,156,6,303,173,348,109,298,148,14
0,_023,_Precinct 02,_0VTD-2,134,65,2,127,74,151,44,134,57,5
0,_023,_Precinct 04,_0VTD-4,73,124,2,83,116,97,88,78,116,1
0,_023,_Precinct 05,_0VTD-5,229,133,2,220,143,261,76,219,123,9
0,_023,_Precinct 07 Pickstown,_0VTD-7,94,46,1,93,49,121,16,105,29,4
0,_023,_Precinct 08,_0VTD-8,159,21,4,148,35,171,10,154,15,6
0,_023,_Precinct 09,_0VTD-9,345,55,3,341,65,365,23,340,39,11
0,_023,_Precinct 10,_VTD-10,134,11,5,134,17,141,6,134,8,2
0,_023,_Precinct 11 Platte,_VTD11,577,130,10,595,129,667,51,602,81,12
0,_023,_Precinct 12 Geddes,_VTD12,74,13,5,64,28,76,13,69,20,0
0,_023,_Precinct 13,_VTD-13,52,29,0,51,31,56,18,50,26,1
0,_023,_Precinct 03 Wagner,_VTD-3,266,267,12,281,267,336,168,256,249,23
0,_023,_Precinct 06 Lake Andes,_VTD-6,101,127,2,102,132,131,81,93,125,9
0,_025,_Precinct 01,_00VTD1,120,41,7,125,42,137,24,116,23,16
0,_025,_Precinct 02,_00VTD2,101,40,1,104,35,109,23,99,20,9
0,_025,_Precinct 03,_00VTD3,78,21,4,78,25,89,9,79,14,4
0,_025,_Precinct 04,_00VTD4,97,26,1,96,28,107,13,93,20,6
0,_025,_Precinct 05/06,_00VTD6,175,50,4,179,50,207,16,178,33,7
0,_025,_Precinct 07,_00VTD7,94,29,2,98,30,109,15,100,18,6
0,_025,_Precinct 08,_00VTD8,105,33,2,107,32,121,15,109,21,3
0,_025,_Precinct 09,_00VTD9,90,7,3,93,7,92,5,89,6,2
0,_025,_Precinct 10,_0VTD10,88,21,2,82,31,96,13,87,18,4
0,_025,_Precinct 11 Clark Ward 1,_VTD-W1,126,51,4,124,56,148,26,122,32,13
0,_025,_Precinct 12 Clark Ward 2,_VTD-W2,120,50,4,119,51,138,32,118,38,9
0,_025,_Precinct 13 Clark Ward 3,_VTD-W3,179,68,6,192,63,218,31,192,32,16
0,_027,_Precinct C1/C2,_VTD-C1,156,460,20,205,428,299,237,179,374,38
0,_027,_Precinct E1/E2,_VTDNE1,206,306,22,251,273,304,178,218,236,35
0,_027,_Precinct W1/W2,_VTDNW1,444,634,32,519,577,676,315,477,521,54
0,_027,_Precinct S1/S2,_VTDSE1,547,934,44,674,850,979,358,688,672,54
0,_027,_Precinct 01,_VTD-W1,297,123,6,313,118,370,49,318,77,10
0,_027,_Precinct 02,_VTD-W2,250,134,12,258,134,310,64,265,80,24
0,_027,_Precinct 03,_VTD-W3,556,492,23,637,427,812,177,633,339,37
0,_029,_Eden/Phipps/Wallace,_0VTD-2,99,32,5,92,43,119,17,93,25,8
0,_029,_Kampeska/Richland,_0VTD-2,187,61,2,193,60,224,20,196,38,6
0,_029,_Graceland/Henry,_0VTD-2,184,38,10,191,44,206,23,180,23,17
0,_029,_Fuller/Florence,_0VTD-2,229,69,7,228,75,261,34,214,52,12
0,_029,_Germantown/Rauville,_0VTD-3,191,56,8,183,69,208,39,171,42,15
0,_029,_Dexter,_0VTD-3,90,21,3,84,28,101,8,80,15,7
0,_029,_Leola/South Shore,_0VTD-5,93,47,4,106,38,122,20,104,24,10
0,_029,_Elmira,_0VTD-5,167,87,3,184,73,209,36,189,42,9
0,_029,_Kranzburg,_0VTD-5,214,38,4,207,47,232,19,213,22,7
0,_029,_Waverly,_0VTD-5,83,25,3,79,32,92,14,85,17,4
0,_029,_Sheridan,_0VTD-5,180,52,8,190,49,200,32,185,31,13
0,_029,_Watertown Ward A1,_VTD-A1,807,306,26,875,269,985,122,868,156,45
0,_029,_Watertown Ward A2,_VTD-A2,339,206,15,391,167,451,79,398,109,22
0,_029,_Watertown Ward A3/A4,_VTD-A3,522,230,18,558,208,634,91,551,127,41
0,_029,_Watertown Ward B1/B4/E5,_VTD-B1,558,228,19,608,197,685,90,604,123,29
0,_029,_Watertown Ward B2,_VTD-B2,558,358,40,620,334,722,188,593,231,59
0,_029,_Watertown Ward B3/C1,_VTD-B3,444,215,18,472,204,545,97,469,129,32
0,_029,_Watertown Ward C2/D4,_VTD-C2,242,165,18,252,162,301,92,241,126,23
0,_029,_Watertown Ward C3/C4/Pelican,_VTD-C3,908,431,57,948,418,1044,262,904,287,94
0,_029,_Watertown Ward D1,_VTD-D1,413,180,11,440,165,491,81,426,111,30
0,_029,_Watertown Ward D2,_VTD-D2,356,148,20,379,145,405,92,346,111,32
0,_029,_Watertown Ward D3,_VTD-D3,278,149,12,300,139,339,72,283,104,22
0,_029,_Watertown Ward E1/E4/Lake,_VTD-E1,951,387,38,985,392,1079,237,968,261,70
0,_029,_Watertown Ward E2/E3,_VTD-E2,865,308,17,914,268,1030,116,924,146,39
0,_031,_South McIntosh,_VTD-AR,26,3,0,25,4,24,3,24,2,1
0,_031,_Bullhead,_VTD-BH,3,61,0,8,53,13,33,4,58,1
0,_031,_Oak Creek,_VTD-BU,29,32,1,37,25,38,18,30,30,2
0,_031,_West Rural McLaughlin,_VTD-CD,26,65,0,35,53,38,35,26,63,1
0,_031,_Grand Valley,_VTD-GV,76,4,0,73,7,77,3,75,4,1
0,_031,_Kenel,_VTD-KN,11,64,0,11,61,19,34,8,61,2
0,_031,_Lincoln,_VTD-LC,30,8,1,32,7,32,6,27,8,1
0,_031,_Little Eagle,_VTD-LE,19,70,2,27,62,37,44,16,67,3
0,_031,_Stone Church,_VTD-LO,93,8,0,91,10,94,6,84,10,0
0,_031,_McIntosh,_VTD-MI,101,26,4,107,25,114,12,102,20,5
0,_031,_Morristown,_VTD-MT,111,18,0,111,19,112,12,104,13,7
0,_031,_Ridgeland,_VTD-RL,49,13,0,47,13,46,10,45,15,1
0,_031,_McLaughlin,_VTD-SM,62,146,4,67,139,80,90,52,148,6
0,_031,_Wakpala,_VTD-WK,11,104,2,10,105,31,59,8,106,2
0,_033,_Precinct 06 Custer Ward 1,_VTD6-1,260,146,10,275,141,301,91,260,114,29
0,_033,_Precinct 07 Custer Ward 2,_VTD7-1,160,80,7,161,81,187,47,151,66,18
0,_033,_Precinct 08 Custer Ward 3,_VTD8-1,312,175,12,331,171,394,80,311,138,24
0,_033,_Precinct 03 Buffalo Gap,_VTD-BG,150,59,2,150,54,167,31,142,53,6
0,_033,_Precinct 09 Bear Rock,_VTD-BR,963,404,35,1011,387,1120,219,942,325,72
0,_033,_Precinct 10 Elk Mountain,_VTD-EM,134,42,5,139,40,137,34,123,41,9
0,_033,_Precinct 02 Fairburn,_VTD-FB,146,26,5,147,28,156,21,138,23,9
0,_033,_Precinct 01 Hermosa,_VTD-HE,863,249,25,884,249,928,165,817,201,59
0,_033,_Precinct 04 Pringle,_VTD-PR,341,129,2,338,124,360,89,321,106,24
0,_033,_Precinct 05 Sentinel Hill,_VTD-SD,523,212,17,537,208,586,125,487,176,51
0,_035,_Precinct 12/13/14,_0VTD12,677,355,24,724,327,840,164,707,229,59
0,_035,_Precinct 15/16/17/18,_0VTD15,764,478,38,814,458,1038,193,856,294,66
0,_035,_Precinct 19/20,_0VTD19,772,432,26,820,403,1051,139,872,246,45
0,_035,_Precinct 06/07/08,_VTD-06,912,491,29,969,459,1200,175,1014,296,61
0,_035,_Precinct 09/10/11,_VTD-09,858,449,34,915,425,1089,204,886,305,81
0,_035,_Precinct 01/02/03,_VTD-C1,1073,268,23,1071,299,1221,122,1093,155,61
0,_035,_Precinct 04/05,_VTD-C4,557,175,19,580,169,662,72,582,106,33
0,_037,_Precinct 05 Waubay Ward 1/2,_0VTD-5,134,59,1,132,62,160,31,134,48,6
0,_037,_Precinct 06 Waubay Ward 3,_0VTD-6,158,143,4,158,147,206,77,171,117,7
0,_037,_Precinct 01 Webster Ward 1,_VTD1W1,148,96,2,164,84,197,31,174,49,13
0,_037,_Precinct 02 Webster Ward 2/3,_VTD2W2,185,86,6,193,86,221,46,183,61,16
0,_037,_Precinct 03 Webster Ward 4,_VTD3W3,105,55,3,112,53,136,23,114,28,9
0,_037,_Precinct 04 Webster Ward 5,_VTD4W1,125,73,0,125,70,153,30,142,32,8
0,_037,_Precinct 10 AT,_VTD-AT,76,28,0,71,33,93,10,76,19,4
0,_037,_Precinct 14 BR,_VTD-BR,162,85,6,167,89,207,38,173,49,8
0,_037,_Precinct 09 BW,_VTD-BW,161,70,1,162,67,186,32,175,36,7
0,_037,_Precinct 12 FP,_VTD-FP,129,92,7,137,93,174,43,148,57,10
0,_037,_Precinct 13 GK,_VTD-GK,126,79,5,138,72,168,33,136,49,13
0,_037,_Precinct 08 LT,_VTD-LT,82,45,5,77,58,107,23,85,36,8
0,_037,_Precinct 11 RR,_VTD-RR,156,77,1,142,86,185,34,163,43,8
0,_037,_Precinct 07 RW,_VTD-RW,122,64,2,117,69,143,34,125,42,10
0,_039,_Precinct 01,_0VTD-1,117,51,1,120,46,146,16,122,25,8
0,_039,_Precinct 03,_0VTD-3,241,81,7,248,83,288,40,250,52,16
0,_039,_Precinct 04,_0VTD-4,136,46,5,139,47,161,25,136,23,20
0,_039,_Precinct 05,_0VTD-5,130,74,10,138,75,174,30,146,46,10
0,_039,_Precinct 06,_0VTD-6,139,62,1,145,59,178,21,150,42,3
0,_039,_Precinct 07,_0VTD-7,158,42,5,153,50,172,26,155,26,11
0,_039,_Precinct 08,_0VTD-8,237,70,3,233,75,265,44,219,64,14
0,_039,_Precinct 09,_0VTD-9,235,65,3,229,73,262,33,228,43,15
0,_039,_Precinct 10,_VTD-10,141,50,2,144,50,170,20,144,37,6
0,_039,_Precinct 11,_VTD-11,165,68,5,165,70,189,39,154,58,12
0,_041,_Precinct 02,_0VTD-2,42,2,2,43,3,38,8,39,2,4
0,_041,_Precinct 03/04,_0VTD-3,270,99,12,277,97,289,67,251,94,10
0,_041,_Precinct 05,_0VTD-5,48,17,0,40,22,46,15,37,17,5
0,_041,_Precinct 06,_0VTD-6,119,24,1,113,31,120,15,114,21,1
0,_041,_Precinct 07,_0VTD-7,33,250,7,56,231,83,154,23,253,8
0,_041,_Precinct 08,_0VTD-8,10,54,2,15,51,26,33,6,60,1
0,_041,_Precinct 09,_0VTD-9,28,47,1,34,41,41,26,22,48,5
0,_041,_Precinct 10/11,_VTD-10,14,91,4,20,88,36,60,14,82,8
0,_041,_Precinct 12/13,_VTD-13,90,167,6,109,154,138,97,77,178,6
0,_041,_Precinct 14,_VTD-14,60,261,7,88,239,130,157,45,269,10
0,_041,_Precinct 15,_VTD-15,76,119,3,89,105,118,61,66,125,5
0,_043,_Precinct 01,_0VTD-1,382,15,0,374,35,389,19,365,12,11
0,_043,_Precinct 02,_0VTD-2,286,67,3,282,75,328,15,302,23,7
0,_043,_Precinct 03,_0VTD-3,273,49,3,275,44,291,22,271,40,5
0,_043,_Precinct 04 Armour,_0VTD-4,218,62,14,226,58,242,35,228,28,10
0,_043,_Precinct 05,_0VTD-5,309,23,3,312,23,318,15,309,18,3
0,_045,_Precinct 01,_000001,355,118,5,358,118,412,43,369,69,16
0,_045,_Precinct 02,_000002,306,86,6,310,93,347,50,296,58,20
0,_045,_Precinct 03,_000003,256,51,5,261,53,289,18,254,42,7
0,_045,_Precinct 04,_000004,199,60,9,196,70,229,29,193,42,15
0,_045,_Precinct 05,_000005,302,67,5,301,73,335,26,309,42,7
0,_045,_Precinct 06,_000006,120,35,0,113,41,129,18,112,27,6
0,_047,_Beaver,_VTD-BE,131,12,4,132,12,130,14,121,9,15
0,_047,_Cascade,_VTD-CA,158,41,4,164,37,155,40,150,31,13
0,_047,_Edgemont,_VTD-ED,472,102,16,487,102,494,77,450,79,38
0,_047,_Hot Springs 1,_VTD-H1,294,160,18,320,150,348,109,298,135,25
0,_047,_Hot Springs 2,_VTD-H2,326,167,16,350,151,380,104,317,127,30
0,_047,_Hot Springs 3,_VTD-H3,270,161,19,285,162,316,112,271,134,32
0,_047,_Hot Springs 4,_VTD-H4,226,124,11,241,114,263,69,205,107,29
0,_047,_Jackson,_VTD-JA,803,257,18,827,240,857,183,787,193,63
0,_047,_Oelrichs,_VTD-OE,198,29,5,203,25,199,27,190,21,9
0,_049,_Precinct 01,_0VTD-1,146,34,1,147,34,161,16,144,21,3
0,_049,_Precinct 02,_0VTD-2,116,9,1,115,13,118,5,109,9,2
0,_049,_Precinct 03,_0VTD-3,110,19,1,107,23,116,9,106,14,3
0,_049,_Precinct 04,_0VTD-4,83,14,1,81,17,86,11,80,10,4
0,_049,_Precinct 05,_0VTD-5,101,17,0,95,21,105,10,96,14,4
0,_049,_Precinct 06,_0VTD-6,196,43,4,202,42,224,15,192,26,11
0,_049,_Precinct 07,_0VTD-7,212,62,12,228,63,255,24,215,39,12
0,_051,_Precinct 46,_0VDT46,156,55,9,167,51,199,19,170,40,7
0,_051,_Precinct 41,_0VTD41,157,89,2,159,91,187,47,163,65,10
0,_051,_Precinct 42,_0VTD42,230,79,2,238,71,272,27,238,39,16
0,_051,_Precinct 43,_0VTD43,311,127,11,326,121,357,71,314,80,23
0,_051,_Precinct 44,_0VTD44,99,33,0,102,30,114,15,106,18,2
0,_051,_Precinct 45,_0VTD45,106,49,2,107,51,132,20,114,34,5
0,_051,_Precinct 47,_0VTD47,194,34,6,193,41,214,20,191,19,16
0,_051,_Precinct 49,_0VTD49,92,26,2,87,31,105,12,96,16,6
0,_051,_Precinct 52,_0VTD52,70,24,3,71,23,77,14,67,15,6
0,_051,_Precinct 53,_0VTD53,42,12,0,42,13,44,9,36,14,1
0,_051,_Precinct 54,_0VTD54,125,47,5,129,49,157,20,126,33,8
0,_051,_Precinct 1-1,_VTD1-1,251,109,12,266,102,304,50,252,84,15
0,_051,_Precinct 1-2,_VTD1-2,52,23,0,51,27,61,14,56,13,1
0,_051,_Precinct 2-1,_VTD2-1,69,33,4,77,30,92,9,76,14,9
0,_051,_Precinct 2-2,_VTD2-2,271,123,6,291,115,345,47,296,71,13
0,_051,_Precinct 3-1,_VTD3-1,44,19,0,45,20,53,8,47,12,4
0,_051,_Precinct 3-2,_VTD3-2,77,34,1,78,32,97,13,87,20,3
0,_051,_Precinct 3-3,_VTD3-3,272,140,6,294,128,354,47,286,84,18
0,_053,_Precinct 01,_0VTD-1,805,198,21,807,212,910,79,790,157,31
0,_053,_Precinct 02,_0VTD-2,643,171,5,633,190,735,70,625,142,17
0,_053,_Precinct 03,_0VTD-3,323,86,6,326,86,364,30,317,59,12
0,_055,_Precinct 01,_0VTD-1,88,4,1,89,5,90,4,92,2,0
0,_055,_Precinct 04,_0VTD-4,132,8,0,132,11,134,6,125,8,2
0,_055,_Precinct 16,_VTD-16,199,23,3,200,23,207,13,198,20,3
0,_055,_Precinct 17,_VTD-17,199,30,1,207,21,211,12,206,9,2
0,_055,_Precinct 19,_VTD-19,207,21,1,204,26,212,14,202,14,7
0,_055,_Precinct 20,_VTD-20,201,19,0,200,20,207,10,192,9,4
0,_057,_Precinct 23 Bryant,_VTD-BY,264,64,4,267,64,294,27,274,34,9
0,_057,_Precinct 21 Castlewood,_VTD-CW,564,190,20,575,196,637,110,565,114,44
0,_057,_Precinct 25 Estelline,_VTD-ES,324,185,23,340,190,420,92,351,128,19
0,_057,_Precinct 26 Hayti,_VTD-HI,391,40,4,393,43,403,28,384,26,9
0,_057,_Precinct 22 Hazel,_VTD-HZ,132,11,1,132,11,137,7,124,9,6
0,_057,_Precinct 24 Lake Norden,_VTD-ND,550,139,9,563,133,603,83,543,99,23
0,_057,_Precinct 02 Oxford,_VTD-OX,147,18,3,143,20,150,12,143,11,3
0,_059,_Precinct 01,_0VTD-1,120,19,1,117,24,129,9,116,17,2
0,_059,_Precinct 02,_0VTD-2,74,10,3,71,16,77,8,74,11,3
0,_059,_Precinct 03,_0VTD-3,72,9,1,76,10,81,5,76,1,4
0,_059,_Precinct 04,_0VTD-4,30,7,2,35,4,37,2,34,1,3
0,_059,_Precinct 05,_0VTD-5,153,24,5,158,26,171,4,158,14,7
0,_059,_Precinct 06,_0VTD-6,149,53,4,152,54,169,26,143,39,12
0,_059,_Precinct 07,_0VTD-7,98,27,1,93,33,106,16,94,24,4
0,_059,_Precinct 08,_0VTD-8,14,4,0,16,5,18,2,15,5,0
0,_059,_Precinct 09,_0VTD-9,82,4,0,75,11,81,5,78,5,0
0,_059,_Precinct 10,_VTD-10,42,5,0,42,7,44,3,41,5,1
0,_059,_Precinct 11,_VTD-11,275,88,7,300,78,332,39,300,57,11
0,_059,_Precinct 12,_VTD-12,324,123,6,345,110,402,40,356,66,11
0,_061,_Precinct 01,_0VTD-1,787,323,19,802,305,848,150,750,262,31
0,_061,_Precinct 02,_0VTD-2,297,113,7,293,120,348,51,317,68,10
0,_061,_Precinct 03,_0VTD-3,245,58,6,244,66,267,31,244,32,14
0,_061,_Precinct 04,_0VTD-4,271,44,5,266,51,270,38,261,28,18
0,_061,_Precinct 05,_0VTD-5,193,19,1,191,22,205,5,186,14,3
0,_063,_Precinct 01 Buffalo Town,_VTD-BU,148,14,4,145,18,150,13,135,11,7
0,_063,_Precinct 02 Camp Crook,_VTD-CC,102,15,3,99,22,106,11,88,17,5
0,_063,_Precinct 03 Fillmore,_VTD-FI,53,7,0,55,5,56,2,53,4,2
0,_063,_Precinct 05 Hilton,_VTD-HI,117,7,4,109,13,114,5,108,8,3
0,_063,_Precinct 06 Ladner,_VTD-LA,50,0,0,48,0,48,1,46,0,2
0,_063,_Precinct 07 Ludlow,_VTD-LU,91,2,1,86,6,87,5,84,3,4
0,_063,_Precinct 08 Poplar Grove,_VTD-PG,62,2,0,64,1,62,3,57,1,4
0,_063,_Precinct 09 Reva,_VTD-RE,125,2,4,121,8,124,8,119,6,5
0,_065,_Precinct 05,_0VTD-5,164,74,6,184,63,212,32,183,50,8
0,_065,_Precinct 07,_0VTD-7,94,26,2,106,22,122,11,105,18,3
0,_065,_Precinct 09,_0VTD-9,45,88,3,51,76,58,38,50,60,4
0,_065,_Precinct 11,_VTD-11,1033,365,34,1163,314,1337,157,1152,247,47
0,_065,_Precinct 21 Pierre,_VTD-21,263,227,20,296,196,341,98,293,154,27
0,_065,_Precinct 23 Pierre,_VTD-23,325,232,18,366,200,421,100,362,157,24
0,_065,_Precinct 24 Pierre,_VTD-24,377,282,20,425,243,488,122,420,191,27
0,_065,_Precinct 26 Pierre,_VTD-26,357,205,18,401,177,461,89,397,139,24
0,_065,_Precinct 28 Pierre,_VTD-28,340,207,23,383,179,440,90,380,141,31
0,_065,_Precinct 29 Pierre,_VTD-29,185,144,10,209,124,240,62,206,97,14
0,_065,_Precinct 30 Pierre,_VTD-30,544,330,26,612,285,704,143,606,224,36
0,_065,_Precinct 31 Pierre,_VTD-31,560,245,20,630,212,725,106,624,166,27
0,_065,_Precinct 32 Pierre,_VTD-32,338,142,13,381,123,438,62,377,97,18
0,_065,_Precinct 33 Pierre,_VTD-33,312,144,14,351,124,404,62,348,97,19
0,_065,_Precinct 34 Pierre,_VTD-34,585,242,21,659,208,757,104,652,164,28
0,_067,_Precinct 01,_0VTD-1,656,133,13,672,129,700,82,643,85,23
0,_067,_Precinct 02,_0VTD-2,594,202,20,616,199,678,102,622,128,32
0,_067,_Precinct 03,_0VTD-3,124,30,1,122,31,133,14,124,21,3
0,_067,_Precinct 04,_0VTD-4,452,99,5,438,118,509,40,445,63,14
0,_067,_Precinct 05 Parkston,_0VTD-5,534,215,14,565,194,664,72,582,108,19
0,_067,_Precinct 06,_0VTD-6,376,62,7,375,69,409,29,382,33,13
0,_067,_Precinct 07,_0VTD-7,208,21,1,194,32,208,12,204,11,3
0,_069,_Precinct 01,_0VTD-1,142,18,2,143,19,158,9,141,14,4
0,_069,_Precinct 02,_0VTD-2,120,45,2,121,48,133,23,118,35,4
0,_069,_Precinct 03,_0VTD-3,302,73,6,304,76,337,36,300,56,11
0,_071,_Precinct 01 Cottonwood,_0VTD-1,40,2,0,42,2,42,1,40,1,1
0,_071,_Precinct 02 Interior,_0VTD-2,92,25,0,94,24,101,11,83,21,4
0,_071,_Precinct 03,_0VTD-3,231,21,1,224,31,233,16,223,17,2
0,_071,_Precinct 04 Kadoka Ward 1/2,_0VTD-4,132,30,2,137,25,146,14,130,24,5
0,_071,_Precinct 05,_0VTD-5,85,11,4,78,18,81,12,79,12,6
0,_071,_Precinct 06 Long Valley,_0VTD-6,81,33,3,84,34,85,26,84,26,4
0,_071,_Precinct 07,_0VTD-7,41,203,6,61,189,78,147,37,199,7
0,_071,_Precinct 08 Green Valley,_0VTD-8,36,34,2,36,34,43,26,32,34,5
0,_073,_Precinct 02,_0VTD-2,113,37,0,111,37,130,16,117,30,1
0,_073,_Precinct 03,_0VTD-3,109,34,2,111,32,123,16,118,19,3
0,_073,_Precinct 04,_0VTD-4,70,31,3,68,36,78,21,67,28,5
0,_073,_Precinct 05,_0VTD-5,94,21,2,96,22,111,7,92,21,3
0,_073,_Precinct 01 Wessington Springs,_VTD1-1,335,147,8,334,150,405,55,358,88,12
0,_075,_Precinct 01,_0VTD-1,180,34,4,173,44,186,29,167,31,14
0,_075,_Precinct 03,_0VTD-3,164,36,5,166,36,181,21,159,29,8
0,_075,_Precinct 05,_0VTD-5,154,20,2,158,19,161,15,155,8,4
0,_077,_Iroquois,_VTD-1,143,59,6,146,66,164,39,150,56,2
0,_077,_Arlington,_VTD-21,446,247,19,468,241,568,102,491,174,37
0,_077,_De Smet,_VTD-24,557,226,19,581,224,679,98,614,133,19
0,_077,_Badger,_VTD-4,244,94,8,254,92,303,35,256,43,17
0,_077,_Lake Preston,_VTD-5,352,134,2,359,126,408,61,360,90,8
0,_077,_Oldham,_VTD-6,162,59,2,162,60,192,26,163,45,8
0,_079,_Chester-Franklin,_004301,385,153,9,389,162,468,56,415,89,15
0,_079,_Wentworth-Rutland,_004302,365,162,8,373,164,440,74,396,106,14
0,_079,_Nunda-Summit,_004303,168,41,6,172,43,192,18,176,29,6
0,_079,_Concord-Badus-Wayne-Ramona,_004304,196,77,5,196,85,230,39,204,55,4
0,_079,_Herman-Winfred,_004305,349,154,11,357,161,452,50,377,88,20
0,_079,_Farmington-LeRoy-Clarno-Orland,_004306,278,87,5,275,93,301,44,278,62,10
0,_079,_Lakeview,_004307,356,192,5,354,199,455,64,399,116,15
0,_079,_Madison Ward 1,_004308,749,586,33,808,561,1047,224,848,384,62
0,_079,_Madison Ward 2,_004309,411,319,21,441,313,565,126,462,210,47
0,_079,_Madison Ward 3,_004310,424,297,21,451,288,567,139,459,203,41
0,_081,_Precinct 05 Deadwood,_VTD-DW,285,288,21,312,268,390,120,307,170,52
0,_081,_Precinct 04 Lead,_VTD-LD,819,676,81,906,643,1026,387,812,534,118
0,_081,_Precinct 06 Nemo,_VTD-NM,236,128,9,235,142,280,70,253,98,14
0,_081,_Precinct 07 Rural 1,_VTD-R1,502,166,30,526,177,563,120,469,206,43
0,_081,_Precinct 10 Rural 2,_VTD-R2,2102,875,84,2176,870,2428,488,2097,617,184
0,_081,_Precinct 01 Spearfish 1,_VTD-S1,998,643,81,1091,638,1252,333,1019,498,121
0,_081,_Precinct 02 Spearfish 2,_VTD-S2,1110,731,88,1232,638,1359,399,1117,519,150
0,_081,_Precinct 03 Spearfish 3,_VTD-S3,1257,709,58,1399,602,1563,325,1308,529,109
0,_081,_Precinct 08 St. Onge,_VTD-SO,265,61,9,273,76,293,54,271,51,20
0,_081,_Precinct 09 Whitewood,_VTD-WW,1179,260,77,1235,304,1327,225,1165,211,135
0,_083,_Precinct 02 Norway/Fairview,_VTD-02,203,67,8,200,76,223,41,191,60,18
0,_083,_Precinct 06 Highland/Canton,_VTD-06,384,124,16,388,135,443,62,401,88,14
0,_083,_Precinct 08 Lincoln/Delaware,_VTD-08,171,68,8,170,76,203,35,180,48,8
0,_083,_Precinct 11 Grant,_VTD-11,178,76,6,180,79,226,28,208,35,7
0,_083,_Sioux Falls 01-11,_VTD111,1022,639,20,1169,522,1385,214,1275,335,28
0,_083,_Sioux Falls 01-12,_VTD112,991,815,49,1114,735,1380,371,1137,506,96
0,_083,_Sioux Falls 01-13,_VTD113,391,355,28,419,351,531,194,431,250,57
0,_083,_Sioux Falls 01-14,_VTD114,572,405,34,626,377,763,184,616,261,58
0,_083,_Sioux Falls 01-15,_VTD115,474,504,22,522,469,671,240,546,331,55
0,_083,_Sioux Falls 01-16,_VTD116,458,349,19,480,331,606,165,482,235,54
0,_083,_Sioux Falls 01-18,_VTD118,926,568,32,1025,498,1231,229,1027,359,57
0,_083,_Precinct 12 Dayton,_VTD-12,322,115,9,339,99,381,46,335,66,15
0,_083,_Precinct 13 LaValley,_VTD-13,279,84,4,285,77,321,34,288,44,20
0,_083,_Precinct 14 Perry,_VTD-14,331,156,14,356,140,401,77,351,105,21
0,_083,_Precinct 15 Springdale,_VTD-15,871,343,22,921,319,1049,145,970,189,45
0,_083,_Precinct 16 Delapre,_VTD-16,766,313,19,811,285,934,129,819,193,42
0,_083,_Precinct 20 Canton Ward 1-3,_VTD-20,641,346,27,687,320,821,133,678,217,46
0,_083,_Precinct 21 Hudson/Eden,_VTD-21,180,58,11,184,62,209,27,184,41,9
0,_083,_Sioux Falls 02-10,_VTD210,1080,694,37,1202,608,1444,265,1304,415,45
0,_083,_Sioux Falls 02-11,_VTD211,1218,929,35,1367,820,1693,354,1540,506,73
0,_083,_Sioux Falls 02-12,_VTD212,496,413,18,541,386,655,186,596,264,32
0,_083,_Sioux Falls 02-13,_VTD213,1009,900,45,1130,815,1427,382,1215,567,80
0,_083,_Sioux Falls 02-15,_VTD215,793,523,33,893,441,1096,176,982,266,43
0,_083,_Sioux Falls 02-16,_VTD216,894,702,32,957,655,1181,296,1005,444,63
0,_083,_Precinct 23 Lynn/Worthing,_VTD-23,452,161,27,476,164,506,110,434,120,61
0,_083,_Precinct 24 Tea,_VTD-24,1394,717,66,1507,659,1755,350,1504,435,123
0,_083,_Precinct 25 Lennox,_VTD-25,768,334,31,785,332,907,165,773,218,73
0,_083,_Precinct 26 Brooklyn/Pleasant,_VTD-26,350,119,6,341,127,376,74,352,83,13
0,_083,_Precinct 27 Harrisburg Ward 1,_VTD-27,784,432,49,837,415,958,231,802,295,83
0,_083,_Precinct 29 Harrisburg Ward 2,_VTD-29,906,474,44,966,446,1122,239,947,310,95
0,_083,_Precinct 30 Canton Ward 4-5,_VTD-30,313,198,27,343,194,400,108,331,135,26
0,_085,_Precinct 01 Iona,_0VTD-1,62,10,1,54,15,57,7,59,8,2
0,_085,_Precinct 04 Oacoma,_0VTD-4,233,95,8,222,111,265,57,239,76,12
0,_085,_Precinct 06 Reliance,_0VTD-6,101,37,0,99,40,118,18,106,19,7
0,_085,_Precinct 07 Lower Brule,_0VTD-7,18,247,8,49,221,83,158,15,241,7
0,_085,_Precinct 09 Kennebec,_0VTD-9,230,32,5,225,45,248,20,231,21,10
0,_085,_Precinct 12 Presho,_VTD-12,306,84,6,323,80,354,41,305,65,10
0,_085,_Precinct 13 Vivian,_VTD-13,92,20,2,94,21,103,11,88,15,4
0,_087,_Precinct 01,_0VTD-1,410,198,16,409,215,515,95,418,135,27
0,_087,_Precinct 02,_0VTD-2,118,46,5,121,47,146,20,123,28,6
0,_087,_Precinct 03,_0VTD-3,417,174,19,432,185,507,97,438,120,33
0,_087,_Precinct 04,_0VTD-4,421,77,6,416,89,447,55,418,50,13
0,_087,_Precinct 05,_0VTD-5,432,198,13,437,207,542,82,460,117,27
0,_087,_Precinct 06,_0VTD-6,270,76,4,257,92,322,20,283,36,11
0,_089,_Precinct 03 101,_VTD101,44,3,2,43,5,46,3,43,3,2
0,_089,_Precinct 04 Central,_VTD-CN,199,46,1,201,44,221,20,203,18,9
0,_089,_Precinct 01 NE Leola,_VTDNEL,220,44,3,218,49,244,16,218,31,6
0,_089,_Precinct 05 Northwest,_VTD-NW,200,40,8,210,39,215,29,205,22,12
0,_089,_Precinct 02 SE Leola,_VTDSEL,227,44,9,224,57,254,21,222,31,8
0,_089,_Precinct 06 Southwest,_VTD-SW,185,45,4,190,41,201,25,183,28,6
0,_091,_Precinct A1 Britton Ward 1,_VTD-A1,139,98,2,148,94,174,45,154,71,8
0,_091,_Precinct A2 Britton Ward 2,_VTD-A2,110,84,2,111,82,153,25,118,52,9
0,_091,_Precinct A3 Britton Ward 3,_VTD-A3,176,108,7,186,106,238,42,202,62,13
0,_091,_Precinct A4,_VTD-A4,146,121,9,155,121,210,48,157,75,14
0,_091,_Precinct A5,_VTD-A5,111,87,3,116,83,132,53,118,63,9
0,_091,_Precinct A6,_VTD-A6,179,148,2,201,130,248,60,217,90,9
0,_091,_Precinct A7,_VTD-A7,133,74,1,127,83,165,28,148,50,4
0,_091,_Precinct A8,_VTD-A8,126,78,4,131,82,159,35,142,44,12
0,_091,_Precinct A9,_VTD-A9,167,60,3,159,72,191,28,166,48,7
0,_093,_5A Sturgis,_VTD-00,150,59,7,165,50,178,32,150,41,14
0,_093,_06 Tilford,_VTD-06,600,171,22,621,171,668,103,563,139,54
0,_093,_08 Harmony,_VTD-08,266,95,4,277,86,290,63,248,67,27
0,_093,_09 Bear Butte,_VTD-09,141,26,4,139,27,145,19,125,21,15
0,_093,_10 Summerset,_VTD-10,807,303,41,854,289,939,155,796,231,58
0,_093,_11 Piedmont,_VTD-11,585,202,30,621,191,682,109,571,163,46
0,_093,_12 East Piedmont,_VTD-12,914,226,31,963,204,988,163,898,165,67
0,_093,_13 SE Piedmont,_VTD-13,892,267,50,937,257,979,181,867,196,76
0,_093,_14 Black Hawk,_VTD-14,487,186,27,515,180,560,117,464,138,62
0,_093,_15 Rural Black Hawk,_VTD-15,327,104,13,338,97,365,66,313,77,32
0,_093,_16 West Black Hawk,_VTD-16,246,117,16,268,109,291,73,248,93,22
0,_093,_17 Viewfield,_VTD-17,90,8,1,93,7,92,7,85,7,3
0,_093,_18 Elm Springs,_VTD-18,79,12,7,82,13,78,14,75,10,8
0,_093,_19 Central Black Hawk,_VTD-19,376,151,24,389,148,425,102,368,110,40
0,_093,_20 Hereford,_VTD-20,44,9,4,42,14,50,6,45,6,4
0,_093,_21 Elk Vale,_VTD-21,438,98,24,452,108,455,83,408,85,42
0,_093,_23 Base,_VTD-23,361,183,31,388,171,376,153,315,150,61
0,_093,_24 West Elk Vale,_VTD-24,189,54,7,195,57,201,43,178,46,14
0,_093,_25 White Owl,_VTD-25,40,3,0,38,4,41,1,39,2,0
0,_093,_27 Chalk Butte,_VTD-27,107,16,3,106,20,111,13,102,15,3
0,_093,_29 Fairpoint,_VTD-29,27,4,0,26,4,27,4,23,3,3
0,_093,_30 Red Owl,_VTD-30,76,3,0,74,4,70,6,66,4,2
0,_093,_31 Faith,_VTD-31,240,18,11,233,32,230,29,211,26,15
0,_093,_33 Pine,_VTD-33,77,6,0,65,11,70,10,66,1,9
0,_093,_35 Sulphur,_VTD-35,51,0,1,48,3,45,6,46,0,3
0,_093,_40 Union,_VTD-40,28,5,2,28,8,30,3,27,7,1
0,_093,_41 Marcus,_VTD-41,52,2,2,48,9,49,5,44,5,2
0,_093,_6A Alkali,_VTD-6A,129,25,1,132,21,141,11,128,15,5
0,_093,_03 Central Sturgis,_VTD-CS,165,100,14,191,86,220,51,169,61,33
0,_093,_01 East Sturgis,_VTD-ES,174,89,12,180,91,201,57,161,69,22
0,_093,_1A Northeast Sturgis,_VTD-NE,99,55,11,106,59,115,44,93,47,21
0,_093,_05 Northwest Sturgis,_VTD-NW,402,145,25,416,140,426,118,362,107,59
0,_093,_07 Rural Sturgis,_VTD-RS,313,117,23,345,110,372,73,312,83,33
0,_093,_02 Southeast Sturgis,_VTD-SE,366,149,15,393,138,422,90,361,100,42
0,_093,_2A South Sturgis,_VTD-SS,257,125,22,279,121,309,78,260,86,34
0,_093,_4A Southwest Sturgis,_VTD-SW,196,97,11,212,86,243,45,212,55,20
0,_093,_04 West Sturgis,_VTD-WS,84,55,14,96,50,99,45,90,37,15
0,_095,_Precinct 02 Central,_0VTD-2,137,75,11,134,90,157,56,132,75,8
0,_095,_Precinct 03 East,_0VTD-3,110,41,1,115,39,130,20,108,35,6
0,_095,_Precinct 05 White River,_0VTD-5,100,107,8,116,99,139,70,104,94,11
0,_095,_Precinct 06 West,_0VTD-6,102,75,2,103,75,122,52,93,71,7
0,_097,_Precinct 01 Howard,_0VTD-1,111,58,5,119,55,135,25,114,36,11
0,_097,_Precinct 02 Howard,_0VTD-2,87,37,2,86,39,113,7,94,25,1
0,_097,_Precinct 03 Howard,_0VTD-3,84,41,6,96,38,106,22,99,21,9
0,_097,_Precinct 04,_0VTD-4,96,53,2,104,48,133,13,110,24,4
0,_097,_Precinct 05,_0VTD-5,52,18,2,53,19,64,6,52,9,3
0,_097,_Precinct 06,_0VTD-6,127,45,5,130,53,155,22,138,31,7
0,_097,_Precinct 07,_0VTD-7,142,49,5,129,66,168,21,144,41,7
0,_097,_Precinct 08,_0VTD-8,88,19,4,90,21,90,17,85,13,10
0,_099,_Precinct VP 03,_0000N3,1635,825,51,1736,768,2003,375,1757,494,112
0,_099,_Precinct VP 04,_0000N4,834,398,32,841,416,1021,199,884,262,62
0,_099,_Precinct VP 05,_0000N5,1085,534,48,1172,494,1339,246,1188,323,74
0,_099,_Precinct VP 11,_000N11,706,281,15,563,437,812,137,690,219,27
0,_099,_Precinct VP 13,_000N13,748,254,31,702,337,878,134,782,169,36
0,_099,_Precinct VP 15,_000N15,1153,639,32,1207,593,1450,261,1233,388,79
0,_099,_Precinct VP 21,_000N21,897,426,33,748,607,1094,193,944,288,45
0,_099,_Precinct 01-03,_00N1-3,520,520,26,583,480,714,254,622,356,39
0,_099,_Precinct 01-04/01-05,_00N1-4,742,835,57,839,784,1047,417,859,588,90
0,_099,_Precinct 01-06,_00N1-6,720,645,37,797,595,960,303,831,414,78
0,_099,_Precinct 01-09,_00N1-9,660,620,33,737,565,937,255,803,396,50
0,_099,_Precinct 02-01,_00N2-1,700,621,31,759,594,954,301,853,393,53
0,_099,_Precinct 02-02,_00N2-2,788,818,34,918,720,1212,293,1003,541,36
0,_099,_Precinct 02-03,_00N2-3,589,656,36,681,587,857,296,735,417,66
0,_099,_Precinct 02-06,_00N2-6,713,666,41,793,608,1013,302,859,426,65
0,_099,_Precinct 02-07,_00N2-7,1397,1044,53,1548,947,1915,420,1637,645,104
0,_099,_Precinct 02-08,_00N2-8,727,637,36,812,583,1069,223,907,374,46
0,_099,_Precinct 02-09,_00N2-9,566,606,29,647,558,868,239,733,384,41
0,_099,_Precinct 03-05,_00N3-5,494,517,29,525,501,601,306,517,404,59
0,_099,_Precinct 03-06,_00N3-6,447,611,55,509,592,616,388,492,457,107
0,_099,_Precinct 03-09,_00N3-9,1023,903,75,1123,839,1323,503,1062,667,127
0,_099,_Precinct 04-01/04-14,_00N4-1,1160,1170,76,1235,1113,1408,690,1130,963,137
0,_099,_Precinct 04-02,_00N4-2,355,443,41,393,436,526,235,426,325,55
0,_099,_Precinct 04-03,_00N4-3,237,280,26,259,274,334,159,261,214,36
0,_099,_Precinct 04-04,_00N4-4,411,435,39,451,432,561,247,450,323,62
0,_099,_Precinct 04-05,_00N4-5,1728,1250,47,1746,1191,1886,723,1624,997,130
0,_099,_Precinct 04-06,_00N4-6,187,189,9,205,177,250,110,205,138,28
0,_099,_Precinct 04-07/04-08,_00N4-7,963,1047,47,1068,964,1380,500,1149,686,109
0,_099,_Precinct 04-09,_00N4-9,444,474,32,471,467,597,262,487,342,60
0,_099,_Precinct 05-01/05-02,_00N5-1,491,910,60,552,888,774,510,553,721,101
0,_099,_Precinct 05-03,_00N5-3,180,265,26,202,264,263,165,191,215,41
0,_099,_Precinct 05-04,_00N5-4,329,637,33,376,615,551,318,448,451,53
0,_099,_Precinct 05-06,_00N5-6,512,613,46,572,595,740,309,592,461,71
0,_099,_Precinct 05-07,_00N5-7,257,394,16,300,373,420,160,330,285,28
0,_099,_Precinct 05-08,_00N5-8,345,659,28,432,602,639,276,457,509,35
0,_099,_Precinct 05-09,_00N5-9,193,299,31,229,288,312,162,213,250,21
0,_099,_Precinct VP 09,_00NVP9,988,441,38,912,547,1168,212,1016,297,62
0,_099,_Precinct 01-10,_0N1-10,763,659,50,827,626,1012,353,852,442,82
0,_099,_Precinct 01-17,_0N1-17,891,656,45,973,613,1167,311,963,431,87
0,_099,_Precinct 02-14,_0N2-14,1703,1491,56,1906,1326,2421,575,2083,869,120
0,_099,_Precinct 03-10,_0N3-10,947,715,31,1045,639,1324,272,1141,401,65
0,_099,_Precinct 03-11,_0N3-11,603,445,28,672,403,822,203,711,282,42
0,_099,_Precinct 03-12,_0N3-12,862,611,48,915,587,1076,345,930,417,98
0,_099,_Precinct 03-13,_0N3-13,488,358,22,509,344,629,176,543,235,41
0,_099,_Precinct 03-14,_0N3-14,1074,901,68,1177,846,1411,463,1147,642,139
0,_099,_Precinct 03-15,_0N3-15,690,623,33,781,562,966,298,805,395,74
0,_099,_Precinct 03-16,_0N3-16,1196,802,55,1302,728,1598,323,1328,498,89
0,_099,_Precinct 03-17,_0N3-17,1312,1018,48,1429,916,1768,437,1490,613,114
0,_099,_Precinct 04-10,_0N4-10,528,464,26,579,427,695,237,607,305,64
0,_099,_Precinct 04-11,_0N4-11,1188,876,40,1291,779,1541,391,1300,558,95
0,_099,_Precinct 04-12,_0N4-12,665,696,38,720,669,934,337,787,443,69
0,_099,_Precinct 04-13,_0N4-13,338,440,29,382,421,530,218,413,306,56
0,_099,_Precinct 05-10,_0N5-10,291,373,21,338,345,431,199,331,268,49
0,_099,_Precinct 05-11,_0N5-11,377,399,39,423,380,536,225,426,290,57
0,_099,_Precinct 05-12,_0N5-12,360,444,30,410,411,531,207,419,316,48
0,_099,_Precinct 05-13,_0N5-13,322,390,27,348,385,480,185,383,284,34
0,_099,_Precinct 05-14,_0N5-14,401,511,46,444,502,572,280,454,395,69
0,_099,_Precinct 05-17,_0N5-17,304,322,23,335,311,443,154,360,235,32
0,_099,_Precinct 05-18,_0N5-18,468,732,54,526,718,677,427,532,568,87
0,_099,_Precinct 05-19,_0N5-19,277,293,8,304,271,395,120,356,189,13
0,_099,_Precinct 05-20,_0N5-20,520,531,50,567,514,694,310,527,433,83
0,_099,_Precinct 05-21,_0N5-21,200,264,9,225,251,313,117,251,186,18
0,_099,_Precinct VP 01,_0NVP01,591,220,31,608,227,690,132,601,144,50
0,_099,_Precinct VP 02,_0NVP02,1388,655,48,1464,627,1704,303,1537,401,75
0,_099,_Precinct VP 10,_0NVP10,866,419,35,869,446,1074,198,943,254,54
0,_099,_Precinct VP 12,_0NVP12,124,30,4,106,51,134,14,124,20,5
0,_099,_Precinct VP 16,_0NVP16,827,350,35,814,390,991,174,871,197,69
0,_099,_Precinct VP 17,_0NVP17,513,217,19,537,212,642,76,561,126,27
0,_099,_Precinct VP 06,_0NVP-6,399,194,12,415,189,499,83,442,105,27
0,_099,_Precinct VP 07,_NVP-07,1329,616,59,1373,618,1666,271,1432,395,82
0,_099,_Precinct VP 08,_NVP-08,520,205,19,516,234,615,103,533,143,30
0,_101,_Precinct 01,_000V-1,259,312,9,259,318,374,159,293,251,17
0,_101,_Precinct 02,_000V-2,215,303,29,226,318,324,179,248,251,21
0,_101,_Precinct 03,_000V-3,418,160,15,356,244,487,87,422,120,22
0,_101,_Precinct 04,_000V-4,271,117,5,266,132,320,59,278,83,16
0,_101,_Precinct 05,_000V-5,544,179,12,517,214,625,90,546,127,26
0,_101,_Precinct 03/4B,_V-3/4B,244,108,6,253,117,295,57,254,83,14
0,_102,_Batesland,_VTD-BA,47,113,3,53,109,78,67,48,109,5
0,_102,_Cuny Table,_VTD-CN,19,51,4,20,54,27,41,17,54,0
0,_102,_Kyle,_VTD-KY,45,468,13,80,443,144,322,32,477,11
0,_102,_Manderson,_VTD-MA,6,138,0,20,124,33,91,7,131,2
0,_102,_Oglala,_VTD-OG,35,374,5,65,351,105,242,35,366,10
0,_102,_Pine Ridge 1,_VTD-P1,45,615,24,88,597,146,404,35,628,14
0,_102,_Pine Ridge 3,_VTD-P3,38,512,11,77,486,142,331,34,502,22
0,_102,_Porcupine,_VTD-PO,40,465,10,81,434,143,302,36,456,12
0,_102,_Rockyford,_VTD-RF,22,93,4,26,93,37,65,13,101,2
0,_103,_Precinct CL,_0VTD-6,296,183,11,326,170,390,79,327,123,29
0,_103,_Precinct LS,_0VTD-9,358,102,10,372,96,393,60,353,74,25
0,_103,_Precinct NU,_VTD-10,532,110,19,541,113,545,95,501,96,33
0,_103,_Precinct RC 1-1,_VTD1-1,1093,648,60,1186,605,1368,354,1115,479,120
0,_103,_Precinct SC,_VTD-11,76,10,0,70,14,70,11,68,11,1
0,_103,_Precinct RC 1-2,_VTD1-2,1275,795,89,1380,758,1577,444,1261,608,159
0,_103,_Precinct WS,_VTD-12,83,7,1,76,13,81,7,73,10,4
0,_103,_Precinct RC 1-3,_VTD1-3,1716,1003,78,1866,919,2203,462,1807,700,146
0,_103,_Precinct RC 1-4,_VTD1-4,776,471,56,876,420,974,255,800,326,98
0,_103,_Precinct CR,_VTD-14,49,4,1,53,3,50,5,48,4,2
0,_103,_Precinct WL,_VTD-15,359,67,6,365,69,378,45,337,50,25
0,_103,_Precinct QU,_VTD-17,185,29,5,188,31,190,21,179,18,9
0,_103,_Precinct NH,_VTD-18,208,69,17,216,72,228,50,189,64,28
0,_103,_Precinct CA,_VTD-19,493,92,25,502,96,510,73,455,80,39
0,_103,_Precinct RC 2-1,_VTD2-1,60,66,8,72,61,76,48,60,55,11
0,_103,_Precinct RC 2-2,_VTD2-2,68,41,8,74,39,76,28,62,35,9
0,_103,_Precinct RC 2-3,_VTD2-3,1098,659,84,1207,610,1302,425,1044,522,161
0,_103,_Precinct WP,_VTD-23,905,428,28,955,401,1084,201,933,309,66
0,_103,_Precinct RC 2-4,_VTD2-4,1236,1131,129,1371,1093,1578,722,1132,964,229
0,_103,_Precinct DT,_VTD-24,793,341,33,858,293,911,185,795,246,61
0,_103,_Precinct RC 2-5,_VTD2-5,86,125,14,98,123,113,92,82,106,22
0,_103,_Precinct RC 3-1,_VTD3-1,386,330,28,436,303,521,171,394,259,49
0,_103,_Precinct RC 3-2,_VTD3-2,2111,1115,65,2303,986,2657,487,2304,692,163
0,_103,_Precinct RC 3-3,_VTD3-3,721,457,39,809,408,926,221,749,327,72
0,_103,_Precinct EL,_VTD333,648,396,35,690,370,691,300,599,322,79
0,_103,_Precinct RC 3-4,_VTD3-4,1738,1298,88,1917,1201,2305,615,1829,949,185
0,_103,_Precinct RC 3-5,_VTD3-5,260,153,10,279,138,329,54,275,105,14
0,_103,_Precinct RC 4-1,_VTD4-1,252,202,30,278,196,287,164,237,177,51
0,_103,_Precinct RC 4-2,_VTD4-2,706,621,66,780,585,887,424,686,524,112
0,_103,_Precinct RC 4-3,_VTD4-3,547,438,39,596,411,687,259,553,356,66
0,_103,_Precinct RC 4-4,_VTD4-4,520,557,45,594,512,660,372,472,497,95
0,_103,_Precinct RC 4-5,_VTD4-5,625,363,45,681,338,766,209,631,263,90
0,_103,_Precinct RC 5-1,_VTD5-1,302,312,29,349,273,407,175,305,237,49
0,_103,_Precinct RC 5-2,_VTD5-2,1037,854,93,1122,827,1334,501,1022,670,155
0,_103,_Precinct RC 5-3,_VTD5-3,1290,885,74,1406,827,1658,460,1311,641,188
0,_103,_Precinct RC 5-4,_VTD5-4,705,918,52,800,859,1039,454,754,719,117
0,_103,_Precinct RC 5-5,_VTD5-5,255,185,10,282,161,356,66,281,133,19
0,_103,_Precinct AW,_VTD-AW,3821,1951,62,3899,1816,3964,1147,3562,1675,171
0,_103,_Precinct BE,_VTDDG7,1045,485,80,1132,444,1199,328,994,356,140
0,_103,_Precinct RK,_VTD-E1,58,11,0,58,11,57,7,57,7,4
0,_103,_Precinct RV,_VTD-F1,772,383,42,831,354,886,254,716,291,98
0,_103,_Precinct VF,_VTD-F2,1283,524,73,1344,490,1451,335,1196,382,138
0,_103,_Precinct HC,_VTDHC1,943,418,39,982,409,1075,240,882,356,99
0,_103,_Precinct JS,_VTDJS5,957,430,36,1007,408,1123,215,964,322,79
0,_103,_Precinct KY,_VTD-K3,416,165,16,440,155,469,101,407,130,33
0,_103,_Precinct VV,_VTDN34,844,383,45,902,347,953,245,807,310,79
0,_103,_Precinct HR,_VTDRK4,1076,391,26,1125,356,1198,213,1076,267,75
0,_105,_Precinct 01,_0VTD-1,225,58,8,231,56,236,41,203,50,20
0,_105,_Precinct 02,_0VTD-2,103,17,2,100,19,100,11,91,16,4
0,_105,_Precinct 03,_0VTD-3,248,44,9,252,45,261,27,231,35,22
0,_105,_Precinct 04,_0VTD-4,52,10,1,49,10,54,5,47,10,2
0,_105,_Precinct 05,_0VTD-5,123,19,3,121,21,125,15,117,18,4
0,_105,_Precinct 06,_0VTD-6,114,15,1,113,15,113,10,106,12,6
0,_105,_Precinct 07,_0VTD-7,116,6,0,117,1,108,13,108,2,6
0,_105,_Precinct 08,_0VTD-8,64,5,0,64,2,62,5,59,1,5
0,_105,_Precinct 09,_0VTD-9,76,5,1,69,12,67,13,73,6,3
0,_105,_Precinct 12,_VTD-12,280,60,4,279,68,301,36,267,41,13
0,_107,_Precinct 23,_VTD-23,214,39,3,218,38,237,17,218,23,7
0,_107,_Precinct 25,_VTD-25,135,36,1,138,36,149,16,137,21,3
0,_107,_Precinct 26,_VTD-26,205,40,3,209,39,226,18,208,23,7
0,_107,_Precinct 27,_VTD-27,280,57,4,285,56,308,26,283,33,10
0,_107,_Precinct 35,_VTD-35,242,50,3,246,50,266,23,245,30,9
0,_107,_Precinct 36,_VTD-36,63,5,0,64,5,69,2,64,3,1
0,_109,_Precinct 01,_0VTD-1,110,44,4,116,42,133,16,127,17,8
0,_109,_Precinct 12/14,_0VTD12,157,175,5,175,168,225,98,179,144,11
0,_109,_Precinct 13,_0VTD13,129,158,4,153,138,196,72,155,126,5
0,_109,_Precinct 02,_0VTD-2,377,129,6,367,145,429,67,388,86,14
0,_109,_Precinct 03,_0VTD-3,141,71,7,134,84,161,40,154,46,12
0,_109,_Precinct 04,_0VTD-4,61,37,1,53,46,68,29,60,30,4
0,_109,_Precinct 05,_0VTD-5,165,256,9,189,237,259,134,188,216,11
0,_109,_Precinct 06/07,_0VTD-6,403,190,10,429,168,491,77,429,125,21
0,_109,_Precinct 08,_0VTD-8,71,48,5,72,51,92,26,71,31,15
0,_109,_Precinct 09,_0VTD-9,319,150,4,321,154,376,77,335,97,19
0,_109,_Precinct 10,_VTD-10,79,164,4,87,161,116,108,73,166,3
0,_109,_Precinct 11,_VTD-11,392,406,16,433,373,554,190,434,326,21
0,_111,_Precinct 01,_0VTD-1,206,53,5,208,57,239,24,211,33,7
0,_111,_Precinct 02,_0VTD-2,268,74,4,263,84,290,41,262,56,15
0,_111,_Precinct 04,_0VTD-4,245,65,12,243,71,276,29,221,54,15
0,_111,_Precinct 05,_0VTD-5,186,65,2,184,69,211,35,180,54,5
0,_115,_Precinct 01,_0VTD-1,323,94,5,336,91,381,34,340,54,15
0,_115,_Precinct 03,_0VTD-3,249,97,3,260,91,305,39,261,71,8
0,_115,_Precinct 04,_0VTD-4,223,79,2,223,81,261,33,222,52,13
0,_115,_Precinct 05,_0VTD-5,206,60,2,201,65,228,23,196,49,2
0,_115,_Precinct 06,_0VTD-6,76,42,1,80,36,102,13,83,22,10
0,_115,_Precinct 07,_0VTD-7,327,154,12,332,162,411,64,344,104,21
0,_115,_Precinct 08,_0VTD-8,102,49,7,94,63,133,21,105,32,9
0,_115,_Precinct 09 Redfield Ward 1/2,_0VTD-9,310,224,14,340,208,436,89,357,129,31
0,_115,_Precinct 10 Redfield Ward 3/4,_VTD-10,288,199,15,312,189,388,84,321,121,23
0,_117,_Precinct 01,_0VTD-1,1044,389,25,1114,345,1225,169,1081,283,41
0,_117,_Precinct 02,_0VTD-2,67,12,0,65,13,72,3,63,8,3
0,_117,_Precinct 03,_0VTD-3,92,20,3,95,20,102,8,90,17,4
0,_119,_Precinct 01,_0VTD-1,136,34,7,143,30,152,17,138,24,10
0,_119,_Precinct 02,_0VTD-2,114,24,2,119,22,127,12,115,18,3
0,_119,_Precinct 03,_0VTD-3,133,31,2,139,28,148,15,134,22,4
0,_119,_Precinct 04,_0VTD-4,152,36,4,158,33,168,18,154,26,6
0,_119,_Precinct 05,_0VTD-5,89,21,2,94,19,99,11,91,15,3
0,_119,_Precinct 06,_0VTD-6,102,39,2,106,36,113,19,103,28,3
0,_121,_Bordeaux,_VTD-BO,16,49,1,23,40,26,29,12,47,3
0,_121,_Jeanette,_VTD-JE,73,9,1,72,10,76,3,67,6,3
0,_121,_Lakeview,_VTD-LA,104,35,4,114,28,107,27,96,30,7
0,_121,_Mission City/N Antelope,_VTDMNA,103,494,11,130,475,223,316,92,479,19
0,_121,_Okreek,_VTD-OK,42,93,3,47,89,54,73,35,90,6
0,_121,_Parmelee,_VTD-PA,25,300,5,64,261,99,178,24,299,3
0,_121,_Rosebud,_VTD-RO,51,442,5,87,405,137,281,41,439,7
0,_121,_South Antelope,_VTD-SA,70,242,8,93,221,132,162,73,224,13
0,_121,_St. Francis,_VTD-SF,48,299,6,76,267,107,178,39,301,7
0,_123,_Clearfield,_VTD-CF,128,28,4,128,28,129,21,122,22,6
0,_123,_Colome,_VTD-CL,334,63,6,336,69,358,31,324,52,9
0,_123,_Winner East 2,_VTD-E2,195,48,4,205,41,224,19,193,31,10
0,_123,_Winner East 3,_VTD-E3,242,54,5,241,59,266,32,240,42,7
0,_123,_Hamill,_VTD-HM,84,8,3,79,15,87,7,78,8,3
0,_123,_Ideal,_VTD-ID,62,19,1,73,9,72,8,67,14,1
0,_123,_Lake,_VTD-LK,144,17,0,139,22,148,8,127,18,6
0,_123,_Lamro,_VTD-LM,274,64,4,273,71,285,43,273,54,7
0,_123,_Winner Southeast 1,_VTDSE1,113,25,2,112,27,128,9,116,14,2
0,_123,_Sully,_VTD-SU,77,26,2,80,22,95,8,79,12,7
0,_123,_Winner West 2,_VTD-W2,279,80,6,288,78,314,45,286,55,9
0,_123,_Winner West 3,_VTD-W3,152,46,3,156,45,171,26,142,45,9
0,_123,_Witten,_VTD-WT,77,17,0,78,16,83,10,78,10,3
0,_125,_Precinct 01,_0VTD-1,657,195,27,680,199,744,103,679,127,41
0,_125,_Precinct 02,_0VTD-2,736,279,30,775,269,887,142,797,160,49
0,_125,_Precinct 03,_0VTD-3,255,77,8,261,76,293,36,263,50,12
0,_125,_Precinct 04,_0VTD-4,230,82,6,237,83,291,22,237,59,11
0,_125,_Precinct 05,_0VTD-5,437,163,17,453,164,529,79,454,113,25
0,_125,_Precinct 06,_0VTD-6,393,125,13,407,120,448,57,427,71,11
0,_125,_Precinct 07,_0VTD-7,137,62,8,144,63,170,29,142,41,11
0,_125,_Precinct 08,_0VTD-8,445,156,10,459,152,523,73,475,86,24
0,_127,_Precinct 01,_0VTD-1,260,96,2,264,95,297,45,252,67,21
0,_127,_Precinct 02,_0VTD-2,254,137,5,262,137,306,63,275,99,14
0,_127,_Precinct 03,_0VTD-3,492,268,24,538,240,605,120,496,200,37
0,_127,_Precinct 04,_0VTD-4,248,131,7,259,125,287,67,260,103,8
0,_127,_Precinct 05,_0VTD-5,360,156,17,370,161,415,82,368,102,33
0,_127,_Precinct 06,_0VTD-6,435,227,15,469,204,555,90,478,136,33
0,_127,_Precinct 07,_0VTD-7,499,172,15,535,146,559,94,502,121,31
0,_127,_Precinct 08,_0VTD-8,358,167,11,400,132,422,68,384,103,22
0,_127,_Precinct 09,_0VTD-9,297,155,5,311,141,330,75,282,126,14
0,_127,_Precinct 10,_VTD-10,510,266,15,537,237,550,152,478,201,44
0,_127,_Precinct 11,_VTD-11,476,243,25,511,220,542,148,452,196,35
0,_127,_Precinct 12,_VTD-12,706,264,18,767,210,803,124,722,176,31
0,_127,_Precinct 13,_VTD-13,1049,443,27,1141,359,1191,217,1064,311,52
0,_129,_Precinct 01,_VTD-01,136,16,1,137,17,145,7,135,10,4
0,_129,_Precinct 02,_VTD-02,141,26,2,147,21,151,13,139,22,5
0,_129,_Precinct 03,_VTD-03,370,44,9,360,59,395,26,362,28,13
0,_129,_Precinct 04,_VTD-04,106,55,4,109,55,125,28,110,41,5
0,_129,_Precinct 05,_VTD-05,241,96,11,266,80,272,56,229,88,14
0,_129,_Precinct 06,_VTD-06,345,151,7,372,131,415,73,349,121,17
0,_129,_Precinct 07,_VTD-07,340,130,10,366,114,416,39,367,86,12
0,_129,_Precinct 08,_VTD-08,86,5,1,80,9,83,7,77,3,4
0,_129,_Precinct 09,_VTD-09,69,17,2,67,18,77,8,70,9,2
0,_129,_Precinct 10,_VTD-10,132,25,2,136,21,143,10,140,12,5
0,_135,_Precinct 01 Yankton,_VTD-1,430,399,27,457,382,550,187,441,273,51
0,_135,_Precinct 10 Volin,_VTD-10,38,26,4,40,25,48,12,38,18,8
0,_135,_Precinct 11 Mission Hill,_VTD-11,39,33,4,41,32,49,16,39,23,8
0,_135,_Precinct 12 Utica,_VTD-12,19,18,1,20,17,24,8,19,12,2
0,_135,_Precinct 13 Lesterville,_VTD-13,50,15,2,54,15,64,7,52,10,3
0,_135,_Precinct 14,_VTD-14,238,151,6,253,144,304,71,244,103,12
0,_135,_Precinct 16 Jamesville,_VTD-16,60,11,1,64,11,77,5,62,8,2
0,_135,_Precinct 17 Odessa,_VTD-17,55,18,1,59,17,71,8,57,12,1
0,_135,_Precinct 18 Lesterville,_VTD-18,50,21,1,53,20,63,10,51,14,2
0,_135,_Precinct 19 Central,_VTD-19,75,46,3,80,43,96,21,77,31,6
0,_135,_Precinct 02 Yankton,_VTD-2,554,493,35,589,473,708,232,567,338,66
0,_135,_Precinct 22 Volin,_VTD-22,95,25,4,101,24,121,12,97,17,7
0,_135,_Precinct 23 Mission Hill,_VTD-23,162,63,5,172,60,207,29,166,43,10
0,_135,_Precinct 24 Utica,_VTD-24,131,96,5,139,92,167,45,134,66,9
0,_135,_Precinct 25 Ziskov,_VTD-25,48,31,2,51,30,61,15,49,21,4
0,_135,_Precinct 26,_VTD-26,1153,587,49,1225,563,1472,276,1180,402,92
0,_135,_Precinct 28,_VTD-28,213,125,12,226,120,272,59,218,86,23
0,_135,_Precinct 29 Gayville,_VTD-29,81,31,2,86,30,104,15,83,21,4
0,_135,_Precinct 03 Yankton,_VTD-3,621,378,28,660,362,794,178,636,259,53
0,_135,_Precinct 04 Yankton,_VTD-4,782,557,41,831,534,998,262,800,381,77
0,_135,_Precinct 05 Yankton,_VTD-5,1593,808,63,1693,774,2034,380,1631,553,120
0,_135,_Precinct 09 Gayville,_VTD-9,94,84,7,100,80,120,39,96,57,13
0,_137,_Precinct 01 Bridger,_VTD-BR,14,27,0,18,23,26,11,15,26,0
0,_137,_Precinct 02 Cherry Creek,_VTD-CC,11,82,6,33,69,29,50,7,89,5
0,_137,_Precinct 03 Davis,_VTD-DV,79,170,7,88,162,119,107,61,172,13
0,_137,_Precinct 04 Glad Valley,_VTD-GV,54,8,0,52,12,55,6,52,4,2
0,_137,_Precinct 05/06/08 Dupree/Redelm,_VTD-ND,229,161,6,236,159,275,103,212,147,26
0,_137,_Precinct 07 Red Scaffold,_VTD-RS,17,33,2,23,33,27,20,14,35,6
