IS_AUDITED,COUNTY_NAME,PRECINCT_NAME,PRECINCT_CODE,USA_CT_20161108_GEN_PRE_DEM_CLINTON,USA_CT_20161108_GEN_PRE_REP_TRUMP,USA_CT_20161108_GEN_PRE_LIB_JOHNSON,USA_CT_20161108_GEN_PRE_GRE_STEIN,USA_CT_20161108_GEN_PRE_OTH_WRITEIN,USA_CT_20161108_GEN_USS_DEM_BLUMENTHAL,USA_CT_20161108_GEN_USS_REP_CARTER,USA_CT_20161108_GEN_USS_LIB_LION,USA_CT_20161108_GEN_USS_GRE_RUSSELL,USA_CT_20161108_GEN_USS_OTH_WRITEIN
0,_001,_Bethel 001-00,_Bethel 001-00,734,502,31,26,3,754,479,13,15,0
0,_001,_Bethel 002-00,_Bethel 002-00,1041,1075,65,22,5,1131,1009,21,11,0
0,_001,_Bethel 003-00,_Bethel 003-00,1517,1687,125,52,12,1568,1710,21,30,0
0,_001,_Bethel 004-00,_Bethel 004-00,1304,1082,83,41,4,1312,1087,25,31,0
0,_001,_Bethel 005-00,_Bethel 005-00,181,229,14,11,0,207,229,1,2,0
0,_001,_Bridgeport 124-01,_Bridgeport 124-01,316,60,8,0,0,306,43,4,2,0
0,_001,_Bridgeport 124-02,_Bridgeport 124-02,1991,315,23,19,0,1889,209,19,15,0
0,_001,_Bridgeport 124-03,_Bridgeport 124-03,1891,103,14,12,0,1794,60,8,10,0
0,_001,_Bridgeport 124-04,_Bridgeport 124-04,1677,193,13,25,0,1582,136,12,19,0
0,_001,_Bridgeport 126-01,_Bridgeport 126-01,229,36,3,7,0,221,31,0,6,0
0,_001,_Bridgeport 126-02,_Bridgeport 126-02,1448,221,17,20,0,1422,141,3,23,0
0,_001,_Bridgeport 126-03,_Bridgeport 126-03,1323,342,28,25,0,1355,248,13,12,0
0,_001,_Bridgeport 126-04,_Bridgeport 126-04,582,117,5,9,0,586,74,6,6,0
0,_001,_Bridgeport 126-05,_Bridgeport 126-05,1597,462,20,41,0,1642,298,17,28,0
0,_001,_Bridgeport 126-06,_Bridgeport 126-06,1876,154,13,23,0,1820,112,9,16,0
0,_001,_Bridgeport 127-01,_Bridgeport 127-01,2958,1020,53,58,0,3067,730,28,38,0
0,_001,_Bridgeport 127-02,_Bridgeport 127-02,156,36,2,3,0,150,27,5,1,0
0,_001,_Bridgeport 127-03,_Bridgeport 127-03,2105,937,39,38,0,2266,623,26,32,0
0,_001,_Bridgeport 128-01,_Bridgeport 128-01,2110,222,18,13,0,1988,172,16,21,0
0,_001,_Bridgeport 128-02,_Bridgeport 128-02,1860,205,15,25,0,1746,141,11,23,0
0,_001,_Bridgeport 129-01,_Bridgeport 129-01,1665,798,59,61,8,1781,630,33,53,0
0,_001,_Bridgeport 129-02,_Bridgeport 129-02,1779,537,32,33,3,1809,400,20,18,0
0,_001,_Bridgeport 129-03,_Bridgeport 129-03,749,131,1,11,0,715,79,4,8,0
0,_001,_Bridgeport 129-04,_Bridgeport 129-04,1073,145,9,13,0,1019,121,5,9,0
0,_001,_Bridgeport 130-01,_Bridgeport 130-01,1066,104,6,7,0,973,85,5,13,0
0,_001,_Bridgeport 130-02,_Bridgeport 130-02,647,71,5,6,0,589,58,4,8,0
0,_001,_Bridgeport 130-03,_Bridgeport 130-03,568,84,7,8,0,512,71,2,7,0
0,_001,_Bridgeport 130-04,_Bridgeport 130-04,1411,228,30,23,0,1332,186,21,19,0
0,_001,_Bridgeport 130-05,_Bridgeport 130-05,958,75,8,10,0,883,52,8,9,0
0,_001,_Brookfield 001-00,_Brookfield 001-00,1576,1985,100,44,0,1816,1703,37,48,0
0,_001,_Brookfield 002-00,_Brookfield 002-00,2640,2988,179,59,9,2931,2725,60,44,0
0,_001,_Danbury 001-09,_Danbury 001-09,221,75,11,4,0,215,52,3,2,0
0,_001,_Danbury 001-10,_Danbury 001-10,149,87,4,5,1,172,58,4,3,0
0,_001,_Danbury 001-38,_Danbury 001-38,1910,1824,122,50,1,2235,1610,34,24,0
0,_001,_Danbury 002-08,_Danbury 002-08,520,433,27,9,0,575,343,15,11,0
0,_001,_Danbury 002-09,_Danbury 002-09,942,690,40,17,0,1049,537,18,11,0
0,_001,_Danbury 002-38,_Danbury 002-38,654,752,33,21,0,779,621,14,10,0
0,_001,_Danbury 003-07,_Danbury 003-07,215,271,21,9,0,267,200,7,1,0
0,_001,_Danbury 003-09,_Danbury 003-09,2300,2116,113,59,0,2569,1792,48,57,0
0,_001,_Danbury 004-09,_Danbury 004-09,935,567,35,29,0,991,480,14,18,0
0,_001,_Danbury 004-10,_Danbury 004-10,1308,701,52,27,0,1794,559,21,31,0
0,_001,_Danbury 005-02,_Danbury 005-02,641,491,37,12,0,570,451,36,15,0
0,_001,_Danbury 005-09,_Danbury 005-09,258,96,6,7,0,235,89,4,6,0
0,_001,_Danbury 005-10,_Danbury 005-10,1158,515,37,26,9,1117,115,30,20,0
0,_001,_Danbury 006-02,_Danbury 006-02,951,788,39,30,0,1016,718,14,19,0
0,_001,_Danbury 006-10,_Danbury 006-10,1180,408,36,24,0,1138,350,24,26,0
0,_001,_Danbury 006-38,_Danbury 006-38,559,413,37,9,0,579,387,11,6,0
0,_001,_Danbury 007-02,_Danbury 007-02,216,124,6,4,0,214,103,3,4,0
0,_001,_Danbury 007-10,_Danbury 007-10,225,101,7,4,0,209,79,3,6,0
0,_001,_Danbury 007-38,_Danbury 007-38,1742,1174,86,33,0,852,992,36,32,0
0,_001,_Darien 001-00,_Darien 001-00,864,799,124,9,9,606,1211,12,7,0
0,_001,_Darien 002-00,_Darien 002-00,948,745,111,17,0,746,1017,15,6,0
0,_001,_Darien 003-00,_Darien 003-00,983,733,88,11,3,841,954,16,7,0
0,_001,_Darien 004-00,_Darien 004-00,1000,731,81,12,10,848,964,11,11,0
0,_001,_Darien 005-00,_Darien 005-00,1162,800,101,20,0,1018,945,24,21,0
0,_001,_Darien 006-00,_Darien 006-00,985,817,81,11,10,867,1001,18,9,0
0,_001,_Easton 001-00,_Easton 001-00,2203,2131,127,56,9,2311,2091,40,39,0
0,_001,_Fairfield 001-34,_Fairfield 001-34,1937,1447,165,35,10,1760,1776,27,22,0
0,_001,_Fairfield 002-34,_Fairfield 002-34,1609,1215,85,27,4,1708,1156,26,16,0
0,_001,_Fairfield 003-32,_Fairfield 003-32,1828,1417,93,34,3,2024,1264,27,16,0
0,_001,_Fairfield 003-34,_Fairfield 003-34,130,108,7,1,0,133,109,1,2,0
0,_001,_Fairfield 004-33,_Fairfield 004-33,2132,1078,112,41,8,2216,1079,29,22,0
0,_001,_Fairfield 005-33,_Fairfield 005-33,1647,1067,80,34,5,1794,931,29,18,0
0,_001,_Fairfield 006-33,_Fairfield 006-33,1498,939,69,50,4,1643,741,30,43,0
0,_001,_Fairfield 007-33,_Fairfield 007-33,1437,940,63,28,9,1404,925,25,12,0
0,_001,_Fairfield 008-32,_Fairfield 008-32,1829,1344,103,33,3,1841,1377,29,37,0
0,_001,_Fairfield 009-32,_Fairfield 009-32,2003,1230,95,36,8,2006,1291,14,25,0
0,_001,_Fairfield 010-32,_Fairfield 010-32,1991,1327,113,29,13,1919,1484,24,23,0
0,_001,_Greenwich 001-00,_Greenwich 001-00,1339,707,59,17,6,1284,754,29,29,0
0,_001,_Greenwich 001-01,_Greenwich 001-01,250,168,3,2,0,252,172,0,2,0
0,_001,_Greenwich 002-00,_Greenwich 002-00,1046,804,96,23,5,1012,934,14,14,0
0,_001,_Greenwich 003-00,_Greenwich 003-00,895,509,31,11,1,898,435,20,18,0
0,_001,_Greenwich 004-00,_Greenwich 004-00,1012,587,31,12,0,1063,508,23,9,0
0,_001,_Greenwich 004-01,_Greenwich 004-01,339,322,11,6,0,392,260,10,5,0
0,_001,_Greenwich 005-00,_Greenwich 005-00,798,441,50,8,6,672,642,4,4,0
0,_001,_Greenwich 005-01,_Greenwich 005-01,699,394,53,14,4,658,509,9,10,0
0,_001,_Greenwich 006-00,_Greenwich 006-00,1462,645,74,16,0,1329,920,18,14,0
0,_001,_Greenwich 006-01,_Greenwich 006-01,243,133,12,9,0,243,155,1,3,0
0,_001,_Greenwich 007-00,_Greenwich 007-00,561,410,34,6,2,476,528,7,7,0
0,_001,_Greenwich 007-01,_Greenwich 007-01,990,618,75,12,8,905,802,19,12,0
0,_001,_Greenwich 008-00,_Greenwich 008-00,1915,1478,108,37,0,1927,1516,30,25,0
0,_001,_Greenwich 009-00,_Greenwich 009-00,1457,1261,66,20,3,1518,1146,17,20,0
0,_001,_Greenwich 010-00,_Greenwich 010-00,1355,1201,97,29,0,1240,1425,15,28,0
0,_001,_Greenwich 010-01,_Greenwich 010-01,15,7,0,0,0,13,10,0,0,0
0,_001,_Greenwich 011-00,_Greenwich 011-00,1141,795,109,11,2,951,1129,21,9,0
0,_001,_Greenwich 011-01,_Greenwich 011-01,549,499,50,5,5,506,587,10,6,0
0,_001,_Greenwich 012-00,_Greenwich 012-00,1564,1236,91,33,1,1594,1217,24,30,0
0,_001,_Monroe 001-00,_Monroe 001-00,1620,1881,120,31,7,1913,1623,36,32,0
0,_001,_Monroe 002-00,_Monroe 002-00,737,838,51,17,6,905,689,17,13,0
0,_001,_Monroe 003-00,_Monroe 003-00,777,1131,58,20,1,1022,851,21,11,0
0,_001,_Monroe 004-00,_Monroe 004-00,1386,2072,124,27,4,1741,1696,50,29,0
0,_001,_New Canaan 001-00,_New Canaan 001-00,3040,2523,276,35,36,2568,3290,51,30,0
0,_001,_New Canaan 002-00,_New Canaan 002-00,1778,1299,158,34,16,1518,1677,42,29,0
0,_001,_New Canaan 003-00,_New Canaan 003-00,949,719,77,12,14,802,937,21,13,0
0,_001,_New Fairfield 001-00,_New Fairfield 001-00,2569,3597,169,83,6,2976,3113,71,72,0
0,_001,_New Fairfield 002-00,_New Fairfield 002-00,502,705,35,11,0,581,608,13,10,0
0,_001,_Newtown 001-00,_Newtown 001-00,2403,2241,157,69,16,2594,2074,47,48,0
0,_001,_Newtown 001-05,_Newtown 001-05,108,96,7,2,0,112,97,1,1,0
0,_001,_Newtown 002-00,_Newtown 002-00,2575,2490,174,68,25,2945,2170,63,42,0
0,_001,_Newtown 003-01,_Newtown 003-01,1322,1224,97,36,6,1478,1114,28,19,0
0,_001,_Newtown 003-02,_Newtown 003-02,839,916,64,26,0,960,810,10,24,0
0,_001,_Newtown 003-05,_Newtown 003-05,201,187,6,3,1,215,177,1,3,0
0,_001,_Norwalk 137-01,_Norwalk 137-01,3047,1531,129,58,10,3086,1354,40,62,0
0,_001,_Norwalk 137-02,_Norwalk 137-02,1615,516,53,28,0,1592,431,33,27,0
0,_001,_Norwalk 137-03,_Norwalk 137-03,2521,1157,90,55,0,2641,932,32,45,0
0,_001,_Norwalk 140-01,_Norwalk 140-01,1834,697,50,34,0,1904,516,27,34,0
0,_001,_Norwalk 140-02,_Norwalk 140-02,2674,457,54,43,0,2531,391,36,37,0
0,_001,_Norwalk 140-03,_Norwalk 140-03,1043,286,24,20,1,1028,205,16,20,0
0,_001,_Norwalk 141-01,_Norwalk 141-01,2214,1006,135,24,4,2112,1179,24,20,0
0,_001,_Norwalk 142-01,_Norwalk 142-01,2242,1481,93,56,7,2403,1292,32,29,0
0,_001,_Norwalk 142-02,_Norwalk 142-02,2120,1487,92,62,2,2302,1264,30,39,0
0,_001,_Norwalk 142-03,_Norwalk 142-03,1980,1315,87,35,5,2135,1067,47,34,0
0,_001,_Norwalk 143-01,_Norwalk 143-01,1448,1026,64,42,1,1604,791,28,22,0
0,_001,_Norwalk 143-02,_Norwalk 143-02,1676,1365,97,33,6,1830,1175,43,32,0
0,_001,_Redding 001-00,_Redding 001-00,2117,1356,115,47,8,2102,1482,32,38,0
0,_001,_Redding 002-00,_Redding 002-00,1010,732,70,26,6,979,825,21,17,0
0,_001,_Ridgefield 001-00,_Ridgefield 001-00,2856,1982,199,61,15,2694,2264,58,30,0
0,_001,_Ridgefield 002-00,_Ridgefield 002-00,2559,1853,151,42,19,2492,2012,38,24,0
0,_001,_Ridgefield 003-00,_Ridgefield 003-00,2178,1575,134,38,10,2155,1683,42,27,0
0,_001,_Ridgefield 004-00,_Ridgefield 004-00,314,270,32,5,3,303,312,5,7,0
0,_001,_Shelton 001-00,_Shelton 001-00,1862,3437,147,65,7,2662,2658,27,35,0
0,_001,_Shelton 002-00,_Shelton 002-00,2162,2547,136,86,4,2810,1852,62,42,0
0,_001,_Shelton 002-01,_Shelton 002-01,455,557,33,18,0,617,388,12,14,0
0,_001,_Shelton 003-00,_Shelton 003-00,1820,2433,98,43,0,2368,1847,35,26,0
0,_001,_Shelton 004-00,_Shelton 004-00,1702,3077,106,52,10,2364,2381,34,26,0
0,_001,_Sherman 001-00,_Sherman 001-00,976,1065,67,28,1,1101,956,17,19,0
0,_001,_Stamford 001-00,_Stamford 001-00,2775,1229,99,36,11,2642,1248,46,39,0
0,_001,_Stamford 002-00,_Stamford 002-00,1458,439,35,27,4,1407,388,20,21,0
0,_001,_Stamford 003-00,_Stamford 003-00,1502,829,42,39,4,1604,632,32,30,0
0,_001,_Stamford 004-00,_Stamford 004-00,1192,406,28,22,2,1244,300,18,14,0
0,_001,_Stamford 005-00,_Stamford 005-00,1800,737,47,39,3,1833,618,25,29,0
0,_001,_Stamford 006-01,_Stamford 006-01,1464,486,47,23,4,1435,489,21,24,0
0,_001,_Stamford 007-02,_Stamford 007-02,2489,753,84,38,8,2372,803,46,41,0
0,_001,_Stamford 008-00,_Stamford 008-00,256,78,10,13,0,250,75,3,4,0
0,_001,_Stamford 009-00,_Stamford 009-00,1467,385,27,22,1,1420,360,20,19,0
0,_001,_Stamford 010-00,_Stamford 010-00,3294,519,46,58,1,1420,459,29,37,0
0,_001,_Stamford 011-00,_Stamford 011-00,897,306,26,9,2,881,305,9,5,0
0,_001,_Stamford 012-00,_Stamford 012-00,891,447,43,19,2,931,361,16,19,0
0,_001,_Stamford 013-00,_Stamford 013-00,1496,993,73,34,6,1617,854,20,27,0
0,_001,_Stamford 014-00,_Stamford 014-00,2006,1262,81,40,2,2207,942,34,44,0
0,_001,_Stamford 015-00,_Stamford 015-00,1877,988,85,40,6,1617,779,41,41,0
0,_001,_Stamford 016-01,_Stamford 016-01,1052,840,40,19,4,1213,648,16,17,0
0,_001,_Stamford 017-00,_Stamford 017-00,1768,1146,79,39,2,1762,1170,36,18,0
0,_001,_Stamford 018-02,_Stamford 018-02,1219,885,53,27,6,1382,693,19,9,0
0,_001,_Stamford 019-00,_Stamford 019-00,1420,1237,68,22,3,1537,1093,20,25,0
0,_001,_Stamford 020-01,_Stamford 020-01,690,437,19,10,2,705,406,13,10,0
0,_001,_Stamford 021-00,_Stamford 021-00,2205,1321,103,43,2,2274,1275,29,20,0
0,_001,_Stamford 022-02,_Stamford 022-02,930,499,49,8,2,925,535,22,13,0
0,_001,_Stratford 010-01,_Stratford 010-01,296,181,19,6,0,340,135,6,7,0
0,_001,_Stratford 011-11,_Stratford 011-11,1126,1129,67,33,25,1457,817,17,26,0
0,_001,_Stratford 020-01,_Stratford 020-01,814,586,39,26,0,1018,400,7,13,0
0,_001,_Stratford 020-11,_Stratford 020-11,567,359,19,16,0,662,253,7,11,0
0,_001,_Stratford 020-13,_Stratford 020-13,39,17,0,0,0,44,10,0,0,0
0,_001,_Stratford 030-11,_Stratford 030-11,151,71,5,3,0,171,44,5,3,0
0,_001,_Stratford 030-13,_Stratford 030-13,1634,304,22,32,1,1658,192,9,25,0
0,_001,_Stratford 040-11,_Stratford 040-11,606,273,17,10,0,659,179,5,9,1
0,_001,_Stratford 040-13,_Stratford 040-13,712,213,16,12,0,733,139,14,10,0
0,_001,_Stratford 050-01,_Stratford 050-01,211,184,3,12,1,282,113,0,6,0
0,_001,_Stratford 050-11,_Stratford 050-11,1018,580,20,30,0,1184,355,11,19,0
0,_001,_Stratford 060-01,_Stratford 060-01,1039,954,61,24,11,1324,655,19,17,0
0,_001,_Stratford 060-11,_Stratford 060-11,305,228,18,7,0,355,163,9,2,0
0,_001,_Stratford 070-01,_Stratford 070-01,1308,1268,70,40,2,1654,912,25,21,0
0,_001,_Stratford 080-01,_Stratford 080-01,496,520,32,16,5,613,27,377,14,14
0,_001,_Stratford 080-21,_Stratford 080-21,876,924,47,19,0,1107,695,21,8,0
0,_001,_Stratford 090-01,_Stratford 090-01,823,964,37,23,4,1130,680,11,12,0
0,_001,_Stratford 090-21,_Stratford 090-21,554,563,18,8,0,663,460,6,4,0
0,_001,_Stratford 100-01,_Stratford 100-01,1154,1216,60,51,1,1506,851,19,40,0
0,_001,_Trumbull 001-23,_Trumbull 001-23,2219,2468,130,52,29,2636,2150,38,29,0
0,_001,_Trumbull 002-22,_Trumbull 002-22,491,554,23,12,3,567,478,4,10,0
0,_001,_Trumbull 002-23,_Trumbull 002-23,1604,1360,85,58,11,1881,1120,31,30,0
0,_001,_Trumbull 003-23,_Trumbull 003-23,2292,2477,121,36,5,2688,2108,24,29,0
0,_001,_Trumbull 004-34,_Trumbull 004-34,2693,2894,136,66,27,3215,2407,53,35,0
0,_001,_Weston 001-00,_Weston 001-00,1534,685,77,17,3,1399,887,19,16,0
0,_001,_Weston 002-00,_Weston 002-00,2273,948,131,41,3,2103,1249,32,25,0
0,_001,_Westport 136-01,_Westport 136-01,1614,637,71,18,7,1508,799,19,8,0
0,_001,_Westport 136-02,_Westport 136-02,2349,899,89,29,5,2223,1066,22,18,0
0,_001,_Westport 136-03,_Westport 136-03,2459,912,137,26,2,2279,1191,38,25,0
0,_001,_Westport 136-04,_Westport 136-04,927,369,46,16,1,860,460,8,10,0
0,_001,_Westport 136-05,_Westport 136-05,1356,542,44,18,8,1228,691,17,15,0
0,_001,_Westport 136-06,_Westport 136-06,1213,440,53,6,0,1131,544,19,12,0
0,_001,_Westport 143-01,_Westport 143-01,737,370,32,11,1,689,426,4,10,0
0,_001,_Wilton 001-00,_Wilton 001-00,2000,1269,150,37,7,1859,1523,41,27,0
0,_001,_Wilton 002-00,_Wilton 002-00,2202,1364,141,43,9,2112,1607,35,18,0
0,_001,_Wilton 003-00,_Wilton 003-00,1853,1153,120,31,12,1766,1363,26,20,0
0,_003,_Avon 001-00,_Avon 001-00,2242,1850,156,59,10,2300,1911,27,42,0
0,_003,_Avon 002-00,_Avon 002-00,1660,1127,76,49,10,1712,1156,18,20,0
0,_003,_Avon 003-00,_Avon 003-00,1773,1413,129,33,15,1828,1493,30,18,0
0,_003,_Berlin 001-00,_Berlin 001-00,635,702,31,14,0,778,544,17,8,0
0,_003,_Berlin 002-00,_Berlin 002-00,1278,1400,78,35,4,1633,987,22,28,0
0,_003,_Berlin 003-00,_Berlin 003-00,969,1257,51,27,0,1311,891,22,14,0
0,_003,_Berlin 004-00,_Berlin 004-00,717,1106,59,19,0,921,871,25,12,0
0,_003,_Berlin 005-00,_Berlin 005-00,1314,1745,107,47,6,1734,1349,26,23,0
0,_003,_Bloomfield 001-00,_Bloomfield 001-00,1439,583,59,32,4,1461,594,23,27,0
0,_003,_Bloomfield 002-00,_Bloomfield 002-00,2002,360,45,33,0,2046,332,17,38,0
0,_003,_Bloomfield 003-00,_Bloomfield 003-00,1984,106,9,14,0,1955,62,12,10,0
0,_003,_Bloomfield 004-00,_Bloomfield 004-00,1811,314,33,19,6,1785,313,7,18,0
0,_003,_Bloomfield 005-00,_Bloomfield 005-00,2401,320,37,26,2,2390,265,19,15,0
0,_003,_Bristol 077-01,_Bristol 077-01,1512,1500,84,52,7,1920,1093,22,32,0
0,_003,_Bristol 077-02,_Bristol 077-02,1531,1741,85,52,8,2076,1202,30,33,0
0,_003,_Bristol 077-03,_Bristol 077-03,1492,1406,89,49,3,1917,989,33,24,0
0,_003,_Bristol 077-04,_Bristol 077-04,806,817,60,21,1,1067,560,18,20,0
0,_003,_Bristol 078-01,_Bristol 078-01,1220,1580,79,44,4,1622,1205,34,20,0
0,_003,_Bristol 078-02,_Bristol 078-02,1162,1488,86,36,3,1508,1105,39,33,0
0,_003,_Bristol 079-01,_Bristol 079-01,1550,1463,103,66,5,2010,1003,35,36,0
0,_003,_Bristol 079-02,_Bristol 079-02,1462,1052,62,52,1,1674,757,43,49,0
0,_003,_Bristol 079-03,_Bristol 079-03,1764,1705,86,64,2,2135,1271,45,40,0
0,_003,_Burlington 001-00,_Burlington 001-00,2352,2773,201,56,3,2768,2426,54,41,0
0,_003,_Canton 001-00,_Canton 001-00,3100,2601,187,100,14,3387,2391,64,66,0
0,_003,_East Granby 001-00,_East Granby 001-00,1389,1371,149,36,5,1640,1189,39,33,0
0,_003,_East Hartford 001-00,_East Hartford 001-00,2370,533,58,29,0,2374,416,23,15,0
0,_003,_East Hartford 002-00,_East Hartford 002-00,1400,618,62,24,0,1534,432,27,23,0
0,_003,_East Hartford 003-00,_East Hartford 003-00,1277,415,39,32,0,1344,310,25,15,0
0,_003,_East Hartford 004-00,_East Hartford 004-00,2702,625,39,29,0,2718,448,42,34,0
0,_003,_East Hartford 005-00,_East Hartford 005-00,1750,724,63,32,0,1898,520,23,26,0
0,_003,_East Hartford 006-00,_East Hartford 006-00,1802,1085,74,37,6,2064,775,34,37,0
0,_003,_East Hartford 007-00,_East Hartford 007-00,1879,1213,71,50,9,2165,883,39,30,0
0,_003,_East Windsor 001-00,_East Windsor 001-00,496,608,33,22,1,638,443,10,14,0
0,_003,_East Windsor 001-02,_East Windsor 001-02,685,647,47,27,1,817,489,27,20,0
0,_003,_East Windsor 002-00,_East Windsor 002-00,1260,1351,78,40,5,1535,1048,28,23,0
0,_003,_Enfield 158-00,_Enfield 158-00,394,481,31,13,0,539,341,14,7,0
0,_003,_Enfield 159-00,_Enfield 159-00,1835,2176,168,75,1,2451,1562,50,61,0
0,_003,_Enfield 258-00,_Enfield 258-00,1750,1436,173,77,8,2125,1048,63,69,0
0,_003,_Enfield 358-00,_Enfield 358-00,725,599,44,15,7,885,412,21,17,0
0,_003,_Enfield 359-00,_Enfield 359-00,1707,2044,165,62,1,2236,1522,52,40,0
0,_003,_Enfield 458-00,_Enfield 458-00,1959,2158,145,52,9,2563,1518,58,30,0
0,_003,_Enfield 459-00,_Enfield 459-00,276,339,29,5,0,369,236,13,7,0
0,_003,_Farmington 001-01,_Farmington 001-01,1884,1105,98,44,10,1894,1137,36,31,0
0,_003,_Farmington 001-02,_Farmington 001-02,90,68,1,0,0,101,51,6,0,0
0,_003,_Farmington 001-03,_Farmington 001-03,434,339,37,7,0,477,313,12,4,0
0,_003,_Farmington 001-04,_Farmington 001-04,511,467,23,11,0,562,420,6,11,0
0,_003,_Farmington 001-05,_Farmington 001-05,848,649,54,27,2,959,570,25,14,0
0,_003,_Farmington 002-06,_Farmington 002-06,2107,1917,154,51,13,2378,1748,47,28,0
0,_003,_Farmington 002-07,_Farmington 002-07,1760,1432,110,45,5,1893,1388,27,25,0
0,_003,_Glastonbury 001-00,_Glastonbury 001-00,2763,1593,156,54,16,3025,1412,59,43,0
0,_003,_Glastonbury 002-00,_Glastonbury 002-00,120,123,12,0,0,127,123,2,2,0
0,_003,_Glastonbury 003-00,_Glastonbury 003-00,457,318,29,10,0,476,322,5,6,0
0,_003,_Glastonbury 004-00,_Glastonbury 004-00,1309,973,90,30,4,1397,982,23,16,0
0,_003,_Glastonbury 005-00,_Glastonbury 005-00,1718,1357,149,34,0,1824,1403,33,23,0
0,_003,_Glastonbury 007-00,_Glastonbury 007-00,2469,1558,128,70,9,2700,1412,42,39,0
0,_003,_Glastonbury 009-00,_Glastonbury 009-00,2238,1611,162,49,16,2357,1616,40,33,1
0,_003,_Granby 001-00,_Granby 001-00,2918,2739,268,107,21,3205,2619,80,81,0
0,_003,_Granby 002-00,_Granby 002-00,196,228,24,8,0,205,240,9,6,0
0,_003,_Hartford 001-00,_Hartford 001-00,64,1,2,2,0,62,2,0,0,0
0,_003,_Hartford 002-00,_Hartford 002-00,1890,53,5,14,0,1776,34,8,11,0
0,_003,_Hartford 003-00,_Hartford 003-00,1850,157,17,38,0,1770,115,17,28,0
0,_003,_Hartford 004-00,_Hartford 004-00,830,150,26,23,0,819,169,4,16,0
0,_003,_Hartford 005-00,_Hartford 005-00,1442,149,33,42,0,1370,138,19,40,0
0,_003,_Hartford 006-00,_Hartford 006-00,1118,31,7,11,0,1061,16,5,7,0
0,_003,_Hartford 007-00,_Hartford 007-00,1888,42,8,11,0,1779,20,9,14,0
0,_003,_Hartford 008-00,_Hartford 008-00,1825,95,23,23,3,1699,87,18,18,0
0,_003,_Hartford 009-00,_Hartford 009-00,608,55,7,12,0,553,42,5,14,0
0,_003,_Hartford 010-00,_Hartford 010-00,956,30,9,9,0,868,30,9,7,0
0,_003,_Hartford 011-00,_Hartford 011-00,444,45,18,5,0,428,53,6,9,0
0,_003,_Hartford 012-00,_Hartford 012-00,1720,98,14,13,0,1539,83,7,12,0
0,_003,_Hartford 013-00,_Hartford 013-00,1104,114,9,19,0,976,93,11,13,0
0,_003,_Hartford 014-00,_Hartford 014-00,1688,152,12,19,0,1608,101,9,23,0
0,_003,_Hartford 015-00,_Hartford 015-00,1509,243,24,25,0,1505,166,8,17,0
0,_003,_Hartford 016-00,_Hartford 016-00,1575,199,24,25,1,1507,155,21,22,0
0,_003,_Hartford 017-00,_Hartford 017-00,1290,107,8,19,0,1271,74,4,12,0
0,_003,_Hartford 018-00,_Hartford 018-00,1319,239,16,12,0,1259,189,10,7,0
0,_003,_Hartford 019-00,_Hartford 019-00,1405,130,10,15,0,1291,101,11,12,0
0,_003,_Hartford 020-00,_Hartford 020-00,1232,129,24,14,0,1082,126,5,15,0
0,_003,_Hartford 021-00,_Hartford 021-00,1292,106,16,24,0,1174,91,13,16,0
0,_003,_Hartford 022-00,_Hartford 022-00,812,133,27,15,0,751,151,16,15,0
0,_003,_Hartford 023-00,_Hartford 023-00,475,10,3,2,0,397,15,1,3,0
0,_003,_Hartford 024-00,_Hartford 024-00,2039,63,14,9,0,1917,38,11,12,0
0,_003,_Hartland 001-00,_Hartland 001-00,349,804,48,31,6,452,712,17,17,0
0,_003,_Manchester 001-00,_Manchester 001-00,1161,593,80,29,0,1257,492,31,31,0
0,_003,_Manchester 002-00,_Manchester 002-00,2503,1233,106,69,1,2719,995,45,45,0
0,_003,_Manchester 003-00,_Manchester 003-00,1735,1260,123,49,1,2004,1046,42,26,0
0,_003,_Manchester 004-00,_Manchester 004-00,2429,1124,137,86,2,2623,880,68,60,0
0,_003,_Manchester 005-00,_Manchester 005-00,2614,1343,178,109,22,2895,1080,79,49,0
0,_003,_Manchester 006-00,_Manchester 006-00,1231,966,76,25,7,1360,871,21,17,0
0,_003,_Manchester 007-00,_Manchester 007-00,1571,1099,90,47,0,1748,934,35,31,0
0,_003,_Manchester 008-00,_Manchester 008-00,1865,740,74,55,5,1997,524,38,45,0
0,_003,_Marlborough 001-00,_Marlborough 001-00,1687,1766,128,46,12,2004,1523,31,30,2
0,_003,_New Britain 001-00,_New Britain 001-00,1255,495,50,33,8,1328,363,28,31,0
0,_003,_New Britain 002-00,_New Britain 002-00,1096,388,16,27,0,1148,231,12,22,0
0,_003,_New Britain 003-00,_New Britain 003-00,1032,298,26,25,0,1062,193,15,15,0
0,_003,_New Britain 004-00,_New Britain 004-00,294,127,4,7,0,304,92,7,4,0
0,_003,_New Britain 005-00,_New Britain 005-00,579,106,14,16,1,561,75,14,14,0
0,_003,_New Britain 005-01,_New Britain 005-01,108,40,1,0,0,109,23,2,1,0
0,_003,_New Britain 005-02,_New Britain 005-02,163,15,0,0,0,154,8,0,0,0
0,_003,_New Britain 006-00,_New Britain 006-00,707,181,6,12,2,659,128,20,11,0
0,_003,_New Britain 007-00,_New Britain 007-00,1179,221,14,16,0,1134,151,9,10,0
0,_003,_New Britain 008-00,_New Britain 008-00,1004,203,26,12,2,971,157,12,16,0
0,_003,_New Britain 009-00,_New Britain 009-00,1000,343,20,27,0,1019,232,24,13,0
0,_003,_New Britain 010-00,_New Britain 010-00,632,278,25,22,0,665,207,13,14,0
0,_003,_New Britain 011-00,_New Britain 011-00,1115,643,39,48,4,1225,446,16,35,0
0,_003,_New Britain 012-00,_New Britain 012-00,1872,1004,64,55,0,2020,703,37,39,0
0,_003,_New Britain 013-00,_New Britain 013-00,955,423,20,28,0,951,270,11,24,0
0,_003,_New Britain 014-00,_New Britain 014-00,1516,517,34,31,0,1588,347,22,22,0
0,_003,_New Britain 015-00,_New Britain 015-00,961,773,47,22,1,1106,606,21,15,0
0,_003,_Newington 001-00,_Newington 001-00,1322,930,73,45,0,1545,720,22,31,0
0,_003,_Newington 002-00,_Newington 002-00,1818,1330,95,34,5,2140,1054,23,31,0
0,_003,_Newington 003-00,_Newington 003-00,803,617,38,21,3,918,482,16,13,0
0,_003,_Newington 004-00,_Newington 004-00,989,715,61,32,2,1197,534,20,21,0
0,_003,_Newington 005-00,_Newington 005-00,948,814,57,15,4,1152,596,21,14,0
0,_003,_Newington 006-00,_Newington 006-00,995,870,59,27,1,1242,618,24,21,0
0,_003,_Newington 007-00,_Newington 007-00,987,711,59,16,1,1163,563,13,10,0
0,_003,_Newington 008-00,_Newington 008-00,563,570,37,23,1,700,444,12,14,0
0,_003,_Plainville 001-00,_Plainville 001-00,1145,1457,74,43,0,1602,985,28,29,0
0,_003,_Plainville 002-00,_Plainville 002-00,1081,1210,82,53,4,1401,911,14,26,0
0,_003,_Plainville 003-00,_Plainville 003-00,651,854,49,22,0,895,621,18,14,0
0,_003,_Plainville 004-00,_Plainville 004-00,925,971,49,33,0,1221,675,19,15,0
0,_003,_Rocky Hill 001-00,_Rocky Hill 001-00,2151,1993,104,31,2,2584,1577,39,22,0
0,_003,_Rocky Hill 002-00,_Rocky Hill 002-00,1841,1256,127,51,0,2118,1006,42,33,0
0,_003,_Rocky Hill 003-00,_Rocky Hill 003-00,1098,1082,73,23,6,1404,789,22,14,0
0,_003,_Simsbury 001-00,_Simsbury 001-00,2288,1618,164,39,9,2387,1601,44,29,0
0,_003,_Simsbury 002-00,_Simsbury 002-00,2550,1725,208,51,19,2676,1758,57,50,0
0,_003,_Simsbury 003-00,_Simsbury 003-00,1783,1262,125,39,9,1794,1357,34,28,0
0,_003,_Simsbury 004-00,_Simsbury 004-00,1204,752,101,32,6,1265,712,38,28,0
0,_003,_South Windsor 001-00,_South Windsor 001-00,452,388,33,11,2,518,392,12,9,0
0,_003,_South Windsor 002-00,_South Windsor 002-00,1466,1073,104,30,0,2400,179,29,30,0
0,_003,_South Windsor 003-00,_South Windsor 003-00,2286,1614,136,45,10,2665,1309,58,31,0
0,_003,_South Windsor 004-00,_South Windsor 004-00,1222,884,98,27,0,1370,818,24,20,0
0,_003,_South Windsor 005-00,_South Windsor 005-00,2295,1598,127,53,0,2656,1325,37,31,0
0,_003,_Southington 001-00,_Southington 001-00,1232,1618,103,33,1,1594,1306,28,17,0
0,_003,_Southington 002-00,_Southington 002-00,968,1229,84,18,5,1299,910,31,14,0
0,_003,_Southington 003-00,_Southington 003-00,1266,1509,110,50,4,1668,1074,46,25,0
0,_003,_Southington 004-00,_Southington 004-00,693,815,42,23,0,878,646,17,12,0
0,_003,_Southington 005-00,_Southington 005-00,893,1324,68,24,6,1171,1105,13,11,0
0,_003,_Southington 006-00,_Southington 006-00,1118,1087,67,37,0,1423,827,15,24,0
0,_003,_Southington 007-00,_Southington 007-00,766,1135,49,17,3,1002,916,14,13,0
0,_003,_Southington 008-00,_Southington 008-00,762,1040,61,21,1,967,848,14,13,0
0,_003,_Southington 009-00,_Southington 009-00,591,576,36,14,0,749,443,3,13,0
0,_003,_Southington 010-00,_Southington 010-00,670,883,47,14,0,880,697,11,10,0
0,_003,_Southington 011-00,_Southington 011-00,931,1167,76,24,7,1247,888,28,22,0
0,_003,_Suffield 001-00,_Suffield 001-00,3334,3789,307,111,17,3913,3273,84,97,0
0,_003,_West Hartford 001-00,_West Hartford 001-00,2413,771,86,31,0,2454,763,31,30,0
0,_003,_West Hartford 002-00,_West Hartford 002-00,3025,862,140,45,13,2998,982,41,45,0
0,_003,_West Hartford 003-00,_West Hartford 003-00,3465,869,129,84,18,3403,930,61,78,0
0,_003,_West Hartford 004-00,_West Hartford 004-00,3020,792,87,73,4,3056,692,38,54,0
0,_003,_West Hartford 005-00,_West Hartford 005-00,2214,979,81,50,3,2343,809,31,43,0
0,_003,_West Hartford 006-00,_West Hartford 006-00,2238,1059,116,46,15,2290,1071,33,44,0
0,_003,_West Hartford 007-00,_West Hartford 007-00,2347,854,118,48,3,2241,1080,38,33,0
0,_003,_West Hartford 008-00,_West Hartford 008-00,3002,1167,148,46,6,2888,1391,40,42,0
0,_003,_West Hartford 009-00,_West Hartford 009-00,2057,702,88,22,10,2042,771,19,30,0
0,_003,_Wethersfield 001-00,_Wethersfield 001-00,1262,1464,79,26,34,1502,1217,29,18,0
0,_003,_Wethersfield 002-00,_Wethersfield 002-00,793,74,45,15,3,870,396,16,16,0
0,_003,_Wethersfield 003-00,_Wethersfield 003-00,1146,900,74,32,8,1343,730,22,23,0
0,_003,_Wethersfield 004-00,_Wethersfield 004-00,1499,1274,75,36,1,1741,1037,19,25,0
0,_003,_Wethersfield 005-00,_Wethersfield 005-00,1330,1038,75,34,2,1555,804,23,32,0
0,_003,_Wethersfield 006-00,_Wethersfield 006-00,1704,1044,99,51,5,1915,831,24,51,0
0,_003,_Windsor 001-00,_Windsor 001-00,1354,188,25,20,0,1393,136,12,14,0
0,_003,_Windsor 002-00,_Windsor 002-00,2276,741,83,37,0,2400,657,27,27,0
0,_003,_Windsor 003-00,_Windsor 003-00,2159,240,34,31,2,2152,203,19,24,0
0,_003,_Windsor 004-00,_Windsor 004-00,1005,413,19,28,0,1071,341,11,12,0
0,_003,_Windsor 005-00,_Windsor 005-00,1930,992,117,51,7,2119,860,37,29,0
0,_003,_Windsor 006-00,_Windsor 006-00,1808,847,68,44,5,1900,777,25,32,0
0,_003,_Windsor 007-00,_Windsor 007-00,838,592,39,20,3,940,515,18,10,0
0,_003,_Windsor Locks 001-00,_Windsor Locks 001-00,1412,1469,116,54,6,1828,1065,56,36,0
0,_003,_Windsor Locks 002-00,_Windsor Locks 002-00,1377,1553,116,43,0,1832,1111,33,42,0
0,_005,_Barkhamsted 001-00,_Barkhamsted 001-00,905,1157,94,37,7,1103,1007,43,20,0
0,_005,_Bethlehem 001-00,_Bethlehem 001-00,801,1405,59,47,5,998,1196,32,39,0
0,_005,_Bridgewater 001-00,_Bridgewater 001-00,518,571,33,17,2,631,467,16,0,0
0,_005,_Canaan 001-00,_Canaan 001-00,357,203,23,9,0,383,172,12,11,0
0,_005,_Colebrook 001-00,_Colebrook 001-00,324,528,28,18,1,392,467,7,13,0
0,_005,_Cornwall 001-00,_Cornwall 001-00,622,248,27,26,0,639,237,14,20,0
0,_005,_Goshen 001-00,_Goshen 001-00,416,530,27,12,0,463,493,13,11,0
0,_005,_Goshen 002-00,_Goshen 002-00,257,534,34,13,0,330,480,13,7,0
0,_005,_Harwinton 008-00,_Harwinton 008-00,315,538,35,15,2,422,433,17,16,0
0,_005,_Harwinton 031-00,_Harwinton 031-00,816,1569,82,26,9,1071,1338,23,13,0
0,_005,_Kent 001-00,_Kent 001-00,1081,559,45,27,4,1144,508,16,20,0
0,_005,_Litchfield 001-00,_Litchfield 001-00,1543,1359,109,36,6,1700,1244,38,29,0
0,_005,_Litchfield 002-00,_Litchfield 002-00,196,531,38,12,2,293,454,14,4,0
0,_005,_Litchfield 003-00,_Litchfield 003-00,376,446,30,17,0,475,357,11,11,0
0,_005,_Litchfield 004-00,_Litchfield 004-00,56,98,3,1,0,63,92,2,1,0
0,_005,_Morris 001-00,_Morris 001-00,510,838,41,24,5,629,747,16,13,0
0,_005,_New Hartford 001-00,_New Hartford 001-00,866,1029,83,44,2,1013,928,27,27,0
0,_005,_New Hartford 002-00,_New Hartford 002-00,788,1214,63,33,0,935,1083,14,18,0
0,_005,_New Milford 001-00,_New Milford 001-00,1163,1456,66,38,1,1443,1140,35,27,0
0,_005,_New Milford 002-00,_New Milford 002-00,994,933,69,29,6,1188,717,38,28,1
0,_005,_New Milford 003-00,_New Milford 003-00,629,705,60,22,0,773,582,18,15,0
0,_005,_New Milford 004-00,_New Milford 004-00,405,416,22,18,0,498,342,7,14,0
0,_005,_New Milford 005-00,_New Milford 005-00,928,1177,73,50,5,1153,971,30,30,0
0,_005,_New Milford 006-00,_New Milford 006-00,926,1291,76,25,5,1191,1053,23,20,0
0,_005,_New Milford 007-00,_New Milford 007-00,1091,887,67,32,3,1285,885,28,1,0
0,_005,_Norfolk 001-00,_Norfolk 001-00,547,373,20,26,1,594,350,10,12,0
0,_005,_North Canaan 001-00,_North Canaan 001-00,732,703,52,22,0,931,554,14,24,8
0,_005,_Plymouth 001-00,_Plymouth 001-00,840,1729,3,1,3,1368,1245,2,1,0
0,_005,_Plymouth 002-00,_Plymouth 002-00,1044,2038,110,41,1,1497,1550,42,35,0
0,_005,_Roxbury 001-00,_Roxbury 001-00,765,638,55,16,0,802,618,19,11,0
0,_005,_Salisbury 001-00,_Salisbury 001-00,1671,545,73,38,4,1740,507,18,29,0
0,_005,_Sharon 001-00,_Sharon 001-00,820,521,50,25,0,887,469,19,15,0
0,_005,_Thomaston 001-00,_Thomaston 001-00,1152,2616,152,50,1,1799,2008,46,34,0
0,_005,_Torrington 001-00,_Torrington 001-00,1488,2491,119,44,0,2015,1990,41,34,0
0,_005,_Torrington 002-00,_Torrington 002-00,494,979,55,15,0,655,803,26,15,0
0,_005,_Torrington 003-00,_Torrington 003-00,120,123,10,12,1,151,82,11,8,0
0,_005,_Torrington 004-00,_Torrington 004-00,136,174,15,6,2,182,135,4,4,0
0,_005,_Torrington 005-00,_Torrington 005-00,829,1066,75,27,5,1089,815,25,26,0
0,_005,_Torrington 006-00,_Torrington 006-00,195,355,21,8,0,273,290,5,2,0
0,_005,_Torrington 007-00,_Torrington 007-00,228,245,7,6,0,269,182,8,6,0
0,_005,_Torrington 008-00,_Torrington 008-00,2223,3240,213,96,8,3096,2310,72,81,0
0,_005,_Warren 001-00,_Warren 001-00,352,451,35,16,4,420,397,10,6,0
0,_005,_Washington 001-00,_Washington 001-00,1242,738,57,41,4,1315,697,20,29,0
0,_005,_Watertown 001-00,_Watertown 001-00,1114,2253,93,32,0,1538,1790,37,31,0
0,_005,_Watertown 002-00,_Watertown 002-00,967,1975,73,33,0,1263,1629,27,17,0
0,_005,_Watertown 003-00,_Watertown 003-00,811,1704,61,29,0,1194,1289,22,21,0
0,_005,_Watertown 004-00,_Watertown 004-00,840,1798,73,28,0,1270,1329,36,20,0
0,_005,_Winchester 001-00,_Winchester 001-00,1816,2903,146,122,7,2485,2196,61,91,0
0,_005,_Woodbury 001-00,_Woodbury 001-00,2231,2822,134,75,65,2541,2595,41,45,2
0,_005,_Woodbury 002-00,_Woodbury 002-00,235,349,15,4,0,283,296,3,5,0
0,_007,_Chester 001-00,_Chester 001-00,1365,781,82,41,4,1536,662,19,26,0
0,_007,_Clinton 002-00,_Clinton 002-00,3493,3415,176,98,9,4320,2603,74,72,0
0,_007,_Cromwell 001-01,_Cromwell 001-01,3808,3486,289,111,20,4685,2696,93,64,0
0,_007,_Deep River 001-00,_Deep River 001-00,1412,1077,74,41,2,1679,841,23,26,0
0,_007,_Durham 002-00,_Durham 002-00,1253,1328,118,44,0,1512,1155,36,26,0
0,_007,_Durham 003-00,_Durham 003-00,129,149,9,4,3,166,117,2,1,0
0,_007,_Durham 004-00,_Durham 004-00,516,679,31,15,3,653,537,17,19,0
0,_007,_East Haddam 001-00,_East Haddam 001-00,2331,2487,164,95,10,2856,2017,60,68,0
0,_007,_East Hampton 001-00,_East Hampton 001-00,3210,3648,277,88,22,4143,2771,97,76,0
0,_007,_Essex 001-00,_Essex 001-00,2291,1620,114,67,0,2547,1495,19,36,0
0,_007,_Haddam 001-00,_Haddam 001-00,1103,1212,90,37,9,1332,1025,21,26,0
0,_007,_Haddam 002-00,_Haddam 002-00,912,1225,73,53,0,1179,1025,17,26,0
0,_007,_Haddam 003-00,_Haddam 003-00,126,119,8,3,0,149,101,2,2,0
0,_007,_Killingworth 001-00,_Killingworth 001-00,1895,1943,119,55,3,2248,1634,40,30,0
0,_007,_Middlefield 100-00,_Middlefield 100-00,1154,1361,78,38,5,1513,1035,25,18,0
0,_007,_Middletown 001-00,_Middletown 001-00,973,322,41,58,0,1024,228,20,47,0
0,_007,_Middletown 002-00,_Middletown 002-00,322,80,15,4,0,324,60,3,9,0
0,_007,_Middletown 003-00,_Middletown 003-00,524,280,21,12,3,587,223,10,8,0
0,_007,_Middletown 004-00,_Middletown 004-00,917,755,67,27,3,1077,615,17,23,0
0,_007,_Middletown 005-00,_Middletown 005-00,1854,981,110,60,8,2028,826,52,37,0
0,_007,_Middletown 006-00,_Middletown 006-00,816,641,49,17,12,970,501,12,12,0
0,_007,_Middletown 007-00,_Middletown 007-00,803,403,34,32,0,921,277,19,11,0
0,_007,_Middletown 008-00,_Middletown 008-00,282,83,9,8,0,293,57,7,9,0
0,_007,_Middletown 009-00,_Middletown 009-00,1156,745,60,37,3,1334,606,22,23,0
0,_007,_Middletown 010-00,_Middletown 010-00,754,572,41,38,3,864,456,14,18,0
0,_007,_Middletown 011-00,_Middletown 011-00,1269,920,65,52,2,1537,682,23,34,0
0,_007,_Middletown 012-00,_Middletown 012-00,1517,860,75,76,1,1717,624,33,42,0
0,_007,_Middletown 013-00,_Middletown 013-00,654,366,29,20,0,740,270,16,12,0
0,_007,_Middletown 014-00,_Middletown 014-00,1118,118,23,44,0,1054,96,17,46,0
0,_007,_Old Saybrook 001-00,_Old Saybrook 001-00,1251,1158,46,29,5,1439,1012,19,23,0
0,_007,_Old Saybrook 002-00,_Old Saybrook 002-00,1956,1626,87,56,11,2312,1327,21,34,0
0,_007,_Portland 001-00,_Portland 001-00,2494,2491,186,82,0,3087,1929,61,71,0
0,_007,_Westbrook 001-00,_Westbrook 001-00,990,1120,67,40,1,1249,879,23,20,0
0,_007,_Westbrook 002-00,_Westbrook 002-00,709,816,33,15,1,885,614,13,15,0
0,_009,_Ansonia 001-00,_Ansonia 001-00,581,423,34,17,1,2791,292,12,10,0
0,_009,_Ansonia 002-01,_Ansonia 002-01,499,452,30,18,1,644,297,9,10,0
0,_009,_Ansonia 003-01,_Ansonia 003-01,508,440,33,13,0,625,308,14,9,0
0,_009,_Ansonia 004-00,_Ansonia 004-00,342,233,13,13,0,382,159,8,10,0
0,_009,_Ansonia 005-00,_Ansonia 005-00,516,477,29,22,0,667,310,15,12,0
0,_009,_Ansonia 006-00,_Ansonia 006-00,536,764,35,19,2,783,512,9,13,1
0,_009,_Ansonia 007-00,_Ansonia 007-00,550,832,35,10,0,845,536,7,12,0
0,_009,_Beacon Falls 001-00,_Beacon Falls 001-00,1146,2002,134,46,4,1683,1483,58,21,0
0,_009,_Bethany 001-00,_Bethany 001-00,1580,1646,112,39,3,1857,1433,33,30,0
0,_009,_Branford 001-00,_Branford 001-00,1588,1352,70,42,8,1907,1008,33,21,0
0,_009,_Branford 002-00,_Branford 002-00,890,601,20,16,1,1056,436,7,12,0
0,_009,_Branford 003-00,_Branford 003-00,973,558,41,26,2,1133,417,15,12,0
0,_009,_Branford 004-00,_Branford 004-00,1667,1163,75,43,6,1975,903,36,29,0
0,_009,_Branford 005-00,_Branford 005-00,1431,1092,52,25,4,1707,820,24,17,0
0,_009,_Branford 006-00,_Branford 006-00,1073,1051,48,29,1,1415,695,24,12,0
0,_009,_Branford 007-00,_Branford 007-00,831,768,38,20,0,1003,605,18,10,0
0,_009,_Cheshire 001-00,_Cheshire 001-00,1803,1689,132,38,7,2057,1544,36,24,0
0,_009,_Cheshire 002-00,_Cheshire 002-00,842,797,56,18,6,928,755,12,12,0
0,_009,_Cheshire 003-00,_Cheshire 003-00,1102,1186,79,24,0,1312,988,28,20,0
0,_009,_Cheshire 004-00,_Cheshire 004-00,1700,1383,102,40,2,1972,1169,27,15,0
0,_009,_Cheshire 005-00,_Cheshire 005-00,715,581,47,34,2,828,515,16,18,0
0,_009,_Cheshire 006-00,_Cheshire 006-00,875,936,80,19,0,1029,839,18,11,0
0,_009,_Cheshire 007-00,_Cheshire 007-00,535,533,42,16,0,657,442,12,15,0
0,_009,_Derby 004-00,_Derby 004-00,809,666,27,22,0,961,447,17,18,0
0,_009,_Derby 005-00,_Derby 005-00,287,311,15,8,0,395,202,5,2,0
0,_009,_Derby 014-00,_Derby 014-00,1236,1674,67,28,0,1758,1106,25,17,0
0,_009,_East Haven 001-00,_East Haven 001-00,1040,1244,26,30,0,1461,744,15,21,0
0,_009,_East Haven 001-03,_East Haven 001-03,102,73,1,2,0,123,31,0,2,0
0,_009,_East Haven 002-00,_East Haven 002-00,1206,1455,55,31,0,1665,914,25,24,0
0,_009,_East Haven 003-00,_East Haven 003-00,892,1263,38,24,0,1249,835,14,18,0
0,_009,_East Haven 003-03,_East Haven 003-03,71,131,5,1,0,114,84,1,1,0
0,_009,_East Haven 004-00,_East Haven 004-00,1036,1262,41,25,0,1415,748,25,26,0
0,_009,_East Haven 005-00,_East Haven 005-00,1025,1406,51,34,0,1475,857,30,28,0
0,_009,_East Haven 005-03,_East Haven 005-03,53,33,1,0,0,64,13,0,0,0
0,_009,_Guilford 001-00,_Guilford 001-00,1614,714,66,27,7,1740,636,15,16,0
0,_009,_Guilford 002-00,_Guilford 002-00,1551,1058,61,35,2,1791,829,21,18,0
0,_009,_Guilford 003-00,_Guilford 003-00,1755,1156,94,24,4,1890,1032,41,17,1
0,_009,_Guilford 004-00,_Guilford 004-00,1311,1171,63,44,13,1531,964,28,29,0
0,_009,_Guilford 005-00,_Guilford 005-00,1633,830,54,29,7,1768,707,18,24,0
0,_009,_Hamden 001-00,_Hamden 001-00,1089,684,47,21,3,1222,502,18,18,0
0,_009,_Hamden 002-00,_Hamden 002-00,1733,504,44,38,2,1843,354,29,26,0
0,_009,_Hamden 003-00,_Hamden 003-00,1931,228,30,22,9,1958,154,20,10,0
0,_009,_Hamden 004-00,_Hamden 004-00,2322,806,73,52,11,2494,676,33,30,0
0,_009,_Hamden 005-00,_Hamden 005-00,2152,368,38,39,4,2214,301,19,30,0
0,_009,_Hamden 005-01,_Hamden 005-01,150,26,1,5,0,156,14,1,2,0
0,_009,_Hamden 006-00,_Hamden 006-00,1744,628,49,33,4,1849,475,32,17,0
0,_009,_Hamden 007-00,_Hamden 007-00,1989,957,69,43,2,2192,700,41,30,0
0,_009,_Hamden 008-00,_Hamden 008-00,2395,1368,76,32,0,2676,1061,29,26,0
0,_009,_Hamden 008-01,_Hamden 008-01,167,153,12,3,0,204,118,2,3,0
0,_009,_Hamden 009-00,_Hamden 009-00,1447,1206,42,29,1,1633,979,21,30,0
0,_009,_Hamden 010-00,_Hamden 010-00,1380,669,56,20,9,1536,511,30,21,0
0,_009,_Hamden 010-01,_Hamden 010-01,463,193,12,11,1,510,142,5,4,0
0,_009,_Madison 001-00,_Madison 001-00,3157,2317,158,60,12,3405,2187,34,41,0
0,_009,_Madison 002-00,_Madison 002-00,2778,2183,176,60,12,3027,2117,43,35,0
0,_009,_Meriden 001-00,_Meriden 001-00,986,626,40,34,0,1116,446,23,30,0
0,_009,_Meriden 002-00,_Meriden 002-00,624,200,20,17,0,597,136,20,10,0
0,_009,_Meriden 003-00,_Meriden 003-00,1259,521,48,37,2,1325,355,30,26,0
0,_009,_Meriden 004-00,_Meriden 004-00,719,157,16,15,0,660,121,10,15,0
0,_009,_Meriden 005-00,_Meriden 005-00,616,178,23,8,0,609,122,19,8,0
0,_009,_Meriden 006-00,_Meriden 006-00,862,692,48,26,3,1037,489,25,22,0
0,_009,_Meriden 007-00,_Meriden 007-00,861,521,35,21,0,975,368,16,7,0
0,_009,_Meriden 008-00,_Meriden 008-00,1067,896,65,35,0,1299,671,19,20,0
0,_009,_Meriden 009-00,_Meriden 009-00,842,553,60,29,0,1005,410,21,21,0
0,_009,_Meriden 010-00,_Meriden 010-00,955,834,68,26,0,1170,626,16,12,0
0,_009,_Meriden 011-00,_Meriden 011-00,1708,1313,92,34,3,1954,1003,37,32,0
0,_009,_Meriden 012-00,_Meriden 012-00,1424,1314,87,45,0,1778,937,39,24,0
0,_009,_Meriden 013-00,_Meriden 013-00,865,855,33,21,4,1040,674,5,13,0
0,_009,_Middlebury 001-00,_Middlebury 001-00,1097,1643,95,25,7,1337,1386,26,17,0
0,_009,_Middlebury 002-00,_Middlebury 002-00,567,987,53,20,1,665,884,19,17,0
0,_009,_Milford 117-00,_Milford 117-00,2606,2470,147,48,1,3254,1814,55,28,0
0,_009,_Milford 118-01,_Milford 118-01,960,1048,73,37,0,1268,750,21,18,0
0,_009,_Milford 118-02,_Milford 118-02,1579,1330,97,46,9,1985,928,41,36,0
0,_009,_Milford 118-03,_Milford 118-03,1604,1444,82,43,4,2033,1020,28,29,0
0,_009,_Milford 118-04,_Milford 118-04,1054,1035,53,36,3,1340,704,25,30,0
0,_009,_Milford 118-05,_Milford 118-05,634,436,41,16,0,719,348,14,13,0
0,_009,_Milford 119-01,_Milford 119-01,1608,2036,88,39,0,2137,1515,34,29,0
0,_009,_Milford 119-02,_Milford 119-02,897,956,50,23,4,1143,710,19,13,0
0,_009,_Milford 119-03,_Milford 119-03,2656,2628,160,61,9,3352,1977,59,46,0
0,_009,_Naugatuck 001-01,_Naugatuck 001-01,160,194,11,7,1,200,152,1,4,0
0,_009,_Naugatuck 001-02,_Naugatuck 001-02,848,1260,76,34,0,1116,955,30,25,0
0,_009,_Naugatuck 001-03,_Naugatuck 001-03,467,627,39,13,0,579,495,12,18,0
0,_009,_Naugatuck 002-01,_Naugatuck 002-01,830,1202,61,31,2,1131,867,23,26,0
0,_009,_Naugatuck 002-02,_Naugatuck 002-02,112,277,18,8,0,195,193,6,5,0
0,_009,_Naugatuck 002-03,_Naugatuck 002-03,776,1069,70,25,2,1070,786,24,24,0
0,_009,_Naugatuck 003-01,_Naugatuck 003-01,676,882,59,29,7,889,661,20,28,0
0,_009,_Naugatuck 003-02,_Naugatuck 003-02,1103,1495,89,39,2,1496,1046,50,40,0
0,_009,_Naugatuck 003-03,_Naugatuck 003-03,247,304,17,13,0,320,212,9,14,0
0,_009,_New Haven 001-02,_New Haven 001-02,476,23,8,6,1,406,55,7,5,0
0,_009,_New Haven 002-02,_New Haven 002-02,1258,75,13,23,1,1206,81,7,17,0
0,_009,_New Haven 003-01,_New Haven 003-01,682,48,9,4,0,667,34,6,3,0
0,_009,_New Haven 003-02,_New Haven 003-02,277,31,1,2,0,251,21,2,5,0
0,_009,_New Haven 004-01,_New Haven 004-01,731,67,9,6,0,694,42,5,6,0
0,_009,_New Haven 004-02,_New Haven 004-02,243,16,0,0,0,226,7,2,0,0
0,_009,_New Haven 005-00,_New Haven 005-00,964,96,5,9,2,946,67,2,8,0
0,_009,_New Haven 006-02,_New Haven 006-02,663,105,6,6,1,642,89,5,4,0
0,_009,_New Haven 006-03,_New Haven 006-03,238,28,1,3,0,228,13,1,3,0
0,_009,_New Haven 007-02,_New Haven 007-02,2419,184,51,44,11,118,274,23,48,0
0,_009,_New Haven 008-01,_New Haven 008-01,335,34,7,2,0,305,25,4,3,0
0,_009,_New Haven 008-02,_New Haven 008-02,1095,128,23,21,4,1087,100,12,29,0
0,_009,_New Haven 009-02,_New Haven 009-02,1198,102,23,24,7,1195,85,20,25,0
0,_009,_New Haven 010-00,_New Haven 010-00,1932,146,27,42,8,1902,160,17,39,0
0,_009,_New Haven 011-01,_New Haven 011-01,395,128,3,7,0,407,83,1,2,0
0,_009,_New Haven 011-02,_New Haven 011-02,330,69,3,5,0,324,40,1,8,0
0,_009,_New Haven 011-03,_New Haven 011-03,381,69,5,6,1,369,41,7,1,0
0,_009,_New Haven 012-01,_New Haven 012-01,318,72,3,1,2,314,49,1,2,0
0,_009,_New Haven 012-02,_New Haven 012-02,872,140,5,14,2,858,92,8,7,0
0,_009,_New Haven 013-00,_New Haven 013-00,1102,263,24,24,2,1149,159,12,23,0
0,_009,_New Haven 014-01,_New Haven 014-01,772,105,12,11,0,743,66,14,7,0
0,_009,_New Haven 015-01,_New Haven 015-01,765,88,9,16,2,721,75,6,10,0
0,_009,_New Haven 016-00,_New Haven 016-00,810,93,6,6,2,788,69,4,1,0
0,_009,_New Haven 017-00,_New Haven 017-00,1138,435,15,35,4,1223,251,15,26,0
0,_009,_New Haven 018-00,_New Haven 018-00,1062,830,38,36,2,1383,463,17,17,0
0,_009,_New Haven 019-01,_New Haven 019-01,466,25,6,10,3,442,32,0,14,0
0,_009,_New Haven 019-02,_New Haven 019-02,625,40,11,22,11,612,68,6,16,0
0,_009,_New Haven 020-02,_New Haven 020-02,1581,40,11,17,3,1518,38,3,9,0
0,_009,_New Haven 021-01,_New Haven 021-01,799,11,1,7,1,753,13,4,9,0
0,_009,_New Haven 022-01,_New Haven 022-01,691,19,7,14,5,653,28,3,12,0
0,_009,_New Haven 022-02,_New Haven 022-02,590,21,8,7,2,572,27,4,6,0
0,_009,_New Haven 023-00,_New Haven 023-00,1243,46,12,16,0,1192,40,12,20,0
0,_009,_New Haven 024-00,_New Haven 024-00,1299,90,9,25,5,1282,65,9,22,0
0,_009,_New Haven 025-00,_New Haven 025-00,1867,236,39,44,5,1864,225,25,39,0
0,_009,_New Haven 026-00,_New Haven 026-00,1729,247,30,34,7,1776,199,10,20,0
0,_009,_New Haven 027-01,_New Haven 027-01,1077,127,18,19,3,1043,109,12,18,0
0,_009,_New Haven 028-00,_New Haven 028-00,1225,103,17,17,4,1202,94,6,13,0
0,_009,_New Haven 029-00,_New Haven 029-00,1138,88,8,24,2,1101,65,9,18,0
0,_009,_New Haven 030-01,_New Haven 030-01,453,25,4,3,0,419,19,5,3,0
0,_009,_New Haven 030-02,_New Haven 030-02,694,47,6,6,1,665,29,3,9,0
0,_009,_North Branford 001-00,_North Branford 001-00,1699,2300,74,31,4,2351,1556,42,35,0
0,_009,_North Branford 002-00,_North Branford 002-00,1234,2173,101,37,1,1831,1518,34,18,0
0,_009,_North Haven 001-00,_North Haven 001-00,1076,1446,63,22,4,1522,959,20,21,0
0,_009,_North Haven 002-00,_North Haven 002-00,1127,1745,58,29,2,1701,1130,23,10,0
0,_009,_North Haven 003-00,_North Haven 003-00,863,490,38,28,2,1013,379,7,16,0
0,_009,_North Haven 003-11,_North Haven 003-11,853,855,45,20,0,1065,647,16,18,0
0,_009,_North Haven 004-00,_North Haven 004-00,638,813,36,16,4,842,617,12,9,0
0,_009,_North Haven 005-00,_North Haven 005-00,1280,1919,83,31,3,1861,1317,34,25,0
0,_009,_Orange 001-00,_Orange 001-00,2161,2367,131,47,9,2751,1822,41,32,0
0,_009,_Orange 002-00,_Orange 002-00,783,893,43,21,1,1030,648,12,15,0
0,_009,_Orange 003-00,_Orange 003-00,890,961,42,18,0,1130,756,21,11,0
0,_009,_Oxford 001-00,_Oxford 001-00,2398,4685,178,64,18,3332,3735,56,53,0
0,_009,_Prospect 001-00,_Prospect 001-00,717,1883,68,27,4,1119,1444,24,19,0
0,_009,_Prospect 002-00,_Prospect 002-00,944,1818,88,31,5,1287,1483,30,23,0
0,_009,_Seymour 001-00,_Seymour 001-00,1448,2188,98,59,8,2077,1567,40,36,0
0,_009,_Seymour 002-00,_Seymour 002-00,592,1184,40,16,1,886,855,15,13,0
0,_009,_Seymour 003-00,_Seymour 003-00,984,1452,89,42,5,1458,974,29,31,0
0,_009,_Southbury 001-00,_Southbury 001-00,1731,1818,75,34,7,1939,1614,30,29,0
0,_009,_Southbury 002-00,_Southbury 002-00,2521,3258,185,50,7,2862,2941,46,45,0
0,_009,_Southbury 003-00,_Southbury 003-00,761,1024,87,19,3,871,983,17,12,0
0,_009,_Wallingford 001-00,_Wallingford 001-00,333,466,18,11,2,438,358,6,11,0
0,_009,_Wallingford 002-00,_Wallingford 002-00,1345,1074,76,42,3,1671,755,32,38,1
0,_009,_Wallingford 003-00,_Wallingford 003-00,746,715,50,16,1,934,527,18,13,0
0,_009,_Wallingford 004-00,_Wallingford 004-00,1471,1499,95,51,6,1977,1005,25,32,0
0,_009,_Wallingford 005-00,_Wallingford 005-00,1806,1696,113,52,2,2250,1253,52,51,0
0,_009,_Wallingford 006-00,_Wallingford 006-00,1089,962,67,20,4,1325,737,23,17,0
0,_009,_Wallingford 007-00,_Wallingford 007-00,1336,1568,114,39,0,1804,1149,32,26,0
0,_009,_Wallingford 008-00,_Wallingford 008-00,919,964,61,28,0,1182,685,19,19,0
0,_009,_Wallingford 009-00,_Wallingford 009-00,1606,1996,122,42,10,2104,1524,38,24,0
0,_009,_Waterbury 071-01,_Waterbury 071-01,829,1164,47,23,4,1040,872,22,23,0
0,_009,_Waterbury 071-02,_Waterbury 071-02,445,419,19,13,0,538,292,13,6,0
0,_009,_Waterbury 071-03,_Waterbury 071-03,1328,1449,69,15,0,1634,1064,38,23,0
0,_009,_Waterbury 072-01,_Waterbury 072-01,672,127,10,11,0,632,93,10,9,0
0,_009,_Waterbury 072-02,_Waterbury 072-02,1204,157,15,13,0,1104,118,13,13,0
0,_009,_Waterbury 072-03,_Waterbury 072-03,471,240,8,15,0,505,156,6,10,0
0,_009,_Waterbury 072-04,_Waterbury 072-04,1187,761,29,19,0,1310,529,19,21,0
0,_009,_Waterbury 072-05,_Waterbury 072-05,923,363,16,17,0,926,265,20,13,0
0,_009,_Waterbury 073-01,_Waterbury 073-01,1569,1491,53,29,5,1827,1088,31,22,0
0,_009,_Waterbury 073-02,_Waterbury 073-02,1137,1095,72,31,0,1343,825,25,30,0
0,_009,_Waterbury 073-03,_Waterbury 073-03,1338,723,29,24,0,1449,522,26,22,0
0,_009,_Waterbury 073-04,_Waterbury 073-04,597,414,21,14,0,656,305,6,11,0
0,_009,_Waterbury 074-01,_Waterbury 074-01,1603,1083,59,44,0,1803,782,33,40,0
0,_009,_Waterbury 074-02,_Waterbury 074-02,1562,1054,51,39,0,1694,810,24,29,0
0,_009,_Waterbury 074-03,_Waterbury 074-03,986,712,34,24,0,1103,536,20,22,0
0,_009,_Waterbury 074-04,_Waterbury 074-04,308,457,17,9,0,410,338,7,3,0
0,_009,_Waterbury 074-05,_Waterbury 074-05,49,50,2,1,0,52,45,1,0,0
0,_009,_Waterbury 075-01,_Waterbury 075-01,872,180,9,14,0,814,133,17,15,0
0,_009,_Waterbury 075-02,_Waterbury 075-02,490,194,18,9,0,490,128,9,13,0
0,_009,_Waterbury 075-03,_Waterbury 075-03,1198,213,11,10,0,1135,140,15,13,0
0,_009,_Waterbury 075-04,_Waterbury 075-04,1102,491,23,17,0,1142,327,19,20,0
0,_009,_West Haven 001-00,_West Haven 001-00,1584,635,43,28,2,1689,433,31,23,0
0,_009,_West Haven 002-00,_West Haven 002-00,1152,817,40,31,4,1434,493,28,20,0
0,_009,_West Haven 003-00,_West Haven 003-00,1217,847,53,47,3,1478,496,34,28,0
0,_009,_West Haven 004-00,_West Haven 004-00,972,324,12,16,0,996,196,13,12,0
0,_009,_West Haven 005-00,_West Haven 005-00,1338,295,33,12,0,1334,226,18,16,0
0,_009,_West Haven 006-00,_West Haven 006-00,1295,522,42,24,0,1412,340,19,19,0
0,_009,_West Haven 007-00,_West Haven 007-00,1397,397,26,21,0,1480,243,10,16,0
0,_009,_West Haven 008-00,_West Haven 008-00,1154,1147,58,33,0,1530,740,24,32,0
0,_009,_West Haven 009-00,_West Haven 009-00,1250,1531,70,42,0,1730,991,37,24,0
0,_009,_West Haven 010-00,_West Haven 010-00,1118,1259,45,33,0,1547,792,18,19,0
0,_009,_Wolcott 001-00,_Wolcott 001-00,876,1842,83,25,1,1267,1412,21,20,0
0,_009,_Wolcott 002-00,_Wolcott 002-00,879,2331,90,32,0,1386,1827,29,30,0
0,_009,_Wolcott 003-00,_Wolcott 003-00,820,2019,62,28,4,1266,1530,20,18,0
0,_009,_Woodbridge 003-00,_Woodbridge 003-00,2853,1482,97,57,13,3070,1306,32,39,0
0,_009,_Woodbridge 014-00,_Woodbridge 014-00,480,332,23,16,0,537,284,8,14,0
0,_011,_Bozrah 001-00,_Bozrah 001-00,536,764,58,31,1,768,529,27,25,0
0,_011,_Colchester 001-00,_Colchester 001-00,1628,1737,170,59,3,2050,1393,52,32,0
0,_011,_Colchester 002-00,_Colchester 002-00,958,1017,120,40,4,1175,817,49,33,0
0,_011,_Colchester 003-00,_Colchester 003-00,984,1031,92,40,24,1184,856,34,26,0
0,_011,_Colchester 004-00,_Colchester 004-00,328,323,25,4,4,404,250,6,6,0
0,_011,_East Lyme 001-00,_East Lyme 001-00,2139,1606,126,55,8,2483,1305,39,38,0
0,_011,_East Lyme 002-00,_East Lyme 002-00,1876,1481,106,55,2,2253,1122,40,39,0
0,_011,_East Lyme 003-00,_East Lyme 003-00,1497,1127,98,34,3,1793,865,27,19,0
0,_011,_Franklin 001-00,_Franklin 001-00,413,613,48,19,4,620,420,21,13,0
0,_011,_Griswold 001-00,_Griswold 001-00,789,1090,99,40,0,1188,682,39,25,0
0,_011,_Griswold 002-00,_Griswold 002-00,1145,1922,133,49,9,1768,1278,50,40,0
0,_011,_Groton 001-00,_Groton 001-00,1275,956,95,43,4,1495,672,58,33,0
0,_011,_Groton 002-00,_Groton 002-00,974,513,50,38,3,1075,384,28,20,0
0,_011,_Groton 003-00,_Groton 003-00,1074,858,88,46,2,1312,618,40,21,0
0,_011,_Groton 004-00,_Groton 004-00,1299,1039,188,51,6,1536,831,56,34,0
0,_011,_Groton 005-00,_Groton 005-00,1026,891,97,35,6,1261,656,31,23,0
0,_011,_Groton 006-00,_Groton 006-00,1609,910,82,38,6,1764,776,22,24,0
0,_011,_Groton 007-00,_Groton 007-00,1196,769,62,21,7,1320,658,21,17,0
0,_011,_Lebanon 001-00,_Lebanon 001-00,1098,1432,114,43,9,1482,1101,49,30,0
0,_011,_Lebanon 002-00,_Lebanon 002-00,485,683,60,23,1,675,509,26,12,0
0,_011,_Ledyard 001-00,_Ledyard 001-00,1830,1965,190,59,19,2229,1571,88,56,0
0,_011,_Ledyard 002-00,_Ledyard 002-00,915,954,103,36,4,1156,761,21,19,0
0,_011,_Ledyard 003-00,_Ledyard 003-00,591,552,57,21,4,740,434,20,11,0
0,_011,_Lisbon 001-00,_Lisbon 001-00,316,417,26,19,2,470,269,13,6,0
0,_011,_Lisbon 002-00,_Lisbon 002-00,552,758,57,33,1,850,494,16,19,0
0,_011,_Lyme 001-00,_Lyme 001-00,1019,567,73,28,4,1137,548,10,17,0
0,_011,_Montville 001-00,_Montville 001-00,430,484,36,23,0,579,337,8,15,0
0,_011,_Montville 002-00,_Montville 002-00,554,665,48,17,0,744,461,27,22,0
0,_011,_Montville 003-00,_Montville 003-00,512,607,50,25,0,682,441,16,15,0
0,_011,_Montville 004-00,_Montville 004-00,1175,1572,120,52,0,1659,1111,35,37,0
0,_011,_Montville 005-00,_Montville 005-00,360,431,45,21,0,511,291,11,18,0
0,_011,_Montville 006-00,_Montville 006-00,309,397,28,11,0,423,282,14,13,0
0,_011,_New London 001-00,_New London 001-00,2729,634,81,94,0,2648,433,72,98,0
0,_011,_New London 002-00,_New London 002-00,2229,689,66,99,3,2320,441,46,81,0
0,_011,_New London 003-00,_New London 003-00,1347,601,70,44,1,1491,440,28,40,0
0,_011,_North Stonington 001-00,_North Stonington 001-00,1289,1560,124,51,6,1697,1155,44,33,0
0,_011,_Norwich 001-00,_Norwich 001-00,750,747,71,21,1,1011,498,27,14,0
0,_011,_Norwich 002-00,_Norwich 002-00,1767,1317,125,70,1,2189,867,64,48,0
0,_011,_Norwich 003-00,_Norwich 003-00,645,538,43,19,3,812,364,22,14,0
0,_011,_Norwich 004-00,_Norwich 004-00,2120,1506,138,81,8,1537,1030,51,47,0
0,_011,_Norwich 005-00,_Norwich 005-00,1415,623,86,60,0,1526,452,44,46,0
0,_011,_Norwich 006-00,_Norwich 006-00,756,486,48,31,0,892,324,29,19,0
0,_011,_Old Lyme 001-00,_Old Lyme 001-00,2498,1999,142,63,7,2942,1667,27,29,0
0,_011,_Preston 001-00,_Preston 001-00,978,1377,97,52,10,1379,974,36,36,0
0,_011,_Salem 001-00,_Salem 001-00,1029,1182,98,34,3,1289,964,27,22,0
0,_011,_Sprague 001-00,_Sprague 001-00,535,864,78,30,2,838,582,33,22,0
0,_011,_Stonington 001-00,_Stonington 001-00,1201,540,38,28,3,1271,482,10,27,0
0,_011,_Stonington 002-00,_Stonington 002-00,2046,1885,138,62,1,2618,1275,58,55,0
0,_011,_Stonington 003-00,_Stonington 003-00,561,444,33,13,3,673,336,9,11,0
0,_011,_Stonington 004-00,_Stonington 004-00,1171,673,61,22,1,1294,584,17,13,0
0,_011,_Stonington 005-00,_Stonington 005-00,656,539,32,19,3,780,436,10,9,0
0,_011,_Voluntown 001-00,_Voluntown 001-00,431,862,63,29,0,652,629,36,21,0
0,_011,_Waterford 001-00,_Waterford 001-00,1186,1094,92,48,5,1517,774,43,47,0
0,_011,_Waterford 002-00,_Waterford 002-00,1260,1123,77,46,11,1552,822,27,37,0
0,_011,_Waterford 003-00,_Waterford 003-00,1404,1405,111,54,10,1798,1021,26,49,0
0,_011,_Waterford 004-00,_Waterford 004-00,1383,1239,88,41,6,1676,966,27,31,0
0,_013,_Andover 001-00,_Andover 001-00,896,891,79,42,0,1097,733,38,25,0
0,_013,_Bolton 001-00,_Bolton 001-00,1385,1436,120,49,12,1616,1274,33,35,0
0,_013,_Columbia 001-00,_Columbia 001-00,1558,1500,151,64,11,1901,1269,40,40,0
0,_013,_Coventry 001-00,_Coventry 001-00,1526,1617,163,74,12,1939,1288,55,53,0
0,_013,_Coventry 002-00,_Coventry 002-00,1557,1645,151,38,0,1917,1353,48,45,0
0,_013,_Ellington 001-00,_Ellington 001-00,2787,3192,253,84,30,3409,2703,93,75,0
0,_013,_Ellington 002-00,_Ellington 002-00,744,1007,69,31,5,943,822,26,29,0
0,_013,_Hebron 001-00,_Hebron 001-00,2627,2555,206,82,16,3069,2225,62,52,0
0,_013,_Mansfield 001-00,_Mansfield 001-00,4874,1205,272,119,17,4689,1234,112,120,0
0,_013,_Mansfield 002-00,_Mansfield 002-00,1047,336,52,48,0,1106,325,27,21,0
0,_013,_Mansfield 003-00,_Mansfield 003-00,1363,466,61,77,11,1484,392,24,48,0
0,_013,_Mansfield 004-00,_Mansfield 004-00,1025,426,44,36,2,1112,341,25,27,0
0,_013,_Somers 001-00,_Somers 001-00,2125,3350,163,46,10,2891,2552,70,47,5
0,_013,_Stafford 001-00,_Stafford 001-00,606,992,87,32,0,902,691,27,26,0
0,_013,_Stafford 002-00,_Stafford 002-00,1042,1236,136,44,2,1417,840,61,53,0
0,_013,_Stafford 003-00,_Stafford 003-00,638,1116,73,30,0,970,784,27,23,0
0,_013,_Tolland 001-00,_Tolland 001-00,1599,1513,167,57,11,1908,1323,45,35,0
0,_013,_Tolland 002-00,_Tolland 002-00,2051,2029,195,78,10,2495,1698,45,35,0
0,_013,_Tolland 003-00,_Tolland 003-00,370,366,37,11,5,438,332,12,7,0
0,_013,_Union 001-00,_Union 001-00,188,277,22,9,0,253,229,7,6,0
0,_013,_Vernon 001-00,_Vernon 001-00,2114,1344,160,83,1,2512,1059,76,71,0
0,_013,_Vernon 002-00,_Vernon 002-00,2063,1664,170,59,1,2506,1330,47,43,0
0,_013,_Vernon 003-00,_Vernon 003-00,1572,1330,118,46,5,1952,1024,36,24,0
0,_013,_Vernon 004-00,_Vernon 004-00,1335,1328,105,49,12,1648,1113,33,27,0
0,_013,_Willington 001-00,_Willington 001-00,1414,1373,127,82,0,1775,1055,67,58,0
0,_015,_Ashford 001-00,_Ashford 001-00,1112,1042,108,63,7,1360,843,43,40,1
0,_015,_Brooklyn 001-00,_Brooklyn 001-00,1462,2052,141,60,5,2021,1517,62,42,0
0,_015,_Canterbury 001-00,_Canterbury 001-00,932,1609,111,50,10,1328,1270,38,28,0
0,_015,_Chaplin 001-00,_Chaplin 001-00,434,624,55,34,4,644,443,17,26,0
0,_015,_Eastford 001-00,_Eastford 001-00,367,513,48,21,13,477,448,20,14,0
0,_015,_Hampton 001-00,_Hampton 001-00,484,509,37,27,2,609,376,15,18,0
0,_015,_Killingly 001-01,_Killingly 001-01,472,669,60,34,2,721,417,31,22,0
0,_015,_Killingly 002-01,_Killingly 002-01,222,256,30,12,0,310,175,8,10,0
0,_015,_Killingly 002-02,_Killingly 002-02,289,422,40,18,2,432,277,10,10,0
0,_015,_Killingly 003-00,_Killingly 003-00,544,1033,82,29,10,827,767,30,19,0
0,_015,_Killingly 004-01,_Killingly 004-01,131,188,15,3,0,188,129,3,2,0
0,_015,_Killingly 004-02,_Killingly 004-02,360,691,45,25,0,520,503,28,17,0
0,_015,_Killingly 005-00,_Killingly 005-00,473,657,54,20,0,649,459,19,16,0
0,_015,_Plainfield 001-00,_Plainfield 001-00,563,866,85,24,3,868,561,38,29,0
0,_015,_Plainfield 001-01,_Plainfield 001-01,458,698,47,20,3,689,470,25,9,0
0,_015,_Plainfield 002-00,_Plainfield 002-00,258,474,49,12,0,448,309,16,7,0
0,_015,_Plainfield 003-00,_Plainfield 003-00,722,1150,90,46,2,1084,776,55,31,0
0,_015,_Plainfield 004-00,_Plainfield 004-00,176,324,29,21,0,286,232,12,15,0
0,_015,_Pomfret 001-00,_Pomfret 001-00,1084,1014,94,33,7,1295,859,32,27,0
0,_015,_Putnam 001-00,_Putnam 001-00,1129,1153,109,69,1,1543,713,70,45,0
0,_015,_Putnam 002-00,_Putnam 002-00,433,692,52,14,5,626,485,25,13,0
0,_015,_Scotland 001-00,_Scotland 001-00,310,518,58,22,1,460,396,12,12,0
0,_015,_Sterling 001-00,_Sterling 001-00,478,1102,67,37,0,793,787,36,22,0
0,_015,_Thompson 001-00,_Thompson 001-00,379,487,52,19,1,515,367,23,14,0
0,_015,_Thompson 002-00,_Thompson 002-00,716,1163,89,28,0,1060,780,38,28,0
0,_015,_Thompson 003-00,_Thompson 003-00,229,418,33,6,0,358,279,6,6,0
0,_015,_Thompson 004-00,_Thompson 004-00,255,578,42,13,0,412,404,11,16,0
0,_015,_Windham 004-00,_Windham 004-00,791,464,53,26,5,932,306,14,20,0
0,_015,_Windham 005-00,_Windham 005-00,1657,537,66,51,1,1703,307,25,41,0
0,_015,_Windham 006-00,_Windham 006-00,1576,474,70,60,3,1683,279,33,43,0
0,_015,_Windham 007-00,_Windham 007-00,1048,968,71,34,1,1282,685,43,28,0
0,_015,_Windham 008-00,_Windham 008-00,303,121,11,12,0,325,81,8,13,0
0,_015,_Woodstock 001-00,_Woodstock 001-00,1945,2281,187,67,6,2401,1846,72,55,0
