IS_AUDITED,COUNTY_NAME,PRECINCT_NAME,PRECINCT_CODE,USA_NV_20201103_GEN_PRE_DEM_BIDEN,USA_NV_20201103_GEN_PRE_REP_TRUMP,USA_NV_20201103_GEN_PRE_LIB_JORGENSEN,USA_NV_20201103_GEN_PRE_IND_BLANKENSHIP,USA_NV_20201103_GEN_PRE_OTH_NONE
0,_Carson City,_Precinct 101,_000101,515,529,15,3,14
0,_Carson City,_Precinct 103,_000103,484,548,18,3,15
0,_Carson City,_Precinct 105,_000105,445,583,17,2,8
0,_Carson City,_Precinct 107,_000107,494,706,13,2,18
0,_Carson City,_Precinct 109,_000109,702,824,16,2,20
0,_Carson City,_Precinct 111,_000111,661,692,21,6,13
0,_Carson City,_Precinct 113,_000113,588,887,11,4,19
0,_Carson City,_Precinct 201,_000201,468,563,14,4,13
0,_Carson City,_Precinct 203,_000203,662,677,20,2,18
0,_Carson City,_Precinct 205,_000205,646,723,15,6,18
0,_Carson City,_Precinct 207,_000207,489,699,8,3,8
0,_Carson City,_Precinct 209,_000209,375,453,15,5,14
0,_Carson City,_Precinct 211,_000211,363,546,14,4,10
0,_Carson City,_Precinct 301,_000301,436,542,17,5,9
0,_Carson City,_Precinct 303,_000303,382,537,18,1,14
0,_Carson City,_Precinct 305,_000305,496,688,17,2,16
0,_Carson City,_Precinct 307,_000307,933,874,43,17,18
0,_Carson City,_Precinct 309,_000309,503,939,13,6,30
0,_Carson City,_Precinct 401,_000401,428,461,30,4,9
0,_Carson City,_Precinct 403,_000403,703,872,36,10,18
0,_Carson City,_Precinct 405,_000405,539,649,9,6,11
0,_Carson City,_Precinct 407,_000407,567,1055,21,5,13
0,_Carson City,_Precinct 409,_000409,607,585,20,1,19
0,_Carson City,_Precinct 411,_000411,249,481,11,1,10
0,_Churchill,_Precinct 01,_000001,227,510,14,3,9
0,_Churchill,_Precinct 02,_000002,267,498,19,1,9
0,_Churchill,_Precinct 03,_000003,151,352,26,1,10
0,_Churchill,_Precinct 04,_000004,216,383,16,4,11
0,_Churchill,_Precinct 05,_000005,142,365,21,3,10
0,_Churchill,_Precinct 06,_000006,129,363,14,1,4
0,_Churchill,_Precinct 07,_000007,184,596,22,1,16
0,_Churchill,_Precinct 08,_000008,89,305,8,2,5
0,_Churchill,_Precinct 09,_000009,119,347,10,3,5
0,_Churchill,_Precinct 10,_000010,174,738,7,1,11
0,_Churchill,_Precinct 11,_000011,176,701,26,2,6
0,_Churchill,_Precinct 12,_000012,84,269,6,1,4
0,_Churchill,_Precinct 13,_000013,68,396,12,1,6
0,_Churchill,_Precinct 14,_000014,100,500,12,1,8
0,_Churchill,_Precinct 15,_000015,112,528,15,1,5
0,_Churchill,_Precinct 16,_000016,199,270,6,3,12
0,_Churchill,_Precinct 17,_000017,231,858,14,2,7
0,_Churchill,_Precinct 18,_000018,266,889,21,3,6
0,_Churchill,_Precinct 19,_000019,117,504,13,1,6
0,_Clark,_1038,_001038,189,231,2,0,3
0,_Clark,_1039,_001039,382,548,2,0,9
0,_Clark,_1063,_001063,649,573,15,3,13
0,_Clark,_1067,_001067,39,94,2,2,2
0,_Clark,_1072,_001072,61,192,1,2,3
0,_Clark,_1074,_001074,660,996,13,2,11
0,_Clark,_1137,_001137,583,563,11,0,11
0,_Clark,_1161,_001161,0,1,0,0,0
0,_Clark,_1302,_001302,1180,842,23,3,17
0,_Clark,_1303,_001303,743,624,8,2,13
0,_Clark,_1304,_001304,823,484,17,0,14
0,_Clark,_1307,_001307,880,775,7,1,7
0,_Clark,_1309,_001309,1,2,0,0,0
0,_Clark,_1318,_001318,856,454,10,2,15
0,_Clark,_1327,_001327,1051,618,23,4,18
0,_Clark,_1328,_001328,860,617,14,4,14
0,_Clark,_1330,_001330,684,882,13,6,12
0,_Clark,_1331,_001331,791,540,10,7,7
0,_Clark,_1332,_001332,323,273,7,1,3
0,_Clark,_1333,_001333,575,523,3,2,5
0,_Clark,_1334,_001334,782,655,15,4,8
0,_Clark,_1335,_001335,639,664,12,0,10
0,_Clark,_1336,_001336,622,439,4,1,6
0,_Clark,_1337,_001337,839,676,14,6,11
0,_Clark,_1340,_001340,1096,684,11,1,15
0,_Clark,_1341,_001341,732,570,21,6,7
0,_Clark,_1342,_001342,537,444,12,4,5
0,_Clark,_1343,_001343,362,473,8,0,9
0,_Clark,_1344,_001344,359,245,6,1,2
0,_Clark,_1345,_001345,334,268,6,1,3
0,_Clark,_1346,_001346,543,667,13,3,6
0,_Clark,_1348,_001348,739,572,21,1,10
0,_Clark,_1349,_001349,745,554,13,2,14
0,_Clark,_1351,_001351,667,398,11,2,11
0,_Clark,_1352,_001352,629,478,15,2,8
0,_Clark,_1353,_001353,1193,767,29,2,15
0,_Clark,_1354,_001354,490,305,6,2,9
0,_Clark,_1356,_001356,955,712,13,1,21
0,_Clark,_1361,_001361,1,1,0,0,0
0,_Clark,_1363,_001363,1,0,0,0,0
0,_Clark,_1365,_001365,2,4,0,0,0
0,_Clark,_1367,_001367,966,670,12,4,12
0,_Clark,_1368,_001368,912,597,4,3,15
0,_Clark,_1371,_001371,0,2,0,0,0
0,_Clark,_1374,_001374,2,0,0,0,0
0,_Clark,_1375,_001375,1,0,0,0,0
0,_Clark,_1376,_001376,0,2,0,0,0
0,_Clark,_1377,_001377,2,2,0,0,0
0,_Clark,_1378,_001378,0,3,0,0,0
0,_Clark,_1379,_001379,0,0,0,0,0
0,_Clark,_1380,_001380,1,1,0,0,0
0,_Clark,_1381,_001381,0,2,0,0,0
0,_Clark,_1382,_001382,0,0,0,0,0
0,_Clark,_1384,_001384,1614,1707,33,6,30
0,_Clark,_1385,_001385,0,1,0,0,0
0,_Clark,_1386,_001386,1,2,0,0,0
0,_Clark,_1387,_001387,0,0,0,0,0
0,_Clark,_1389,_001389,529,495,10,0,8
0,_Clark,_1390,_001390,1571,1259,33,5,22
0,_Clark,_1391,_001391,838,726,13,0,14
0,_Clark,_1394,_001394,547,716,7,2,2
0,_Clark,_1395,_001395,527,721,4,0,8
0,_Clark,_1396,_001396,548,442,10,1,8
0,_Clark,_1410,_001410,835,811,23,4,14
0,_Clark,_1411,_001411,616,577,9,1,6
0,_Clark,_1509,_001509,598,705,10,2,9
0,_Clark,_1510,_001510,332,617,2,1,7
0,_Clark,_1511,_001511,517,601,12,0,8
0,_Clark,_1513,_001513,626,975,15,4,16
0,_Clark,_1514,_001514,672,862,12,3,18
0,_Clark,_1517,_001517,305,418,4,1,5
0,_Clark,_1518,_001518,600,844,10,2,13
0,_Clark,_1519,_001519,164,386,9,1,4
0,_Clark,_1520,_001520,329,369,1,0,4
0,_Clark,_1521,_001521,375,627,7,3,9
0,_Clark,_1525,_001525,663,863,0,1,4
0,_Clark,_1528,_001528,834,1035,12,0,16
0,_Clark,_1533,_001533,0,2,0,0,0
0,_Clark,_1543,_001543,0,0,0,0,0
0,_Clark,_1550,_001550,354,515,5,0,11
0,_Clark,_1552,_001552,378,443,3,6,7
0,_Clark,_1553,_001553,0,0,0,0,0
0,_Clark,_1601,_001601,527,354,7,4,14
0,_Clark,_1602,_001602,527,338,8,0,14
0,_Clark,_1603,_001603,542,300,5,0,11
0,_Clark,_1604,_001604,550,412,7,0,6
0,_Clark,_1605,_001605,602,381,8,1,8
0,_Clark,_1606,_001606,240,281,5,1,10
0,_Clark,_1607,_001607,174,140,4,1,1
0,_Clark,_1608,_001608,726,854,9,5,16
0,_Clark,_1609,_001609,901,693,23,2,17
0,_Clark,_1611,_001611,775,431,9,0,9
0,_Clark,_1612,_001612,892,833,15,2,13
0,_Clark,_1613,_001613,476,340,8,4,4
0,_Clark,_1614,_001614,459,414,7,0,5
0,_Clark,_1615,_001615,521,420,12,1,5
0,_Clark,_1616,_001616,381,356,5,2,4
0,_Clark,_1617,_001617,705,457,6,3,15
0,_Clark,_1618,_001618,756,485,3,1,10
0,_Clark,_1619,_001619,891,775,16,5,16
0,_Clark,_1621,_001621,502,351,6,1,13
0,_Clark,_1623,_001623,261,201,2,1,9
0,_Clark,_1624,_001624,300,245,4,2,5
0,_Clark,_1625,_001625,449,370,5,4,7
0,_Clark,_1631,_001631,658,460,11,0,14
0,_Clark,_1632,_001632,388,258,6,0,7
0,_Clark,_1633,_001633,826,405,7,3,13
0,_Clark,_1634,_001634,627,242,9,5,7
0,_Clark,_1635,_001635,483,196,8,2,5
0,_Clark,_1641,_001641,480,349,5,3,5
0,_Clark,_1642,_001642,348,179,7,4,5
0,_Clark,_1643,_001643,269,290,3,0,6
0,_Clark,_1644,_001644,1,2,0,0,0
0,_Clark,_1645,_001645,133,84,3,0,2
0,_Clark,_1651,_001651,171,400,4,1,1
0,_Clark,_1652,_001652,1091,610,11,3,18
0,_Clark,_1653,_001653,812,411,18,2,12
0,_Clark,_1655,_001655,841,360,10,0,6
0,_Clark,_1661,_001661,819,462,19,2,8
0,_Clark,_1662,_001662,606,432,11,2,10
0,_Clark,_1664,_001664,427,485,4,1,4
0,_Clark,_1665,_001665,0,0,0,0,0
0,_Clark,_1668,_001668,1163,1498,20,4,25
0,_Clark,_1669,_001669,280,330,3,1,1
0,_Clark,_1670,_001670,657,576,16,5,6
0,_Clark,_1671,_001671,7,17,1,0,0
0,_Clark,_1672,_001672,620,509,5,1,11
0,_Clark,_1673,_001673,0,0,0,0,0
0,_Clark,_1674,_001674,575,774,3,2,14
0,_Clark,_1675,_001675,530,690,12,0,10
0,_Clark,_1676,_001676,251,317,4,1,6
0,_Clark,_1677,_001677,461,507,11,0,9
0,_Clark,_1678,_001678,380,541,7,5,13
0,_Clark,_1679,_001679,503,563,13,2,9
0,_Clark,_1680,_001680,845,729,17,2,10
0,_Clark,_1681,_001681,16,38,0,0,0
0,_Clark,_1682,_001682,654,464,20,5,12
0,_Clark,_1683,_001683,757,527,18,1,11
0,_Clark,_1684,_001684,170,215,4,2,4
0,_Clark,_1685,_001685,5,1,0,0,0
0,_Clark,_1686,_001686,384,549,10,2,5
0,_Clark,_1687,_001687,623,548,13,1,15
0,_Clark,_1688,_001688,537,468,14,2,9
0,_Clark,_1689,_001689,514,442,6,1,5
0,_Clark,_1691,_001691,0,1,0,0,0
0,_Clark,_1692,_001692,51,128,0,0,3
0,_Clark,_1693,_001693,202,388,6,2,3
0,_Clark,_1694,_001694,0,0,0,0,0
0,_Clark,_1695,_001695,700,498,9,3,11
0,_Clark,_1702,_001702,690,575,11,0,12
0,_Clark,_1703,_001703,907,508,5,4,12
0,_Clark,_1704,_001704,525,459,9,1,3
0,_Clark,_1711,_001711,111,70,3,0,0
0,_Clark,_1712,_001712,1111,1137,20,5,18
0,_Clark,_1713,_001713,688,644,17,1,10
0,_Clark,_1715,_001715,369,552,3,0,10
0,_Clark,_1717,_001717,516,599,4,0,8
0,_Clark,_1718,_001718,644,782,2,0,10
0,_Clark,_1719,_001719,487,548,3,1,7
0,_Clark,_1720,_001720,421,479,2,6,5
0,_Clark,_1721,_001721,469,662,2,2,12
0,_Clark,_1722,_001722,324,401,0,2,9
0,_Clark,_1727,_001727,959,1174,11,4,21
0,_Clark,_1732,_001732,52,50,2,0,1
0,_Clark,_1750,_001750,479,745,15,3,7
0,_Clark,_1751,_001751,341,841,9,2,8
0,_Clark,_1753,_001753,71,143,0,0,2
0,_Clark,_1903,_001903,0,0,0,0,0
0,_Clark,_1905,_001905,0,0,0,0,0
0,_Clark,_1906,_001906,0,0,0,0,0
0,_Clark,_1907,_001907,0,0,0,0,0
0,_Clark,_1908,_001908,0,0,0,0,0
0,_Clark,_1909,_001909,0,0,0,0,0
0,_Clark,_1912,_001912,0,0,0,0,0
0,_Clark,_1915,_001915,0,0,0,0,0
0,_Clark,_1918,_001918,0,0,0,0,0
0,_Clark,_1919,_001919,0,0,0,0,0
0,_Clark,_1920,_001920,0,0,0,0,0
0,_Clark,_1921,_001921,0,0,0,0,0
0,_Clark,_1922,_001922,0,0,0,0,0
0,_Clark,_1923,_001923,0,0,0,0,0
0,_Clark,_1924,_001924,0,0,0,0,0
0,_Clark,_1925,_001925,0,0,0,0,0
0,_Clark,_1926,_001926,0,0,0,0,0
0,_Clark,_1928,_001928,0,0,0,0,0
0,_Clark,_1929,_001929,0,0,0,0,0
0,_Clark,_1930,_001930,0,0,0,0,0
0,_Clark,_1935,_001935,0,0,0,0,0
0,_Clark,_1940,_001940,0,0,0,0,0
0,_Clark,_1943,_001943,0,0,0,0,0
0,_Clark,_1946,_001946,0,0,0,0,0
0,_Clark,_1959,_001959,0,0,0,0,0
0,_Clark,_1960,_001960,0,0,0,0,0
0,_Clark,_1964,_001964,0,0,0,0,0
0,_Clark,_2008,_002008,537,627,17,0,12
0,_Clark,_2037,_002037,572,594,11,3,9
0,_Clark,_2044,_002044,685,848,11,2,18
0,_Clark,_2078,_002078,0,0,0,0,0
0,_Clark,_2126,_002126,228,198,3,1,5
0,_Clark,_2352,_002352,407,504,7,0,3
0,_Clark,_2353,_002353,433,603,5,4,9
0,_Clark,_2354,_002354,372,379,8,2,5
0,_Clark,_2356,_002356,0,0,0,0,0
0,_Clark,_2360,_002360,1133,468,15,3,15
0,_Clark,_2366,_002366,681,516,9,4,10
0,_Clark,_2371,_002371,515,469,6,2,6
0,_Clark,_2372,_002372,612,430,13,2,14
0,_Clark,_2373,_002373,424,362,7,0,8
0,_Clark,_2380,_002380,681,419,13,3,15
0,_Clark,_2381,_002381,860,385,12,1,14
0,_Clark,_2382,_002382,922,551,11,4,19
0,_Clark,_2383,_002383,868,564,18,8,15
0,_Clark,_2384,_002384,920,753,30,0,25
0,_Clark,_2385,_002385,601,451,16,3,13
0,_Clark,_2386,_002386,825,607,12,5,8
0,_Clark,_2387,_002387,1317,778,24,4,18
0,_Clark,_2390,_002390,725,515,9,2,13
0,_Clark,_2391,_002391,391,370,6,0,4
0,_Clark,_2392,_002392,568,377,16,5,9
0,_Clark,_2393,_002393,852,580,12,0,15
0,_Clark,_2394,_002394,1154,616,18,7,15
0,_Clark,_2399,_002399,1499,946,36,3,27
0,_Clark,_2400,_002400,1484,620,20,7,12
0,_Clark,_2401,_002401,4,2,0,0,0
0,_Clark,_2405,_002405,0,3,0,0,0
0,_Clark,_2406,_002406,1,0,0,0,0
0,_Clark,_2407,_002407,3,6,1,0,0
0,_Clark,_2408,_002408,2,0,0,0,0
0,_Clark,_2409,_002409,1034,603,25,5,17
0,_Clark,_2417,_002417,122,71,6,1,3
0,_Clark,_2430,_002430,699,346,15,5,9
0,_Clark,_2436,_002436,0,2,0,0,0
0,_Clark,_2440,_002440,670,798,7,2,7
0,_Clark,_2444,_002444,136,112,5,1,0
0,_Clark,_2445,_002445,0,0,0,0,0
0,_Clark,_2446,_002446,845,480,21,4,13
0,_Clark,_2447,_002447,0,1,0,0,0
0,_Clark,_2449,_002449,939,687,11,5,12
0,_Clark,_2456,_002456,875,480,20,2,20
0,_Clark,_2457,_002457,991,1110,36,6,22
0,_Clark,_2458,_002458,1,1,0,0,0
0,_Clark,_2463,_002463,1242,514,17,4,16
0,_Clark,_2464,_002464,1240,923,14,1,24
0,_Clark,_2465,_002465,360,797,11,5,9
0,_Clark,_2466,_002466,504,930,7,3,9
0,_Clark,_2468,_002468,0,0,0,0,0
0,_Clark,_2469,_002469,97,349,8,1,2
0,_Clark,_2473,_002473,74,445,6,0,3
0,_Clark,_2476,_002476,136,1274,12,0,12
0,_Clark,_2477,_002477,278,619,0,2,7
0,_Clark,_2478,_002478,0,0,0,0,0
0,_Clark,_2479,_002479,1062,679,19,3,18
0,_Clark,_2480,_002480,910,682,18,4,22
0,_Clark,_2481,_002481,1144,475,14,5,26
0,_Clark,_2483,_002483,1424,579,25,7,21
0,_Clark,_2484,_002484,814,525,13,1,10
0,_Clark,_2486,_002486,0,0,0,0,0
0,_Clark,_2487,_002487,0,0,0,0,0
0,_Clark,_2488,_002488,0,0,0,0,0
0,_Clark,_2489,_002489,0,0,0,0,0
0,_Clark,_2500,_002500,605,643,3,3,6
0,_Clark,_2501,_002501,9,25,1,0,0
0,_Clark,_2503,_002503,2,5,0,0,0
0,_Clark,_2600,_002600,543,713,21,1,10
0,_Clark,_2601,_002601,8,22,0,0,0
0,_Clark,_2602,_002602,56,96,2,1,4
0,_Clark,_2603,_002603,555,705,14,1,13
0,_Clark,_2604,_002604,542,496,17,4,4
0,_Clark,_2605,_002605,460,633,9,3,10
0,_Clark,_2606,_002606,596,409,10,1,6
0,_Clark,_2607,_002607,860,439,10,3,15
0,_Clark,_2608,_002608,0,0,0,0,0
0,_Clark,_2609,_002609,1,5,0,0,0
0,_Clark,_2611,_002611,796,741,23,7,14
0,_Clark,_2612,_002612,0,0,0,0,0
0,_Clark,_2613,_002613,617,624,14,3,9
0,_Clark,_2614,_002614,475,541,14,2,8
0,_Clark,_2615,_002615,490,686,16,5,5
0,_Clark,_2616,_002616,440,227,7,0,18
0,_Clark,_2617,_002617,477,324,7,2,7
0,_Clark,_2621,_002621,662,731,19,2,15
0,_Clark,_2622,_002622,435,521,11,1,14
0,_Clark,_2623,_002623,0,2,0,0,0
0,_Clark,_2624,_002624,341,558,7,2,4
0,_Clark,_2625,_002625,1,4,0,0,0
0,_Clark,_2631,_002631,12,12,0,0,1
0,_Clark,_2632,_002632,2,24,0,0,0
0,_Clark,_2633,_002633,291,706,14,1,8
0,_Clark,_2634,_002634,406,426,6,5,13
0,_Clark,_2635,_002635,623,757,8,3,11
0,_Clark,_2640,_002640,0,0,0,0,0
0,_Clark,_2641,_002641,3,1,0,0,0
0,_Clark,_2642,_002642,20,52,1,0,2
0,_Clark,_2643,_002643,634,957,13,2,14
0,_Clark,_2644,_002644,383,826,7,3,8
0,_Clark,_2645,_002645,29,85,5,0,1
0,_Clark,_2646,_002646,1,0,0,0,0
0,_Clark,_2650,_002650,429,685,8,2,10
0,_Clark,_2651,_002651,288,467,4,1,9
0,_Clark,_2652,_002652,914,858,19,6,18
0,_Clark,_2653,_002653,483,989,11,2,10
0,_Clark,_2654,_002654,351,462,8,2,8
0,_Clark,_2655,_002655,384,674,12,4,4
0,_Clark,_2660,_002660,313,504,10,1,6
0,_Clark,_2661,_002661,743,908,23,4,20
0,_Clark,_2662,_002662,119,153,4,0,6
0,_Clark,_2663,_002663,278,684,13,0,7
0,_Clark,_2664,_002664,9,6,0,0,0
0,_Clark,_2665,_002665,51,138,1,0,0
0,_Clark,_2666,_002666,1670,1236,28,7,22
0,_Clark,_2671,_002671,670,1198,17,8,8
0,_Clark,_2672,_002672,738,935,24,5,15
0,_Clark,_2673,_002673,45,116,1,0,2
0,_Clark,_2674,_002674,801,624,21,4,8
0,_Clark,_2675,_002675,6,20,0,0,0
0,_Clark,_2676,_002676,9,22,0,0,1
0,_Clark,_2681,_002681,2,0,0,0,0
0,_Clark,_2682,_002682,427,668,7,2,10
0,_Clark,_2683,_002683,0,3,0,0,0
0,_Clark,_2684,_002684,6,20,0,0,0
0,_Clark,_2685,_002685,0,0,0,0,0
0,_Clark,_2691,_002691,14,26,0,0,0
0,_Clark,_2692,_002692,506,675,11,3,11
0,_Clark,_2693,_002693,44,54,1,0,1
0,_Clark,_2694,_002694,1,1,0,0,0
0,_Clark,_2695,_002695,397,648,8,5,8
0,_Clark,_2696,_002696,20,34,1,0,0
0,_Clark,_2700,_002700,484,398,8,1,9
0,_Clark,_2701,_002701,559,735,23,0,7
0,_Clark,_2702,_002702,406,384,4,1,9
0,_Clark,_2703,_002703,2,4,0,0,0
0,_Clark,_2704,_002704,14,38,1,0,0
0,_Clark,_2705,_002705,456,487,10,4,7
0,_Clark,_2706,_002706,0,0,0,0,0
0,_Clark,_2709,_002709,341,348,6,2,9
0,_Clark,_2710,_002710,437,378,10,2,6
0,_Clark,_2711,_002711,516,656,15,4,12
0,_Clark,_2713,_002713,481,249,10,0,9
0,_Clark,_2714,_002714,521,235,9,3,5
0,_Clark,_2715,_002715,0,1,0,0,0
0,_Clark,_2716,_002716,967,441,17,7,17
0,_Clark,_2717,_002717,724,323,8,4,10
0,_Clark,_2720,_002720,1,2,0,0,0
0,_Clark,_2721,_002721,0,0,0,0,0
0,_Clark,_2722,_002722,196,83,5,0,5
0,_Clark,_2723,_002723,0,0,0,0,0
0,_Clark,_2724,_002724,890,411,13,4,14
0,_Clark,_2725,_002725,69,465,4,1,3
0,_Clark,_2726,_002726,82,461,3,1,7
0,_Clark,_2727,_002727,188,938,13,1,13
0,_Clark,_2729,_002729,426,171,8,1,4
0,_Clark,_2730,_002730,1088,482,25,7,11
0,_Clark,_2731,_002731,716,1095,16,4,10
0,_Clark,_2732,_002732,480,686,11,2,8
0,_Clark,_2733,_002733,480,282,8,2,5
0,_Clark,_2734,_002734,618,332,16,5,17
0,_Clark,_2735,_002735,593,253,6,2,20
0,_Clark,_2736,_002736,316,217,5,3,8
0,_Clark,_2737,_002737,745,218,9,3,18
0,_Clark,_2738,_002738,594,349,7,1,7
0,_Clark,_2740,_002740,712,349,15,3,11
0,_Clark,_2742,_002742,468,228,6,0,10
0,_Clark,_2743,_002743,737,432,11,1,13
0,_Clark,_2745,_002745,6,10,0,0,0
0,_Clark,_2746,_002746,453,294,11,2,11
0,_Clark,_2751,_002751,440,161,4,2,5
0,_Clark,_2752,_002752,1035,311,12,8,15
0,_Clark,_2770,_002770,63,19,2,1,3
0,_Clark,_2775,_002775,864,1560,10,6,19
0,_Clark,_2776,_002776,735,1511,22,7,25
0,_Clark,_2904,_002904,0,0,0,0,0
0,_Clark,_2906,_002906,0,0,0,0,0
0,_Clark,_2907,_002907,0,0,0,0,0
0,_Clark,_2911,_002911,0,0,0,0,0
0,_Clark,_2914,_002914,0,0,0,0,0
0,_Clark,_2916,_002916,0,0,0,0,0
0,_Clark,_2917,_002917,0,0,0,0,0
0,_Clark,_2919,_002919,0,0,0,0,0
0,_Clark,_2920,_002920,0,0,0,0,0
0,_Clark,_2927,_002927,0,0,0,0,0
0,_Clark,_2930,_002930,0,0,0,0,0
0,_Clark,_2931,_002931,0,0,0,0,0
0,_Clark,_2934,_002934,0,0,0,0,0
0,_Clark,_2938,_002938,0,0,0,0,0
0,_Clark,_2946,_002946,0,0,0,0,0
0,_Clark,_2948,_002948,0,0,0,0,0
0,_Clark,_2949,_002949,0,0,0,0,0
0,_Clark,_2951,_002951,0,0,0,0,0
0,_Clark,_2957,_002957,0,0,0,0,0
0,_Clark,_2959,_002959,0,0,0,0,0
0,_Clark,_2961,_002961,0,0,0,0,0
0,_Clark,_2962,_002962,0,0,0,0,0
0,_Clark,_2969,_002969,0,0,0,0,0
0,_Clark,_2970,_002970,0,0,0,0,0
0,_Clark,_2971,_002971,0,0,0,0,0
0,_Clark,_2972,_002972,0,0,0,0,0
0,_Clark,_2973,_002973,0,0,0,0,0
0,_Clark,_2974,_002974,0,0,0,0,0
0,_Clark,_2975,_002975,0,0,0,0,0
0,_Clark,_2976,_002976,0,0,0,0,0
0,_Clark,_2977,_002977,0,0,0,0,0
0,_Clark,_2978,_002978,0,0,0,0,0
0,_Clark,_2979,_002979,0,0,0,0,0
0,_Clark,_3036,_003036,328,375,1,2,2
0,_Clark,_3037,_003037,263,328,2,1,1
0,_Clark,_3040,_003040,397,535,1,1,8
0,_Clark,_3151,_003151,0,0,0,0,0
0,_Clark,_3152,_003152,26,47,1,0,1
0,_Clark,_3191,_003191,0,3,0,0,0
0,_Clark,_3217,_003217,817,725,10,2,10
0,_Clark,_3361,_003361,671,553,11,1,15
0,_Clark,_3363,_003363,656,834,7,2,16
0,_Clark,_3364,_003364,631,942,17,1,19
0,_Clark,_3365,_003365,412,377,4,1,6
0,_Clark,_3366,_003366,376,456,5,1,9
0,_Clark,_3370,_003370,490,433,5,0,10
0,_Clark,_3371,_003371,412,275,9,0,9
0,_Clark,_3372,_003372,557,510,10,1,16
0,_Clark,_3373,_003373,676,699,6,3,19
0,_Clark,_3374,_003374,459,444,7,1,8
0,_Clark,_3375,_003375,681,762,7,4,11
0,_Clark,_3380,_003380,316,260,1,1,5
0,_Clark,_3381,_003381,677,763,10,7,10
0,_Clark,_3382,_003382,581,567,14,2,9
0,_Clark,_3383,_003383,395,636,0,1,7
0,_Clark,_3385,_003385,801,801,18,2,22
0,_Clark,_3386,_003386,356,409,5,3,14
0,_Clark,_3391,_003391,352,351,5,1,3
0,_Clark,_3392,_003392,421,383,3,3,9
0,_Clark,_3393,_003393,308,283,3,3,3
0,_Clark,_3395,_003395,430,484,4,0,4
0,_Clark,_3413,_003413,346,488,0,0,5
0,_Clark,_3414,_003414,393,460,7,0,4
0,_Clark,_3416,_003416,687,587,11,1,9
0,_Clark,_3417,_003417,1062,740,19,5,28
0,_Clark,_3418,_003418,314,359,7,0,2
0,_Clark,_3430,_003430,574,454,4,3,9
0,_Clark,_3431,_003431,521,526,4,1,8
0,_Clark,_3433,_003433,2,0,0,0,0
0,_Clark,_3435,_003435,758,606,12,3,13
0,_Clark,_3439,_003439,1,1,0,0,0
0,_Clark,_3457,_003457,1,6,0,0,0
0,_Clark,_3464,_003464,483,605,4,1,4
0,_Clark,_3465,_003465,445,468,9,0,5
0,_Clark,_3518,_003518,1,10,0,0,1
0,_Clark,_3532,_003532,64,223,4,0,2
0,_Clark,_3535,_003535,20,45,0,0,1
0,_Clark,_3537,_003537,0,0,0,0,0
0,_Clark,_3540,_003540,152,309,8,1,2
0,_Clark,_3544,_003544,513,674,12,0,10
0,_Clark,_3545,_003545,0,0,0,0,0
0,_Clark,_3546,_003546,1265,1243,36,4,25
0,_Clark,_3547,_003547,799,1011,13,3,15
0,_Clark,_3552,_003552,0,0,0,0,0
0,_Clark,_3553,_003553,0,0,0,0,0
0,_Clark,_3557,_003557,900,870,14,3,16
0,_Clark,_3559,_003559,0,1,0,0,0
0,_Clark,_3562,_003562,1,5,0,0,0
0,_Clark,_3564,_003564,87,226,5,0,4
0,_Clark,_3565,_003565,529,532,13,2,17
0,_Clark,_3566,_003566,18,57,0,0,1
0,_Clark,_3571,_003571,2,4,1,0,0
0,_Clark,_3574,_003574,0,0,0,0,0
0,_Clark,_3576,_003576,310,418,9,0,9
0,_Clark,_3578,_003578,8,34,0,0,1
0,_Clark,_3579,_003579,6,8,0,0,0
0,_Clark,_3580,_003580,0,0,0,0,0
0,_Clark,_3581,_003581,0,1,0,0,0
0,_Clark,_3582,_003582,7,8,0,0,0
0,_Clark,_3583,_003583,0,0,0,0,0
0,_Clark,_3584,_003584,0,2,0,0,0
0,_Clark,_3585,_003585,0,0,0,0,0
0,_Clark,_3586,_003586,0,0,0,0,0
0,_Clark,_3587,_003587,462,536,7,0,12
0,_Clark,_3588,_003588,507,563,12,3,19
0,_Clark,_3602,_003602,920,926,25,6,20
0,_Clark,_3604,_003604,1159,804,22,2,22
0,_Clark,_3605,_003605,101,322,3,0,2
0,_Clark,_3606,_003606,504,511,15,2,8
0,_Clark,_3607,_003607,808,497,27,2,15
0,_Clark,_3608,_003608,470,998,16,2,17
0,_Clark,_3609,_003609,448,861,14,3,14
0,_Clark,_3610,_003610,595,619,6,1,9
0,_Clark,_3611,_003611,0,0,0,0,0
0,_Clark,_3612,_003612,0,0,0,0,0
0,_Clark,_3613,_003613,641,406,8,1,11
0,_Clark,_3700,_003700,1,11,0,0,0
0,_Clark,_3701,_003701,0,0,0,0,0
0,_Clark,_3702,_003702,839,566,15,3,18
0,_Clark,_3703,_003703,7,14,0,0,0
0,_Clark,_3704,_003704,396,291,19,1,3
0,_Clark,_3705,_003705,442,563,10,0,5
0,_Clark,_3706,_003706,1576,1432,33,7,27
0,_Clark,_3707,_003707,732,708,13,0,15
0,_Clark,_3708,_003708,432,546,5,0,6
0,_Clark,_3709,_003709,1068,914,26,3,28
0,_Clark,_3710,_003710,98,136,4,1,1
0,_Clark,_3711,_003711,86,154,5,0,0
0,_Clark,_3712,_003712,0,1,0,0,0
0,_Clark,_3713,_003713,23,23,0,0,1
0,_Clark,_3714,_003714,20,23,0,0,0
0,_Clark,_3715,_003715,63,128,1,1,1
0,_Clark,_3716,_003716,275,389,4,1,2
0,_Clark,_3717,_003717,164,372,1,1,1
0,_Clark,_3718,_003718,251,672,9,3,10
0,_Clark,_3719,_003719,732,655,21,4,15
0,_Clark,_3720,_003720,376,294,10,1,4
0,_Clark,_3721,_003721,449,492,9,1,15
0,_Clark,_3722,_003722,396,274,8,1,7
0,_Clark,_3723,_003723,524,590,8,1,10
0,_Clark,_3724,_003724,551,406,8,2,6
0,_Clark,_3725,_003725,4,4,1,0,0
0,_Clark,_3726,_003726,817,612,21,3,10
0,_Clark,_3727,_003727,560,730,2,0,9
0,_Clark,_3728,_003728,616,651,3,1,7
0,_Clark,_3729,_003729,505,492,17,1,7
0,_Clark,_3730,_003730,801,681,24,3,9
0,_Clark,_3731,_003731,3,6,1,0,0
0,_Clark,_3732,_003732,364,219,11,3,5
0,_Clark,_3733,_003733,535,432,9,0,9
0,_Clark,_3734,_003734,616,736,13,2,12
0,_Clark,_3735,_003735,32,36,1,0,0
0,_Clark,_3736,_003736,11,30,1,0,0
0,_Clark,_3737,_003737,0,0,0,0,0
0,_Clark,_3738,_003738,149,112,1,0,2
0,_Clark,_3739,_003739,478,442,4,2,14
0,_Clark,_3740,_003740,1758,1857,38,4,26
0,_Clark,_3741,_003741,157,279,8,2,6
0,_Clark,_3742,_003742,672,383,10,3,11
0,_Clark,_3743,_003743,598,500,13,2,15
0,_Clark,_3744,_003744,1,2,0,0,0
0,_Clark,_3745,_003745,0,0,0,0,0
0,_Clark,_3746,_003746,687,733,9,4,11
0,_Clark,_3747,_003747,464,386,6,0,9
0,_Clark,_3748,_003748,533,582,5,0,12
0,_Clark,_3749,_003749,734,590,13,4,17
0,_Clark,_3750,_003750,1,0,0,0,0
0,_Clark,_3751,_003751,538,201,7,1,5
0,_Clark,_3752,_003752,627,228,10,2,14
0,_Clark,_3753,_003753,111,55,2,1,2
0,_Clark,_3754,_003754,1069,563,12,2,13
0,_Clark,_3755,_003755,450,323,7,2,2
0,_Clark,_3756,_003756,183,388,7,0,2
0,_Clark,_3757,_003757,331,584,8,1,9
0,_Clark,_3758,_003758,339,701,13,2,10
0,_Clark,_3759,_003759,598,703,11,6,19
0,_Clark,_3760,_003760,897,586,17,3,14
0,_Clark,_3761,_003761,590,327,9,0,6
0,_Clark,_3762,_003762,529,378,13,2,13
0,_Clark,_3763,_003763,0,0,0,0,0
0,_Clark,_3764,_003764,847,448,14,3,15
0,_Clark,_3765,_003765,811,509,16,1,14
0,_Clark,_3766,_003766,310,380,1,0,6
0,_Clark,_3767,_003767,7,32,0,0,0
0,_Clark,_3768,_003768,506,441,8,1,9
0,_Clark,_3769,_003769,476,431,6,0,10
0,_Clark,_3770,_003770,665,395,12,2,9
0,_Clark,_3771,_003771,435,338,6,1,8
0,_Clark,_3772,_003772,664,447,12,3,9
0,_Clark,_3773,_003773,577,353,11,1,4
0,_Clark,_3774,_003774,423,362,6,5,11
0,_Clark,_3775,_003775,363,315,2,2,10
0,_Clark,_3776,_003776,0,0,0,0,0
0,_Clark,_3777,_003777,0,3,1,0,0
0,_Clark,_3778,_003778,0,0,0,0,0
0,_Clark,_3779,_003779,0,0,0,0,0
0,_Clark,_3780,_003780,641,728,21,4,10
0,_Clark,_3782,_003782,258,222,11,2,2
0,_Clark,_3783,_003783,620,367,14,4,10
0,_Clark,_3784,_003784,506,298,9,1,13
0,_Clark,_3785,_003785,489,240,8,1,14
0,_Clark,_3786,_003786,793,720,18,4,15
0,_Clark,_3787,_003787,654,577,15,2,19
0,_Clark,_3788,_003788,516,710,2,1,8
0,_Clark,_3789,_003789,479,528,2,2,5
0,_Clark,_3790,_003790,489,494,2,0,6
0,_Clark,_3791,_003791,567,295,6,2,8
0,_Clark,_3792,_003792,460,251,0,2,4
0,_Clark,_3794,_003794,525,257,5,2,3
0,_Clark,_3795,_003795,447,225,8,2,7
0,_Clark,_3796,_003796,104,49,0,1,2
0,_Clark,_3800,_003800,412,417,4,0,8
0,_Clark,_3801,_003801,361,136,3,1,3
0,_Clark,_3802,_003802,520,252,1,4,12
0,_Clark,_3803,_003803,29,18,1,2,0
0,_Clark,_3804,_003804,657,360,13,4,11
0,_Clark,_3805,_003805,59,20,1,0,1
0,_Clark,_3806,_003806,279,256,6,0,9
0,_Clark,_3807,_003807,611,587,8,1,13
0,_Clark,_3808,_003808,423,464,3,3,8
0,_Clark,_3809,_003809,516,402,7,1,11
0,_Clark,_3811,_003811,727,305,6,3,7
0,_Clark,_3812,_003812,141,71,0,0,1
0,_Clark,_3813,_003813,627,311,9,2,10
0,_Clark,_3814,_003814,445,269,15,1,10
0,_Clark,_3815,_003815,460,279,8,4,6
0,_Clark,_3821,_003821,0,0,0,0,0
0,_Clark,_3822,_003822,11,32,1,0,0
0,_Clark,_3823,_003823,14,3,0,0,0
0,_Clark,_3824,_003824,173,117,5,1,0
0,_Clark,_3825,_003825,3,0,0,0,0
0,_Clark,_3826,_003826,203,167,2,0,2
0,_Clark,_3831,_003831,48,41,2,0,1
0,_Clark,_3832,_003832,0,0,0,0,0
0,_Clark,_3833,_003833,211,243,6,1,6
0,_Clark,_3834,_003834,601,282,13,3,10
0,_Clark,_3841,_003841,859,314,17,4,15
0,_Clark,_3842,_003842,599,311,11,0,7
0,_Clark,_3843,_003843,787,376,14,3,16
0,_Clark,_3844,_003844,448,294,3,4,13
0,_Clark,_3845,_003845,56,90,3,0,1
0,_Clark,_3851,_003851,1,0,0,0,0
0,_Clark,_3852,_003852,72,98,1,1,2
0,_Clark,_3853,_003853,27,30,0,0,0
0,_Clark,_3854,_003854,495,272,8,6,5
0,_Clark,_3855,_003855,847,335,6,6,21
0,_Clark,_3863,_003863,455,338,9,4,9
0,_Clark,_3864,_003864,742,536,22,5,9
0,_Clark,_3866,_003866,161,179,0,0,1
0,_Clark,_3875,_003875,0,0,0,0,0
0,_Clark,_3881,_003881,0,0,0,0,0
0,_Clark,_3902,_003902,0,0,0,0,0
0,_Clark,_3904,_003904,0,0,0,0,0
0,_Clark,_3905,_003905,0,0,0,0,0
0,_Clark,_3906,_003906,0,0,0,0,0
0,_Clark,_3907,_003907,0,0,0,0,0
0,_Clark,_3908,_003908,0,0,0,0,0
0,_Clark,_3909,_003909,0,0,0,0,0
0,_Clark,_3910,_003910,0,0,0,0,0
0,_Clark,_3912,_003912,0,0,0,0,0
0,_Clark,_3914,_003914,0,0,0,0,0
0,_Clark,_3915,_003915,0,0,0,0,0
0,_Clark,_3917,_003917,0,0,0,0,0
0,_Clark,_3938,_003938,0,0,0,0,0
0,_Clark,_3964,_003964,0,0,0,0,0
0,_Clark,_3979,_003979,0,0,0,0,0
0,_Clark,_3981,_003981,0,0,0,0,0
0,_Clark,_3984,_003984,0,0,0,0,0
0,_Clark,_3985,_003985,0,0,0,0,0
0,_Clark,_3988,_003988,0,0,0,0,0
0,_Clark,_3989,_003989,0,0,0,0,0
0,_Clark,_3990,_003990,0,0,0,0,0
0,_Clark,_3991,_003991,0,0,0,0,0
0,_Clark,_3992,_003992,0,0,0,0,0
0,_Clark,_3993,_003993,0,0,0,0,0
0,_Clark,_3994,_003994,0,0,0,0,0
0,_Clark,_3995,_003995,0,0,0,0,0
0,_Clark,_4017,_004017,781,93,3,2,15
0,_Clark,_4028,_004028,625,48,5,0,10
0,_Clark,_4066,_004066,54,14,0,0,1
0,_Clark,_4069,_004069,44,25,1,0,0
0,_Clark,_4073,_004073,15,14,0,1,0
0,_Clark,_4075,_004075,0,0,0,0,0
0,_Clark,_4076,_004076,1,2,1,0,0
0,_Clark,_4304,_004304,788,267,11,1,10
0,_Clark,_4305,_004305,950,272,13,5,19
0,_Clark,_4306,_004306,988,292,8,6,16
0,_Clark,_4307,_004307,825,259,8,0,11
0,_Clark,_4309,_004309,580,109,4,1,14
0,_Clark,_4310,_004310,614,53,3,1,7
0,_Clark,_4381,_004381,337,147,4,0,6
0,_Clark,_4384,_004384,490,156,5,0,7
0,_Clark,_4387,_004387,837,254,9,1,12
0,_Clark,_4415,_004415,322,64,1,3,6
0,_Clark,_4434,_004434,53,69,1,0,0
0,_Clark,_4454,_004454,2,0,0,0,0
0,_Clark,_4461,_004461,910,107,6,5,8
0,_Clark,_4463,_004463,39,11,0,1,0
0,_Clark,_4467,_004467,403,30,3,1,10
0,_Clark,_4500,_004500,475,227,5,1,3
0,_Clark,_4501,_004501,1039,651,11,2,20
0,_Clark,_4502,_004502,550,272,10,2,15
0,_Clark,_4504,_004504,1156,422,18,2,16
0,_Clark,_4505,_004505,718,326,11,4,8
0,_Clark,_4506,_004506,664,344,8,2,11
0,_Clark,_4507,_004507,982,219,9,3,15
0,_Clark,_4508,_004508,496,65,3,3,7
0,_Clark,_4510,_004510,385,183,3,4,10
0,_Clark,_4511,_004511,0,0,0,0,0
0,_Clark,_4512,_004512,309,206,3,3,8
0,_Clark,_4513,_004513,277,205,3,0,2
0,_Clark,_4514,_004514,779,213,9,3,14
0,_Clark,_4522,_004522,324,169,2,1,5
0,_Clark,_4523,_004523,472,161,5,1,8
0,_Clark,_4525,_004525,517,253,3,2,6
0,_Clark,_4526,_004526,517,95,1,1,9
0,_Clark,_4527,_004527,961,227,9,6,17
0,_Clark,_4528,_004528,933,227,6,5,15
0,_Clark,_4529,_004529,632,161,3,2,5
0,_Clark,_4530,_004530,567,230,5,2,5
0,_Clark,_4531,_004531,803,300,22,3,16
0,_Clark,_4532,_004532,544,153,3,4,2
0,_Clark,_4535,_004535,764,282,10,6,9
0,_Clark,_4536,_004536,802,301,11,1,13
0,_Clark,_4540,_004540,404,179,8,1,3
0,_Clark,_4541,_004541,702,248,8,4,15
0,_Clark,_4543,_004543,288,103,3,4,7
0,_Clark,_4546,_004546,543,212,5,3,6
0,_Clark,_4547,_004547,295,96,7,0,9
0,_Clark,_4548,_004548,311,96,7,4,5
0,_Clark,_4549,_004549,290,122,9,2,3
0,_Clark,_4550,_004550,269,78,3,0,7
0,_Clark,_4551,_004551,420,144,6,0,10
0,_Clark,_4552,_004552,603,170,7,1,6
0,_Clark,_4553,_004553,914,327,9,7,16
0,_Clark,_4554,_004554,213,26,0,1,0
0,_Clark,_4555,_004555,540,165,6,3,9
0,_Clark,_4556,_004556,492,148,3,2,5
0,_Clark,_4557,_004557,651,186,9,2,3
0,_Clark,_4559,_004559,630,151,15,3,21
0,_Clark,_4560,_004560,380,136,3,1,4
0,_Clark,_4561,_004561,454,164,4,2,3
0,_Clark,_4562,_004562,283,125,2,0,2
0,_Clark,_4563,_004563,258,160,4,0,4
0,_Clark,_4564,_004564,110,22,1,1,3
0,_Clark,_4565,_004565,829,295,13,6,16
0,_Clark,_4566,_004566,675,230,11,4,9
0,_Clark,_4567,_004567,987,277,7,4,13
0,_Clark,_4568,_004568,82,20,0,1,2
0,_Clark,_4569,_004569,557,135,5,2,1
0,_Clark,_4571,_004571,38,21,1,0,0
0,_Clark,_4572,_004572,2,0,0,0,0
0,_Clark,_4573,_004573,147,44,2,0,2
0,_Clark,_4574,_004574,0,0,0,0,0
0,_Clark,_4577,_004577,941,256,11,2,13
0,_Clark,_4581,_004581,927,354,15,4,15
0,_Clark,_4582,_004582,681,284,3,0,8
0,_Clark,_4583,_004583,782,263,5,1,10
0,_Clark,_4584,_004584,687,263,12,2,19
0,_Clark,_4585,_004585,506,172,9,2,10
0,_Clark,_4586,_004586,1105,503,11,8,14
0,_Clark,_4590,_004590,349,81,2,1,1
0,_Clark,_4591,_004591,175,32,1,0,6
0,_Clark,_4592,_004592,72,24,0,0,1
0,_Clark,_4593,_004593,355,88,4,1,6
0,_Clark,_4594,_004594,1,0,0,0,0
0,_Clark,_4596,_004596,86,24,2,0,1
0,_Clark,_4597,_004597,821,180,5,1,7
0,_Clark,_4598,_004598,499,146,9,0,8
0,_Clark,_4599,_004599,551,126,6,2,5
0,_Clark,_4601,_004601,55,38,0,1,0
0,_Clark,_4602,_004602,522,185,6,1,12
0,_Clark,_4603,_004603,301,149,6,0,2
0,_Clark,_4604,_004604,271,94,4,2,3
0,_Clark,_4605,_004605,1185,472,15,1,18
0,_Clark,_4606,_004606,53,18,2,0,0
0,_Clark,_4611,_004611,417,170,9,4,10
0,_Clark,_4612,_004612,751,363,15,2,9
0,_Clark,_4613,_004613,1,0,0,0,0
0,_Clark,_4614,_004614,82,35,1,0,2
0,_Clark,_4615,_004615,1,0,0,0,0
0,_Clark,_4616,_004616,910,102,3,4,16
0,_Clark,_4621,_004621,476,474,11,2,7
0,_Clark,_4623,_004623,694,453,9,4,7
0,_Clark,_4633,_004633,626,381,10,1,7
0,_Clark,_4634,_004634,907,444,11,2,16
0,_Clark,_4635,_004635,428,234,3,1,11
0,_Clark,_4636,_004636,0,2,0,0,0
0,_Clark,_4637,_004637,0,0,0,0,0
0,_Clark,_4638,_004638,0,0,0,0,0
0,_Clark,_4641,_004641,81,84,3,1,1
0,_Clark,_4642,_004642,381,155,4,2,6
0,_Clark,_4643,_004643,350,112,4,1,4
0,_Clark,_4645,_004645,0,0,0,0,0
0,_Clark,_4650,_004650,187,22,1,0,1
0,_Clark,_4651,_004651,0,0,0,0,0
0,_Clark,_4652,_004652,697,161,5,1,10
0,_Clark,_4902,_004902,0,0,0,0,0
0,_Clark,_4903,_004903,0,0,0,0,0
0,_Clark,_5003,_005003,97,42,0,0,3
0,_Clark,_5014,_005014,0,0,0,0,0
0,_Clark,_5029,_005029,643,273,8,2,17
0,_Clark,_5034,_005034,731,308,5,4,6
0,_Clark,_5036,_005036,549,345,6,2,7
0,_Clark,_5047,_005047,729,677,6,0,11
0,_Clark,_5056,_005056,355,113,3,0,9
0,_Clark,_5323,_005323,630,275,7,2,10
0,_Clark,_5324,_005324,494,378,8,0,7
0,_Clark,_5326,_005326,403,464,8,2,11
0,_Clark,_5330,_005330,850,561,11,3,11
0,_Clark,_5332,_005332,289,121,2,2,5
0,_Clark,_5333,_005333,579,265,10,1,11
0,_Clark,_5350,_005350,629,249,3,1,8
0,_Clark,_5356,_005356,280,142,1,0,2
0,_Clark,_5372,_005372,514,176,3,3,7
0,_Clark,_5384,_005384,390,178,6,3,2
0,_Clark,_5390,_005390,363,262,6,1,5
0,_Clark,_5393,_005393,420,359,7,4,12
0,_Clark,_5394,_005394,422,454,3,2,11
0,_Clark,_5395,_005395,242,267,1,1,1
0,_Clark,_5396,_005396,675,493,3,1,7
0,_Clark,_5397,_005397,729,622,4,3,14
0,_Clark,_5400,_005400,381,248,4,0,8
0,_Clark,_5403,_005403,351,179,8,3,10
0,_Clark,_5404,_005404,670,330,8,2,7
0,_Clark,_5405,_005405,756,383,6,6,21
0,_Clark,_5410,_005410,673,375,4,4,8
0,_Clark,_5412,_005412,710,372,5,0,12
0,_Clark,_5413,_005413,738,388,11,1,14
0,_Clark,_5417,_005417,500,231,6,4,11
0,_Clark,_5425,_005425,514,284,10,1,7
0,_Clark,_5430,_005430,646,354,9,2,13
0,_Clark,_5500,_005500,0,0,0,0,0
0,_Clark,_5501,_005501,194,187,2,1,2
0,_Clark,_5502,_005502,0,0,0,0,0
0,_Clark,_5503,_005503,0,0,0,0,0
0,_Clark,_5504,_005504,474,407,10,1,9
0,_Clark,_5505,_005505,639,437,5,1,12
0,_Clark,_5506,_005506,0,0,0,0,0
0,_Clark,_5511,_005511,344,191,3,0,5
0,_Clark,_5512,_005512,617,343,7,3,13
0,_Clark,_5513,_005513,810,464,21,2,8
0,_Clark,_5515,_005515,339,282,3,4,2
0,_Clark,_5521,_005521,287,194,5,1,4
0,_Clark,_5522,_005522,572,284,6,4,13
0,_Clark,_5523,_005523,582,413,8,1,6
0,_Clark,_5524,_005524,185,247,2,1,2
0,_Clark,_5525,_005525,126,206,2,1,1
0,_Clark,_5531,_005531,213,263,10,1,4
0,_Clark,_5532,_005532,339,213,3,2,5
0,_Clark,_5533,_005533,517,261,4,4,4
0,_Clark,_5534,_005534,334,184,8,0,5
0,_Clark,_5535,_005535,322,169,3,0,8
0,_Clark,_5536,_005536,647,309,11,0,10
0,_Clark,_5537,_005537,620,274,4,2,10
0,_Clark,_5541,_005541,65,37,1,1,3
0,_Clark,_5542,_005542,435,134,6,1,4
0,_Clark,_5543,_005543,286,80,7,1,3
0,_Clark,_5544,_005544,580,279,9,1,8
0,_Clark,_5545,_005545,858,553,12,3,13
0,_Clark,_5552,_005552,600,411,9,4,9
0,_Clark,_5553,_005553,445,262,6,0,5
0,_Clark,_5554,_005554,449,364,7,5,7
0,_Clark,_5555,_005555,299,228,4,2,4
0,_Clark,_5560,_005560,477,343,5,0,7
0,_Clark,_5561,_005561,0,0,0,0,0
0,_Clark,_5562,_005562,477,297,9,3,7
0,_Clark,_5563,_005563,0,0,0,0,0
0,_Clark,_5564,_005564,542,238,11,3,7
0,_Clark,_5565,_005565,612,293,12,2,16
0,_Clark,_5566,_005566,453,336,5,1,9
0,_Clark,_5567,_005567,533,355,7,3,11
0,_Clark,_5568,_005568,487,390,6,0,6
0,_Clark,_5569,_005569,441,356,9,4,10
0,_Clark,_5570,_005570,554,514,10,1,5
0,_Clark,_5571,_005571,650,367,6,2,6
0,_Clark,_5572,_005572,562,379,14,3,14
0,_Clark,_5573,_005573,465,306,4,0,12
0,_Clark,_5574,_005574,179,164,3,0,3
0,_Clark,_5575,_005575,280,174,11,1,6
0,_Clark,_5576,_005576,332,252,4,1,5
0,_Clark,_5577,_005577,383,240,4,2,2
0,_Clark,_5578,_005578,355,230,9,1,7
0,_Clark,_5579,_005579,239,121,2,4,2
0,_Clark,_5580,_005580,646,264,3,7,14
0,_Clark,_5581,_005581,718,194,11,1,5
0,_Clark,_5582,_005582,594,304,2,3,13
0,_Clark,_5583,_005583,471,184,7,2,9
0,_Clark,_5584,_005584,417,161,7,1,6
0,_Clark,_5585,_005585,632,260,12,2,10
0,_Clark,_5586,_005586,569,229,3,5,8
0,_Clark,_5587,_005587,584,511,9,0,9
0,_Clark,_5588,_005588,175,186,3,0,4
0,_Clark,_5589,_005589,184,234,3,0,3
0,_Clark,_5590,_005590,0,0,0,0,0
0,_Clark,_5591,_005591,350,197,6,0,3
0,_Clark,_5592,_005592,425,204,4,3,6
0,_Clark,_5593,_005593,485,276,9,0,9
0,_Clark,_5594,_005594,451,353,7,3,10
0,_Clark,_5595,_005595,387,196,11,4,10
0,_Clark,_5596,_005596,750,291,7,3,11
0,_Clark,_5597,_005597,253,93,9,2,4
0,_Clark,_5598,_005598,701,305,8,1,14
0,_Clark,_5599,_005599,13,14,0,0,0
0,_Clark,_5601,_005601,646,395,11,2,8
0,_Clark,_5603,_005603,669,515,19,1,16
0,_Clark,_5604,_005604,739,469,12,4,14
0,_Clark,_5612,_005612,337,193,4,3,13
0,_Clark,_5613,_005613,556,237,8,4,11
0,_Clark,_5614,_005614,438,108,12,4,5
0,_Clark,_5615,_005615,283,202,4,1,3
0,_Clark,_5616,_005616,469,368,7,7,6
0,_Clark,_5617,_005617,1005,388,6,1,9
0,_Clark,_5620,_005620,829,441,12,5,11
0,_Clark,_5621,_005621,437,241,9,1,5
0,_Clark,_5622,_005622,336,140,5,2,5
0,_Clark,_5623,_005623,654,367,10,6,15
0,_Clark,_5624,_005624,432,335,9,0,8
0,_Clark,_5625,_005625,406,284,5,1,7
0,_Clark,_5631,_005631,373,226,8,2,4
0,_Clark,_5632,_005632,540,247,4,2,9
0,_Clark,_5633,_005633,461,199,5,1,9
0,_Clark,_5634,_005634,283,177,3,1,5
0,_Clark,_5635,_005635,955,485,7,2,15
0,_Clark,_5636,_005636,459,310,8,0,6
0,_Clark,_5641,_005641,41,48,4,0,0
0,_Clark,_5642,_005642,274,186,4,1,6
0,_Clark,_5643,_005643,0,0,0,0,0
0,_Clark,_5644,_005644,0,0,0,0,0
0,_Clark,_5649,_005649,405,513,6,0,4
0,_Clark,_5650,_005650,915,986,17,3,21
0,_Clark,_5651,_005651,118,156,2,1,0
0,_Clark,_5652,_005652,386,734,4,2,5
0,_Clark,_5653,_005653,578,592,15,4,21
0,_Clark,_5654,_005654,366,314,9,3,10
0,_Clark,_5655,_005655,620,891,7,2,10
0,_Clark,_5903,_005903,0,0,0,0,0
0,_Clark,_5904,_005904,0,0,0,0,0
0,_Clark,_5905,_005905,0,0,0,0,0
0,_Clark,_5906,_005906,0,0,0,0,0
0,_Clark,_6040,_006040,381,341,6,4,9
0,_Clark,_6057,_006057,578,496,3,0,3
0,_Clark,_6062,_006062,395,313,6,3,6
0,_Clark,_6066,_006066,357,271,4,1,12
0,_Clark,_6109,_006109,879,489,12,4,10
0,_Clark,_6362,_006362,498,211,6,1,7
0,_Clark,_6424,_006424,572,351,15,4,9
0,_Clark,_6431,_006431,520,365,11,1,19
0,_Clark,_6434,_006434,279,214,6,0,5
0,_Clark,_6440,_006440,497,408,8,2,6
0,_Clark,_6463,_006463,563,340,8,0,14
0,_Clark,_6467,_006467,160,215,1,1,5
0,_Clark,_6468,_006468,877,778,11,0,13
0,_Clark,_6469,_006469,724,627,18,0,14
0,_Clark,_6470,_006470,795,618,8,3,12
0,_Clark,_6471,_006471,765,598,9,1,13
0,_Clark,_6475,_006475,775,477,13,2,15
0,_Clark,_6477,_006477,407,406,10,2,5
0,_Clark,_6484,_006484,294,351,6,1,4
0,_Clark,_6486,_006486,534,407,12,1,10
0,_Clark,_6487,_006487,257,531,3,1,6
0,_Clark,_6488,_006488,35,56,3,0,1
0,_Clark,_6490,_006490,393,532,5,1,5
0,_Clark,_6492,_006492,1445,1178,26,4,26
0,_Clark,_6493,_006493,562,585,7,1,10
0,_Clark,_6494,_006494,435,428,3,2,3
0,_Clark,_6496,_006496,0,0,0,0,0
0,_Clark,_6497,_006497,849,891,12,0,8
0,_Clark,_6498,_006498,38,137,0,0,1
0,_Clark,_6499,_006499,932,749,10,2,10
0,_Clark,_6500,_006500,18,22,0,0,0
0,_Clark,_6512,_006512,449,772,9,0,15
0,_Clark,_6513,_006513,203,335,4,1,7
0,_Clark,_6514,_006514,656,620,14,2,9
0,_Clark,_6515,_006515,372,479,1,0,6
0,_Clark,_6517,_006517,967,990,17,3,14
0,_Clark,_6520,_006520,503,491,5,0,8
0,_Clark,_6521,_006521,609,600,18,1,10
0,_Clark,_6522,_006522,379,497,4,0,7
0,_Clark,_6526,_006526,391,444,1,1,11
0,_Clark,_6527,_006527,1183,1181,19,3,31
0,_Clark,_6530,_006530,590,619,10,1,6
0,_Clark,_6531,_006531,1274,989,25,6,15
0,_Clark,_6533,_006533,587,419,10,1,8
0,_Clark,_6538,_006538,514,370,4,1,3
0,_Clark,_6539,_006539,710,595,7,3,8
0,_Clark,_6540,_006540,1010,775,19,3,11
0,_Clark,_6544,_006544,526,515,11,0,4
0,_Clark,_6545,_006545,643,449,11,2,8
0,_Clark,_6547,_006547,823,694,18,2,17
0,_Clark,_6548,_006548,624,579,9,5,10
0,_Clark,_6549,_006549,682,496,5,1,3
0,_Clark,_6600,_006600,642,684,4,2,10
0,_Clark,_6601,_006601,670,577,10,2,13
0,_Clark,_6602,_006602,648,497,14,4,10
0,_Clark,_6604,_006604,823,472,18,1,12
0,_Clark,_6605,_006605,98,59,0,0,0
0,_Clark,_6606,_006606,643,299,15,2,11
0,_Clark,_6607,_006607,645,382,12,4,14
0,_Clark,_6608,_006608,131,41,6,0,4
0,_Clark,_6609,_006609,943,627,20,2,24
0,_Clark,_6610,_006610,1027,1201,20,2,18
0,_Clark,_6611,_006611,399,388,4,1,7
0,_Clark,_6612,_006612,652,430,12,6,8
0,_Clark,_6613,_006613,373,378,7,1,10
0,_Clark,_6614,_006614,1,1,0,0,0
0,_Clark,_6615,_006615,167,224,0,1,3
0,_Clark,_6617,_006617,0,0,0,0,0
0,_Clark,_6621,_006621,522,428,12,1,10
0,_Clark,_6622,_006622,579,301,8,2,9
0,_Clark,_6625,_006625,352,436,5,1,4
0,_Clark,_6631,_006631,355,336,9,2,8
0,_Clark,_6632,_006632,364,318,8,1,7
0,_Clark,_6633,_006633,556,515,8,4,12
0,_Clark,_6634,_006634,367,462,3,2,11
0,_Clark,_6635,_006635,487,608,8,2,10
0,_Clark,_6642,_006642,421,401,3,1,4
0,_Clark,_6643,_006643,550,453,12,2,10
0,_Clark,_6644,_006644,697,607,8,2,11
0,_Clark,_6645,_006645,710,573,13,5,19
0,_Clark,_6648,_006648,760,526,13,3,13
0,_Clark,_6649,_006649,731,524,19,1,8
0,_Clark,_6651,_006651,618,567,7,1,13
0,_Clark,_6652,_006652,278,355,2,0,7
0,_Clark,_6653,_006653,613,550,8,1,8
0,_Clark,_6654,_006654,600,467,9,4,16
0,_Clark,_6655,_006655,532,585,7,2,9
0,_Clark,_6656,_006656,546,526,7,1,11
0,_Clark,_6657,_006657,659,643,7,4,8
0,_Clark,_6658,_006658,1051,1036,12,3,16
0,_Clark,_6661,_006661,527,501,8,1,11
0,_Clark,_6662,_006662,324,414,8,4,5
0,_Clark,_6663,_006663,373,292,16,2,3
0,_Clark,_6664,_006664,411,261,4,0,6
0,_Clark,_6665,_006665,508,470,6,3,10
0,_Clark,_6666,_006666,789,653,19,1,10
0,_Clark,_6667,_006667,515,590,20,1,9
0,_Clark,_6671,_006671,364,267,7,1,6
0,_Clark,_6672,_006672,450,354,8,1,4
0,_Clark,_6673,_006673,916,657,18,4,13
0,_Clark,_6674,_006674,545,404,7,0,16
0,_Clark,_6675,_006675,483,483,7,0,14
0,_Clark,_6681,_006681,474,685,6,1,6
0,_Clark,_6683,_006683,236,363,3,1,4
0,_Clark,_6684,_006684,212,304,5,0,3
0,_Clark,_6685,_006685,514,384,11,4,9
0,_Clark,_6686,_006686,453,316,7,0,4
0,_Clark,_6691,_006691,348,236,9,0,9
0,_Clark,_6692,_006692,351,314,5,0,7
0,_Clark,_6693,_006693,839,526,14,1,15
0,_Clark,_6694,_006694,379,348,9,1,5
0,_Clark,_6695,_006695,570,471,8,2,5
0,_Clark,_6700,_006700,155,93,0,0,1
0,_Clark,_6701,_006701,307,303,3,0,7
0,_Clark,_6702,_006702,516,382,7,2,6
0,_Clark,_6703,_006703,802,490,16,4,19
0,_Clark,_6704,_006704,584,333,9,1,9
0,_Clark,_6705,_006705,431,188,8,1,12
0,_Clark,_6706,_006706,458,233,6,2,8
0,_Clark,_6707,_006707,822,689,9,2,12
0,_Clark,_6708,_006708,586,480,6,2,11
0,_Clark,_6709,_006709,341,302,3,2,4
0,_Clark,_6710,_006710,986,485,15,2,11
0,_Clark,_6711,_006711,1,0,0,0,0
0,_Clark,_6712,_006712,163,310,4,0,5
0,_Clark,_6713,_006713,267,185,7,0,7
0,_Clark,_6714,_006714,288,185,5,1,9
0,_Clark,_6715,_006715,496,428,7,3,2
0,_Clark,_6716,_006716,849,782,14,1,13
0,_Clark,_6717,_006717,454,509,6,1,4
0,_Clark,_6718,_006718,505,393,5,2,6
0,_Clark,_6719,_006719,792,790,16,1,15
0,_Clark,_6720,_006720,334,330,10,0,5
0,_Clark,_6721,_006721,705,606,13,0,10
0,_Clark,_6722,_006722,0,2,0,0,0
0,_Clark,_6723,_006723,118,80,1,1,2
0,_Clark,_6724,_006724,861,555,5,1,8
0,_Clark,_6725,_006725,854,746,18,2,12
0,_Clark,_6726,_006726,364,527,3,0,7
0,_Clark,_6727,_006727,423,458,3,1,8
0,_Clark,_6728,_006728,915,1337,11,3,21
0,_Clark,_6729,_006729,283,256,3,0,5
0,_Clark,_6730,_006730,1166,761,17,4,26
0,_Clark,_6731,_006731,591,553,5,1,11
0,_Clark,_6732,_006732,655,516,15,4,8
0,_Clark,_6733,_006733,1047,743,16,2,21
0,_Clark,_6734,_006734,734,569,9,3,10
0,_Clark,_6735,_006735,1279,999,24,3,16
0,_Clark,_6736,_006736,434,355,2,1,9
0,_Clark,_6737,_006737,1321,989,16,2,12
0,_Clark,_6738,_006738,1009,741,11,2,19
0,_Clark,_6739,_006739,575,324,14,0,10
0,_Clark,_6740,_006740,761,567,10,1,9
0,_Clark,_6750,_006750,699,499,5,1,12
0,_Clark,_6751,_006751,948,769,13,4,14
0,_Clark,_6752,_006752,855,831,17,5,15
0,_Clark,_6753,_006753,629,544,15,4,9
0,_Clark,_6914,_006914,0,0,0,0,0
0,_Clark,_7012,_007012,638,292,14,5,13
0,_Clark,_7047,_007047,534,390,11,3,6
0,_Clark,_7048,_007048,574,445,8,1,12
0,_Clark,_7049,_007049,428,303,3,2,9
0,_Clark,_7050,_007050,384,396,2,0,7
0,_Clark,_7054,_007054,530,271,8,5,4
0,_Clark,_7079,_007079,754,326,11,5,8
0,_Clark,_7097,_007097,565,280,13,2,10
0,_Clark,_7311,_007311,394,240,8,2,8
0,_Clark,_7312,_007312,655,271,11,3,9
0,_Clark,_7332,_007332,651,242,8,3,9
0,_Clark,_7334,_007334,266,113,5,0,4
0,_Clark,_7341,_007341,448,197,9,3,3
0,_Clark,_7351,_007351,323,519,6,2,6
0,_Clark,_7352,_007352,371,840,9,4,9
0,_Clark,_7354,_007354,438,563,9,2,14
0,_Clark,_7355,_007355,658,661,16,4,7
0,_Clark,_7356,_007356,244,454,12,2,7
0,_Clark,_7357,_007357,538,587,19,7,11
0,_Clark,_7358,_007358,166,178,4,0,4
0,_Clark,_7359,_007359,587,715,13,2,10
0,_Clark,_7360,_007360,299,531,4,3,8
0,_Clark,_7361,_007361,200,398,8,4,7
0,_Clark,_7366,_007366,1517,1396,32,3,25
0,_Clark,_7387,_007387,432,299,15,3,14
0,_Clark,_7395,_007395,559,368,8,0,16
0,_Clark,_7402,_007402,534,401,11,2,8
0,_Clark,_7403,_007403,629,552,11,1,14
0,_Clark,_7405,_007405,657,646,7,1,15
0,_Clark,_7410,_007410,538,561,18,3,7
0,_Clark,_7411,_007411,705,574,13,1,18
0,_Clark,_7413,_007413,1045,828,18,3,14
0,_Clark,_7414,_007414,1121,829,9,3,16
0,_Clark,_7415,_007415,706,627,15,1,19
0,_Clark,_7416,_007416,490,299,10,1,10
0,_Clark,_7417,_007417,552,357,16,3,6
0,_Clark,_7422,_007422,776,644,20,3,14
0,_Clark,_7430,_007430,627,631,11,5,15
0,_Clark,_7458,_007458,0,0,0,0,0
0,_Clark,_7500,_007500,852,701,17,6,16
0,_Clark,_7501,_007501,121,71,3,1,1
0,_Clark,_7502,_007502,511,460,5,3,7
0,_Clark,_7503,_007503,204,128,4,1,7
0,_Clark,_7504,_007504,72,49,6,0,2
0,_Clark,_7505,_007505,0,0,0,0,0
0,_Clark,_7506,_007506,306,154,4,1,7
0,_Clark,_7507,_007507,743,473,7,1,10
0,_Clark,_7508,_007508,256,166,3,3,2
0,_Clark,_7509,_007509,556,249,21,0,12
0,_Clark,_7511,_007511,0,0,0,0,0
0,_Clark,_7512,_007512,335,215,11,0,7
0,_Clark,_7513,_007513,945,449,11,6,13
0,_Clark,_7514,_007514,0,0,0,0,0
0,_Clark,_7515,_007515,620,592,4,1,6
0,_Clark,_7521,_007521,15,6,0,0,0
0,_Clark,_7522,_007522,1447,771,22,4,17
0,_Clark,_7523,_007523,167,110,0,0,1
0,_Clark,_7524,_007524,525,324,9,3,7
0,_Clark,_7525,_007525,431,229,9,3,7
0,_Clark,_7526,_007526,338,161,12,0,2
0,_Clark,_7527,_007527,432,233,10,1,8
0,_Clark,_7528,_007528,843,459,10,5,10
0,_Clark,_7529,_007529,502,274,10,4,7
0,_Clark,_7530,_007530,447,318,8,2,11
0,_Clark,_7531,_007531,541,303,8,1,6
0,_Clark,_7532,_007532,491,323,9,3,13
0,_Clark,_7533,_007533,0,0,0,0,0
0,_Clark,_7534,_007534,787,1654,7,4,24
0,_Clark,_7535,_007535,0,0,0,0,0
0,_Clark,_7536,_007536,336,844,6,1,9
0,_Clark,_7541,_007541,1,0,0,0,0
0,_Clark,_7542,_007542,12,22,1,0,0
0,_Clark,_7543,_007543,1,2,0,0,0
0,_Clark,_7545,_007545,377,738,10,1,12
0,_Clark,_7550,_007550,20,31,0,1,0
0,_Clark,_7551,_007551,245,666,14,2,8
0,_Clark,_7552,_007552,353,624,9,3,12
0,_Clark,_7553,_007553,385,471,17,2,10
0,_Clark,_7554,_007554,274,458,6,2,7
0,_Clark,_7555,_007555,446,810,17,5,15
0,_Clark,_7561,_007561,335,665,9,3,9
0,_Clark,_7562,_007562,310,648,12,2,5
0,_Clark,_7563,_007563,212,473,2,0,10
0,_Clark,_7564,_007564,287,660,8,1,9
0,_Clark,_7569,_007569,647,651,10,3,19
0,_Clark,_7570,_007570,353,396,5,2,9
0,_Clark,_7571,_007571,400,349,10,3,17
0,_Clark,_7572,_007572,461,458,18,7,13
0,_Clark,_7573,_007573,475,689,14,1,11
0,_Clark,_7574,_007574,452,659,14,2,9
0,_Clark,_7575,_007575,239,444,13,1,3
0,_Clark,_7581,_007581,502,880,10,3,10
0,_Clark,_7582,_007582,644,743,12,1,7
0,_Clark,_7583,_007583,546,916,8,6,14
0,_Clark,_7584,_007584,426,768,13,5,15
0,_Clark,_7585,_007585,306,762,3,1,8
0,_Clark,_7590,_007590,109,116,5,0,1
0,_Clark,_7591,_007591,355,494,9,3,9
0,_Clark,_7592,_007592,493,484,11,0,1
0,_Clark,_7593,_007593,575,981,24,4,12
0,_Clark,_7594,_007594,751,1019,19,4,19
0,_Clark,_7595,_007595,246,649,4,1,4
0,_Clark,_7596,_007596,245,401,2,1,9
0,_Clark,_7601,_007601,497,953,18,3,21
0,_Clark,_7602,_007602,565,888,16,1,10
0,_Clark,_7603,_007603,717,1218,22,2,16
0,_Clark,_7604,_007604,389,663,5,2,8
0,_Clark,_7605,_007605,509,833,22,1,10
0,_Clark,_7611,_007611,419,666,9,0,7
0,_Clark,_7612,_007612,347,448,11,1,10
0,_Clark,_7613,_007613,399,541,9,3,5
0,_Clark,_7614,_007614,459,450,12,3,17
0,_Clark,_7615,_007615,784,894,23,2,27
0,_Clark,_7622,_007622,285,266,10,1,3
0,_Clark,_7623,_007623,662,666,13,0,17
0,_Clark,_7624,_007624,737,568,11,3,11
0,_Clark,_7625,_007625,380,419,6,1,10
0,_Clark,_7631,_007631,697,903,20,2,17
0,_Clark,_7632,_007632,487,391,11,2,10
0,_Clark,_7633,_007633,476,497,7,0,7
0,_Clark,_7634,_007634,311,330,1,2,7
0,_Clark,_7635,_007635,448,407,7,4,6
0,_Clark,_7641,_007641,373,486,1,1,8
0,_Clark,_7642,_007642,345,377,0,0,4
0,_Clark,_7643,_007643,311,289,3,1,10
0,_Clark,_7644,_007644,508,593,10,0,16
0,_Clark,_7645,_007645,225,174,4,2,5
0,_Clark,_7651,_007651,955,925,10,1,20
0,_Clark,_7652,_007652,418,537,6,2,6
0,_Clark,_7653,_007653,342,539,9,2,8
0,_Clark,_7654,_007654,493,487,6,2,7
0,_Clark,_7661,_007661,404,272,6,2,5
0,_Clark,_7662,_007662,524,465,13,4,5
0,_Clark,_7663,_007663,624,548,8,0,11
0,_Clark,_7664,_007664,439,354,8,5,3
0,_Clark,_7665,_007665,466,403,5,1,11
0,_Clark,_7671,_007671,402,434,6,0,9
0,_Clark,_7672,_007672,419,374,17,0,4
0,_Clark,_7674,_007674,194,195,5,1,5
0,_Clark,_7675,_007675,342,439,6,0,6
0,_Clark,_7681,_007681,449,456,8,2,13
0,_Clark,_7682,_007682,338,278,3,1,2
0,_Clark,_7683,_007683,532,559,12,2,5
0,_Clark,_7684,_007684,412,320,9,3,9
0,_Clark,_7685,_007685,519,427,10,3,10
0,_Clark,_7691,_007691,287,351,0,0,6
0,_Clark,_7692,_007692,613,636,14,3,15
0,_Clark,_7693,_007693,747,589,13,4,8
0,_Clark,_7694,_007694,663,582,13,2,11
0,_Clark,_7695,_007695,518,502,10,1,8
0,_Clark,_7701,_007701,60,44,1,0,4
0,_Clark,_7702,_007702,695,495,15,3,13
0,_Clark,_7703,_007703,483,453,10,4,5
0,_Clark,_7704,_007704,262,237,2,2,9
0,_Clark,_7705,_007705,454,625,8,3,6
0,_Clark,_7706,_007706,503,479,8,3,6
0,_Clark,_7707,_007707,440,435,8,2,13
0,_Clark,_7712,_007712,410,380,7,2,7
0,_Clark,_7713,_007713,352,350,7,1,5
0,_Clark,_7714,_007714,482,325,5,1,6
0,_Clark,_7715,_007715,790,651,17,4,17
0,_Clark,_7720,_007720,41,19,2,0,0
0,_Clark,_7722,_007722,377,348,4,0,12
0,_Clark,_7723,_007723,569,520,12,2,10
0,_Clark,_7724,_007724,15,23,0,0,1
0,_Clark,_7726,_007726,866,523,11,3,14
0,_Clark,_7730,_007730,1056,901,14,3,14
0,_Clark,_7731,_007731,521,508,16,1,10
0,_Clark,_7732,_007732,652,570,11,3,8
0,_Clark,_7733,_007733,468,461,9,1,10
0,_Clark,_7734,_007734,0,0,0,0,0
0,_Clark,_7743,_007743,0,1,0,0,0
0,_Clark,_7745,_007745,0,0,0,0,0
0,_Clark,_7902,_007902,0,0,0,0,0
0,_Clark,_7906,_007906,0,0,0,0,0
0,_Clark,_7908,_007908,0,0,0,0,0
0,_Clark,_7910,_007910,0,0,0,0,0
0,_Clark,_7912,_007912,0,0,0,0,0
0,_Clark,_7920,_007920,0,0,0,0,0
0,_Clark,_7923,_007923,0,0,0,0,0
0,_Clark,_7926,_007926,0,0,0,0,0
0,_Douglas,_Precinct 01 - Centerville,_000001,213,648,5,2,6
0,_Douglas,_Precinct 02 - Fish Springs,_000002,406,951,16,1,18
0,_Douglas,_Precinct 03 - Gardnerville,_000003,461,650,13,2,16
0,_Douglas,_Precinct 04 - Carson Valley Estates,_000004,301,499,22,3,11
0,_Douglas,_Precinct 05 - Genoa,_000005,288,614,7,2,12
0,_Douglas,_Precinct 06 - Jacks Valley,_000006,494,789,15,5,25
0,_Douglas,_Precinct 07 - Minden,_000007,340,489,16,2,9
0,_Douglas,_Precinct 08 - Ranchos I,_000008,384,803,17,6,13
0,_Douglas,_Precinct 09 - Ranchos II,_000009,335,642,11,2,9
0,_Douglas,_Precinct 10 - Topaz Ranch Estates,_000010,306,793,15,4,14
0,_Douglas,_Precinct 11 - Johnson Lane,_000011,310,831,15,2,11
0,_Douglas,_Precinct 12 - Dresslerville,_000012,97,40,2,0,3
0,_Douglas,_Precinct 13 - Indian Hills West,_000013,496,748,19,2,16
0,_Douglas,_Precinct 14 - Pinenut,_000014,218,655,7,1,14
0,_Douglas,_Precinct 15 - Valley,_000015,113,305,3,1,3
0,_Douglas,_Precinct 16 - Mottsville,_000016,237,500,12,1,6
0,_Douglas,_Precinct 17 - Ruhenstroth,_000017,378,1000,15,1,12
0,_Douglas,_Precinct 18 - Ranchos III,_000018,215,435,5,2,8
0,_Douglas,_Precinct 19 - Ranchos IV,_000019,339,595,16,2,15
0,_Douglas,_Precinct 20 - Birch/Ranchos,_000020,374,644,8,3,16
0,_Douglas,_Precinct 21 - Wildhorse,_000021,289,830,7,3,15
0,_Douglas,_Precinct 22 - Saratoga,_000022,376,820,9,2,17
0,_Douglas,_Precinct 23 - Indian Hills East,_000023,371,556,16,3,10
0,_Douglas,_Precinct 24 - Topaz Lake,_000024,110,360,5,1,6
0,_Douglas,_Precinct 25 - Pleasantview,_000025,436,916,27,2,18
0,_Douglas,_Precinct 26 - Westwood,_000026,217,349,7,1,12
0,_Douglas,_Precinct 27 - Winhaven,_000027,318,497,5,1,13
0,_Douglas,_Precinct 28 - Orchard Road,_000028,222,608,8,0,16
0,_Douglas,_Precinct 29 - Autumn Hills,_000029,199,500,3,0,10
0,_Douglas,_Precinct 30 - East Fork,_000030,0,2,0,0,0
0,_Douglas,_Precinct 31 - Chichester,_000031,267,429,7,0,9
0,_Douglas,_Precinct 32 - East Valley,_000032,140,388,4,1,9
0,_Douglas,_Precinct 33 - Hot Springs,_000033,157,343,11,2,13
0,_Douglas,_Precinct 34 - Sunridge,_000034,167,310,6,1,10
0,_Douglas,_Precinct 35 - Glenbrook,_000035,155,286,3,0,11
0,_Douglas,_Precinct 36 - Skyland,_000036,165,280,4,1,9
0,_Douglas,_Precinct 37 - Zephyr Cove,_000037,229,301,5,0,9
0,_Douglas,_Precinct 38 - Round Hill,_000038,353,301,9,2,4
0,_Douglas,_Precinct 39 - Edgewood,_000039,135,124,4,0,1
0,_Douglas,_Precinct 40 - Kingsbury,_000040,445,457,11,3,12
0,_Douglas,_Precinct 41 - Daggett,_000041,515,342,17,1,8
0,_Douglas,_Voting Districts Not Defined,_ZZZZZZ,0,0,0,0,0
0,_Elko,_Precinct 01 Elko City 1,_000001,134,361,12,4,7
0,_Elko,_Precinct 02 Elko City 2,_000002,156,295,13,4,7
0,_Elko,_Precinct 03 Elko City 3,_000003,168,347,19,0,12
0,_Elko,_Precinct 04 Elko City 4,_000004,154,323,15,0,9
0,_Elko,_Precinct 05 Elko City 5,_000005,124,337,13,2,8
0,_Elko,_Precinct 06 Elko City 6,_000006,136,515,21,1,4
0,_Elko,_Precinct 07 Elko City 7,_000007,104,341,6,1,7
0,_Elko,_Precinct 08 Elko City 8,_000008,188,524,20,1,6
0,_Elko,_Precinct 09 Elko City 9,_000009,131,279,17,5,8
0,_Elko,_Precinct 10 Elko City 10,_000010,232,712,9,5,7
0,_Elko,_Precinct 11 Elko City 11,_000011,183,342,21,1,13
0,_Elko,_Precinct 12 Elko Rural North,_000012,220,750,17,5,10
0,_Elko,_Precinct 13 Elko Rural South,_000013,83,443,2,1,5
0,_Elko,_Precinct 14 Elko City 14,_000014,292,928,23,3,17
0,_Elko,_Precinct 15 Carlin 2,_000015,67,376,5,3,3
0,_Elko,_Precinct 16 Carlin 1,_000016,31,342,5,0,3
0,_Elko,_Precinct 17 Carlin Rural,_000017,2,7,1,0,0
0,_Elko,_Precinct 18 Wells 1,_000018,76,233,1,1,7
0,_Elko,_Precinct 19 Wells 2,_000019,52,190,2,0,4
0,_Elko,_Precinct 20 Wendover North,_000020,327,321,13,5,18
0,_Elko,_Precinct 21 Wendover South,_000021,100,96,7,0,7
0,_Elko,_Precinct 22 Spring Creek South,_000022,203,1264,24,3,13
0,_Elko,_Precinct 23 Spring Creek,_000023,264,1270,23,1,11
0,_Elko,_Precinct 24 Spring Creek Mobile 1,_000024,101,741,8,0,7
0,_Elko,_Precinct 25 Spring Creek Mobile 2,_000025,123,695,3,1,1
0,_Elko,_Precinct 26 Lamoille,_000026,99,514,9,2,4
0,_Elko,_Precinct 27 Mound Valley,_000027,41,381,1,0,1
0,_Elko,_Precinct 28 Jack Creek,_000028,9,82,1,0,2
0,_Elko,_Precinct 29 Owyhee,_000029,98,29,1,1,3
0,_Elko,_Precinct 30 Mountain City,_000030,5,47,0,1,0
0,_Elko,_Precinct 31 North Fork,_000031,12,24,0,1,0
0,_Elko,_Precinct 32 Ryndon,_000032,75,750,10,3,6
0,_Elko,_Precinct 33 Mary's River,_000033,18,101,1,0,0
0,_Elko,_Precinct 34 Starr Valley,_000034,10,114,2,0,1
0,_Elko,_Precinct 35 Ruby Valley,_000035,11,97,0,1,0
0,_Elko,_Precinct 36 Clover Valley,_000036,22,97,1,1,2
0,_Elko,_Precinct 37 Oasis/Winecup,_000037,16,103,2,0,0
0,_Elko,_Precinct 38 Jackpot,_000038,125,92,5,0,2
0,_Elko,_Precinct 39 Montello,_000039,18,99,1,1,0
0,_Elko,_Precinct 40 Spring Creek,_000040,168,1155,19,3,6
0,_Elko,_Precinct 41 Spring Creek North,_000041,179,1024,22,6,6
0,_Esmeralda,_Goldfield Precinct 1,_000001,36,179,4,1,3
0,_Esmeralda,_Silver Peak Precinct 2,_000002,4,42,0,0,1
0,_Esmeralda,_Fish Lake Valley Precinct 3,_000003,30,165,2,0,2
0,_Esmeralda,_Gold Point/Lida Precinct 4,_000004,2,11,0,0,0
0,_Esmeralda,_Lambertucci Precinct 5,_000005,2,3,0,0,0
0,_Eureka,_Precinct 1,_000001,27,335,3,0,2
0,_Eureka,_Precinct 2,_000002,42,249,0,2,3
0,_Eureka,_Precinct 3,_000003,16,138,2,1,2
0,_Eureka,_Precinct 4 Crescent Valley Town,_000004,20,173,1,0,1
0,_Humboldt,_Precinct 01 Winnemucca,_000001,182,513,11,2,4
0,_Humboldt,_Precinct 02 Winnemucca,_000002,216,435,15,2,11
0,_Humboldt,_Precinct 03 Winnemucca,_000003,158,424,10,3,4
0,_Humboldt,_Precinct 04 Winnemucca,_000004,222,449,10,4,13
0,_Humboldt,_Precinct 05 Winnemucca,_000005,242,772,12,4,13
0,_Humboldt,_Precinct 06,_000006,218,877,12,3,13
0,_Humboldt,_Precinct 07,_000007,124,783,11,1,7
0,_Humboldt,_Precinct 08,_000008,10,94,0,0,0
0,_Humboldt,_Precinct 09,_000009,29,126,5,0,2
0,_Humboldt,_Precinct 10,_000010,65,48,0,2,1
0,_Humboldt,_Precinct 11,_000011,18,220,2,0,2
0,_Humboldt,_Precinct 12,_000012,23,133,1,0,1
0,_Humboldt,_Precinct 13,_000013,37,196,5,1,1
0,_Humboldt,_Precinct 14,_000014,94,566,9,1,4
0,_Humboldt,_Precinct 15,_000015,51,241,1,0,2
0,_Lander,_Precinct 1 - Argenta,_000001,77,326,7,0,5
0,_Lander,_Precinct 2 - Argenta,_000002,145,390,9,0,6
0,_Lander,_Precinct 3 - Argenta,_000003,36,133,0,0,0
0,_Lander,_Precinct 4 - Argenta,_000004,70,556,8,1,3
0,_Lander,_Precinct 5 - Argenta,_000005,120,569,7,4,10
0,_Lander,_Precinct 6 - Southern Lander County,_000006,8,63,1,0,3
0,_Lander,_Precinct 7 - Austin,_000007,13,85,0,0,2
0,_Lander,_Precinct 8 - Gilman Springs Ranch,_000008,3,15,0,0,0
0,_Lander,_Precinct 9 - Kingston,_000009,24,61,4,0,1
0,_Lincoln,_Precinct 1 - Alamo,_000001,49,576,4,2,1
0,_Lincoln,_Precinct 236 - Caliente South,_000002,30,86,2,0,1
0,_Lincoln,_Precinct 233 - Caliente North,_000002,95,395,3,3,11
0,_Lincoln,_Precinct 3 - Panaca,_000003,45,470,4,2,4
0,_Lincoln,_Precinct 4 - Pioche,_000004,110,505,4,1,7
0,_Lincoln,_Precinct 5 - Rachel,_000005,1,35,0,0,0
0,_Lyon,_East Mason Valley 1,_000001,169,480,8,4,5
0,_Lyon,_East Mason Valley 2,_000002,158,530,6,5,8
0,_Lyon,_West Mason Valley 1,_000003,242,501,3,3,12
0,_Lyon,_West Mason Valley 2,_000004,90,346,2,2,5
0,_Lyon,_West Mason Valley 3,_000005,15,28,0,1,1
0,_Lyon,_Spragg-Plummer,_000006,319,968,12,4,10
0,_Lyon,_Smith Valley 1,_000007,184,791,12,0,9
0,_Lyon,_Smith Valley 2,_000008,68,269,5,0,4
0,_Lyon,_South Dayton 1,_000009,341,763,10,2,11
0,_Lyon,_South Dayton 2,_000010,69,153,7,1,6
0,_Lyon,_South Dayton 3,_000011,318,778,12,1,7
0,_Lyon,_South Dayton 4,_000012,219,463,12,0,4
0,_Lyon,_North Dayton 1,_000013,406,1088,18,4,11
0,_Lyon,_North Dayton 2,_000014,471,1169,17,4,11
0,_Lyon,_North Dayton 3,_000015,318,556,10,2,12
0,_Lyon,_North Dayton 4,_000016,375,758,9,7,18
0,_Lyon,_North Dayton 5,_000017,207,626,5,2,6
0,_Lyon,_Mound House 1,_000018,114,270,3,0,1
0,_Lyon,_Mound House 2,_000019,175,260,4,2,6
0,_Lyon,_Silver City,_000020,81,44,1,0,2
0,_Lyon,_Stagecoach 1,_000021,250,831,17,5,6
0,_Lyon,_Stagecoach 2,_000022,82,258,2,1,3
0,_Lyon,_Silver Springs 1,_000023,230,554,19,1,12
0,_Lyon,_Silver Springs 2,_000024,139,389,16,4,5
0,_Lyon,_Silver Springs 3,_000025,211,541,13,1,7
0,_Lyon,_Silver Springs 4,_000026,136,410,18,9,4
0,_Lyon,_Fernley 1,_000027,336,894,28,2,10
0,_Lyon,_Fernley 2,_000028,189,483,12,5,11
0,_Lyon,_Fernley 3,_000029,116,321,8,1,4
0,_Lyon,_Fernley 4,_000030,243,449,17,3,7
0,_Lyon,_Fernley 5,_000031,196,488,14,1,0
0,_Lyon,_Fernley 6,_000032,272,470,21,1,5
0,_Lyon,_Fernley 7,_000033,392,701,36,5,17
0,_Lyon,_Fernley 8,_000034,68,202,2,0,5
0,_Lyon,_Fernley 9,_000035,78,185,4,0,3
0,_Lyon,_Fernley 10,_000036,109,247,1,1,4
0,_Lyon,_Fernley 11,_000037,260,610,19,2,6
0,_Lyon,_Fernley 12,_000038,274,714,24,10,12
0,_Lyon,_Fernley 13,_000039,320,803,15,3,7
0,_Lyon,_Fernley 14,_000040,233,523,19,4,10
0,_Mineral,_Hawthorne Precinct 1,_000001,108,227,7,2,6
0,_Mineral,_Hawthorne Precinct 2,_000002,92,239,2,1,3
0,_Mineral,_Hawthorne Precinct 3,_000003,72,112,3,0,4
0,_Mineral,_Hawthorne Precinct 4,_000004,71,115,6,1,3
0,_Mineral,_Hawthorne Precinct 5,_000005,67,165,1,0,2
0,_Mineral,_Hawthorne Precinct 6,_000006,96,163,3,1,2
0,_Mineral,_Hawthorne Rural Precinct 7,_000007,17,69,1,0,2
0,_Mineral,_Luning Precinct 8,_000008,4,24,0,0,0
0,_Mineral,_Mina Precinct 9,_000009,22,73,1,0,0
0,_Mineral,_Montgomery Pass Precinct 10,_000010,5,3,0,0,0
0,_Mineral,_Schurz Precinct 11,_000011,239,109,9,4,12
0,_Mineral,_Walker Lake Precinct 12,_000012,36,124,2,1,4
0,_Nye,_Beatty 01,_000001,100,278,6,5,3
0,_Nye,_Currant Creek 02,_000002,5,50,0,0,0
0,_Nye,_Duckwater 03,_000003,53,24,0,0,1
0,_Nye,_Gabbs 04,_000004,17,56,1,0,0
0,_Nye,_Ione 05,_000005,13,6,0,0,0
0,_Nye,_Amargosa Valley 06,_000006,133,256,5,1,2
0,_Nye,_Manhattan 07,_000007,13,49,0,0,2
0,_Nye,_Mercury 08,_000008,1,1,0,0,0
0,_Nye,_Pahrump 09,_000009,482,1120,17,4,10
0,_Nye,_Pahrump 10,_000010,201,434,8,2,3
0,_Nye,_Pahrump 11,_000011,406,741,16,9,5
0,_Nye,_Round Mountain 12,_000012,56,336,8,0,0
0,_Nye,_Sunnyside 13,_000013,5,17,0,0,0
0,_Nye,_Tonopah 14,_000014,188,754,14,2,10
0,_Nye,_Tonopah 15,_000015,15,27,0,0,3
0,_Nye,_Pahrump 16,_000016,421,834,10,4,10
0,_Nye,_Pahrump 17,_000017,292,639,7,3,5
0,_Nye,_Forty Bar 18,_000018,14,29,0,1,0
0,_Nye,_Pahrump 19,_000019,784,1756,26,6,24
0,_Nye,_Pahrump 20,_000020,362,813,9,2,9
0,_Nye,_Pahrump 21,_000021,395,997,16,10,9
0,_Nye,_Pahrump 22,_000022,238,630,12,4,12
0,_Nye,_Pahrump 23,_000023,121,262,3,1,3
0,_Nye,_Pahrump 24,_000024,321,721,5,4,8
0,_Nye,_Pahrump 25,_000025,95,316,8,4,4
0,_Nye,_Pahrump 26,_000026,201,477,10,6,9
0,_Nye,_Pahrump 27,_000027,261,625,8,5,8
0,_Nye,_Pahrump 28,_000028,413,955,5,2,8
0,_Nye,_Pahrump 29,_000029,446,968,12,5,22
0,_Nye,_Pahrump 30,_000030,337,814,12,2,15
0,_Nye,_Pahrump 31,_000031,340,1010,11,5,12
0,_Nye,_Pahrump 32,_000032,540,1183,11,5,28
0,_Nye,_Smoky Valley 35,_000035,19,350,3,1,1
0,_Pershing,_Precinct 1,_000001,162,585,5,1,4
0,_Pershing,_Precinct 3,_000003,129,265,3,0,7
0,_Pershing,_Precinct 4,_000004,110,203,3,3,5
0,_Pershing,_Precinct 5 Imlay,_000005,14,109,0,0,0
0,_Pershing,_Precinct 6,_000006,80,398,4,2,0
0,_Pershing,_Precinct 7,_000007,52,171,0,1,4
0,_Storey,_Precinct 01,_000001,98,244,2,1,1
0,_Storey,_Precinct 02,_000002,127,240,4,0,7
0,_Storey,_Precinct 03,_000003,2,20,0,0,0
0,_Storey,_Precinct 04,_000004,128,312,2,0,2
0,_Storey,_Precinct 05,_000005,299,700,12,2,10
0,_Storey,_Precinct 06,_000006,243,377,12,0,10
0,_Storey,_Precinct 07,_000007,0,0,0,0,0
0,_Storey,_Precinct 08,_000008,0,0,0,0,0
0,_Storey,_Precinct 09,_000009,0,0,0,0,0
0,_Storey,_Precinct 10,_000010,0,0,0,0,0
0,_Storey,_Precinct 11,_000011,2,6,0,0,0
0,_Storey,_Precinct 12,_000012,0,1,0,0,0
0,_Storey,_Precinct 13,_000013,0,0,0,0,0
0,_Storey,_Precinct 14,_000014,0,0,0,0,0
0,_Storey,_Precinct 15,_000015,3,8,2,0,0
0,_Washoe,_1000,_001000,396,160,6,0,11
0,_Washoe,_1002,_001002,501,308,9,2,13
0,_Washoe,_1003,_001003,882,396,25,1,20
0,_Washoe,_1005,_001005,0,0,0,0,0
0,_Washoe,_1006,_001006,248,106,3,1,5
0,_Washoe,_1007,_001007,688,522,8,1,25
0,_Washoe,_1008,_001008,246,128,2,1,5
0,_Washoe,_1010,_001010,725,452,17,2,22
0,_Washoe,_1011,_001011,568,297,6,4,8
0,_Washoe,_1012,_001012,249,173,5,0,8
0,_Washoe,_1014,_001014,723,458,9,2,20
0,_Washoe,_1015,_001015,19,9,1,0,1
0,_Washoe,_1016,_001016,594,357,36,5,10
0,_Washoe,_1018,_001018,709,246,24,5,14
0,_Washoe,_1020,_001020,612,434,7,2,15
0,_Washoe,_1022,_001022,540,397,7,0,11
0,_Washoe,_1023,_001023,370,312,3,0,8
0,_Washoe,_1024,_001024,722,565,14,4,17
0,_Washoe,_1026,_001026,426,317,8,0,8
0,_Washoe,_1027,_001027,238,142,3,1,1
0,_Washoe,_1029,_001029,724,607,9,3,18
0,_Washoe,_1031,_001031,359,278,7,0,8
0,_Washoe,_1032,_001032,331,219,5,0,9
0,_Washoe,_1033,_001033,609,338,9,1,18
0,_Washoe,_1035,_001035,352,122,7,3,5
0,_Washoe,_1036,_001036,462,170,13,2,10
0,_Washoe,_1038,_001038,277,168,0,0,2
0,_Washoe,_1039,_001039,300,184,6,3,5
0,_Washoe,_1040,_001040,0,0,0,0,0
0,_Washoe,_1043,_001043,488,292,20,2,11
0,_Washoe,_1044,_001044,675,537,21,4,21
0,_Washoe,_1045,_001045,277,246,11,1,7
0,_Washoe,_1046,_001046,89,61,0,0,1
0,_Washoe,_1047,_001047,140,154,3,2,9
0,_Washoe,_1050,_001050,0,0,0,0,0
0,_Washoe,_1051,_001051,0,1,0,0,0
0,_Washoe,_1053,_001053,245,184,3,0,4
0,_Washoe,_1055,_001055,613,434,27,7,17
0,_Washoe,_1056,_001056,561,366,25,0,12
0,_Washoe,_1057,_001057,790,522,26,4,15
0,_Washoe,_1058,_001058,0,1,0,0,0
0,_Washoe,_1059,_001059,0,0,0,0,0
0,_Washoe,_1061,_001061,0,0,0,0,0
0,_Washoe,_2000,_002000,233,139,3,2,4
0,_Washoe,_2002,_002002,0,0,0,0,0
0,_Washoe,_2004,_002004,435,190,10,5,8
0,_Washoe,_2006,_002006,523,362,8,1,4
0,_Washoe,_2007,_002007,52,19,0,0,3
0,_Washoe,_2009,_002009,205,88,2,0,3
0,_Washoe,_2010,_002010,173,132,1,0,6
0,_Washoe,_2013,_002013,174,172,0,2,5
0,_Washoe,_2016,_002016,301,252,9,0,5
0,_Washoe,_2017,_002017,403,251,12,2,9
0,_Washoe,_2018,_002018,649,496,22,0,20
0,_Washoe,_2019,_002019,757,1029,21,0,16
0,_Washoe,_2020,_002020,216,140,10,1,7
0,_Washoe,_2021,_002021,254,295,2,3,5
0,_Washoe,_2022,_002022,209,275,3,0,9
0,_Washoe,_2023,_002023,596,393,16,3,13
0,_Washoe,_2025,_002025,200,270,3,0,5
0,_Washoe,_2026,_002026,217,112,7,1,7
0,_Washoe,_2027,_002027,338,293,5,0,9
0,_Washoe,_2028,_002028,386,343,5,0,15
0,_Washoe,_2029,_002029,310,278,8,0,10
0,_Washoe,_2030,_002030,270,231,4,1,5
0,_Washoe,_2031,_002031,457,514,4,9,15
0,_Washoe,_2032,_002032,515,349,16,1,8
0,_Washoe,_2033,_002033,728,830,20,5,23
0,_Washoe,_2034,_002034,204,297,2,1,5
0,_Washoe,_2035,_002035,332,445,15,1,10
0,_Washoe,_2036,_002036,452,392,16,0,11
0,_Washoe,_2037,_002037,600,590,17,4,16
0,_Washoe,_2039,_002039,309,188,14,0,5
0,_Washoe,_2040,_002040,247,175,7,0,5
0,_Washoe,_2041,_002041,1051,1088,18,1,18
0,_Washoe,_2042,_002042,592,512,15,2,15
0,_Washoe,_2043,_002043,3,2,0,0,0
0,_Washoe,_2047,_002047,436,402,12,2,17
0,_Washoe,_2048,_002048,0,0,0,0,0
0,_Washoe,_2049,_002049,613,322,13,3,9
0,_Washoe,_2050,_002050,326,243,0,0,8
0,_Washoe,_2051,_002051,0,0,0,0,0
0,_Washoe,_2057,_002057,0,0,0,0,0
0,_Washoe,_2058,_002058,1083,1110,31,5,26
0,_Washoe,_2060,_002060,178,167,7,1,14
0,_Washoe,_2062,_002062,76,70,0,0,1
0,_Washoe,_2064,_002064,0,0,0,0,0
0,_Washoe,_2065,_002065,85,61,2,0,1
0,_Washoe,_2068,_002068,505,506,13,2,19
0,_Washoe,_2070,_002070,32,59,0,0,0
0,_Washoe,_2073,_002073,2,0,0,0,0
0,_Washoe,_2074,_002074,0,0,0,0,0
0,_Washoe,_2078,_002078,0,0,0,0,0
0,_Washoe,_2080,_002080,485,488,14,2,9
0,_Washoe,_2081,_002081,830,936,22,4,23
0,_Washoe,_3001,_003001,254,161,9,3,3
0,_Washoe,_3002,_003002,5,3,0,0,0
0,_Washoe,_3003,_003003,0,1,0,0,0
0,_Washoe,_3004,_003004,342,170,9,2,9
0,_Washoe,_3005,_003005,33,17,2,1,0
0,_Washoe,_3006,_003006,164,106,3,3,4
0,_Washoe,_3007,_003007,705,307,13,3,4
0,_Washoe,_3008,_003008,332,142,6,2,3
0,_Washoe,_3009,_003009,913,286,20,5,15
0,_Washoe,_3010,_003010,725,334,20,2,15
0,_Washoe,_3011,_003011,182,100,10,1,5
0,_Washoe,_3012,_003012,633,255,15,2,8
0,_Washoe,_3013,_003013,1,3,0,0,0
0,_Washoe,_3014,_003014,54,21,1,1,0
0,_Washoe,_3015,_003015,15,14,0,0,0
0,_Washoe,_3016,_003016,762,377,11,3,10
0,_Washoe,_3017,_003017,621,243,6,0,7
0,_Washoe,_3018,_003018,589,206,10,3,5
0,_Washoe,_3019,_003019,379,211,6,1,7
0,_Washoe,_3020,_003020,367,193,13,1,10
0,_Washoe,_3021,_003021,8,11,0,0,0
0,_Washoe,_3022,_003022,559,379,20,0,8
0,_Washoe,_3023,_003023,290,125,7,1,7
0,_Washoe,_3024,_003024,598,435,10,4,11
0,_Washoe,_3025,_003025,3,0,0,0,0
0,_Washoe,_3026,_003026,671,512,24,5,23
0,_Washoe,_3027,_003027,6,1,0,0,0
0,_Washoe,_3028,_003028,211,77,5,0,1
0,_Washoe,_3029,_003029,148,150,6,0,4
0,_Washoe,_3030,_003030,219,186,14,0,6
0,_Washoe,_3031,_003031,338,212,17,2,11
0,_Washoe,_3032,_003032,348,291,16,1,12
0,_Washoe,_3035,_003035,0,0,0,0,0
0,_Washoe,_3036,_003036,140,61,0,0,1
0,_Washoe,_3038,_003038,876,891,26,7,21
0,_Washoe,_3039,_003039,0,1,0,0,0
0,_Washoe,_3040,_003040,299,86,2,1,6
0,_Washoe,_4000,_004000,475,215,14,1,13
0,_Washoe,_4003,_004003,320,219,16,0,2
0,_Washoe,_4005,_004005,334,215,8,2,7
0,_Washoe,_4007,_004007,7,8,0,0,0
0,_Washoe,_4009,_004009,242,201,5,2,7
0,_Washoe,_4012,_004012,426,210,16,3,8
0,_Washoe,_4014,_004014,502,391,18,5,7
0,_Washoe,_4015,_004015,0,2,0,0,0
0,_Washoe,_4016,_004016,746,544,31,2,16
0,_Washoe,_4017,_004017,597,412,16,5,19
0,_Washoe,_4018,_004018,0,0,0,0,0
0,_Washoe,_4019,_004019,464,436,16,2,20
0,_Washoe,_4020,_004020,171,88,4,0,2
0,_Washoe,_4021,_004021,282,323,12,1,2
0,_Washoe,_4022,_004022,52,35,2,1,0
0,_Washoe,_4023,_004023,304,269,14,3,9
0,_Washoe,_4024,_004024,318,226,12,0,6
0,_Washoe,_4025,_004025,353,311,10,2,16
0,_Washoe,_4026,_004026,0,0,0,0,0
0,_Washoe,_4029,_004029,0,0,0,0,0
0,_Washoe,_4032,_004032,633,863,29,6,16
0,_Washoe,_4033,_004033,617,456,11,0,7
0,_Washoe,_4035,_004035,898,795,46,6,18
0,_Washoe,_4036,_004036,330,317,9,1,8
0,_Washoe,_4037,_004037,513,420,18,3,14
0,_Washoe,_4038,_004038,312,236,8,4,9
0,_Washoe,_4039,_004039,762,535,31,1,8
0,_Washoe,_4040,_004040,0,2,0,0,0
0,_Washoe,_4041,_004041,568,522,30,5,14
0,_Washoe,_4042,_004042,0,0,0,0,0
0,_Washoe,_4043,_004043,11,21,0,0,0
0,_Washoe,_4045,_004045,344,242,15,1,10
0,_Washoe,_4046,_004046,125,117,9,2,1
0,_Washoe,_4047,_004047,39,19,2,0,0
0,_Washoe,_4051,_004051,0,0,0,0,0
0,_Washoe,_4052,_004052,0,0,0,0,0
0,_Washoe,_4053,_004053,814,304,16,2,9
0,_Washoe,_4054,_004054,0,0,0,0,0
0,_Washoe,_4055,_004055,0,0,0,0,0
0,_Washoe,_4056,_004056,0,0,0,0,0
0,_Washoe,_5000,_005000,418,201,12,1,10
0,_Washoe,_5003,_005003,36,12,1,2,1
0,_Washoe,_5005,_005005,379,304,10,1,11
0,_Washoe,_5006,_005006,769,306,11,1,18
0,_Washoe,_5007,_005007,173,104,7,0,4
0,_Washoe,_5008,_005008,376,182,3,2,5
0,_Washoe,_5009,_005009,413,139,3,1,7
0,_Washoe,_5010,_005010,493,145,21,2,10
0,_Washoe,_5011,_005011,482,291,11,1,12
0,_Washoe,_5012,_005012,284,146,15,1,10
0,_Washoe,_5014,_005014,390,286,6,0,7
0,_Washoe,_5015,_005015,354,278,14,2,5
0,_Washoe,_5016,_005016,664,375,29,0,16
0,_Washoe,_5018,_005018,551,320,12,0,8
0,_Washoe,_5020,_005020,176,124,6,2,6
0,_Washoe,_5022,_005022,617,294,13,1,12
0,_Washoe,_5023,_005023,0,0,0,0,0
0,_Washoe,_5024,_005024,637,432,31,3,17
0,_Washoe,_5026,_005026,595,370,15,0,14
0,_Washoe,_5027,_005027,461,134,18,1,5
0,_Washoe,_5030,_005030,424,434,11,2,20
0,_Washoe,_5031,_005031,420,533,3,3,7
0,_Washoe,_5032,_005032,80,73,0,1,2
0,_Washoe,_5033,_005033,462,281,18,2,9
0,_Washoe,_5034,_005034,454,313,15,3,6
0,_Washoe,_5035,_005035,691,457,17,6,14
0,_Washoe,_5036,_005036,764,572,20,3,14
0,_Washoe,_5039,_005039,11,28,1,0,0
0,_Washoe,_5040,_005040,507,436,5,8,15
0,_Washoe,_5041,_005041,327,289,9,1,4
0,_Washoe,_5045,_005045,809,1031,12,3,28
0,_Washoe,_5046,_005046,732,860,11,3,15
0,_Washoe,_5047,_005047,111,130,6,0,1
0,_Washoe,_5048,_005048,45,91,1,0,2
0,_Washoe,_5049,_005049,0,0,0,0,0
0,_Washoe,_5051,_005051,0,0,0,0,0
0,_Washoe,_5053,_005053,6,20,0,0,1
0,_Washoe,_5054,_005054,2,2,0,0,0
0,_Washoe,_5056,_005056,715,339,9,3,13
0,_Washoe,_5061,_005061,0,0,0,0,0
0,_Washoe,_5062,_005062,682,477,30,2,15
0,_Washoe,_5063,_005063,177,133,1,1,5
0,_Washoe,_5064,_005064,425,138,4,0,7
0,_Washoe,_5065,_005065,0,0,0,0,0
0,_Washoe,_5066,_005066,404,136,6,2,8
0,_Washoe,_6100,_006100,526,281,13,2,7
0,_Washoe,_6101,_006101,143,48,5,0,2
0,_Washoe,_6104,_006104,0,0,0,0,0
0,_Washoe,_6105,_006105,194,123,4,2,2
0,_Washoe,_6106,_006106,264,168,2,2,9
0,_Washoe,_6107,_006107,78,107,3,1,4
0,_Washoe,_6108,_006108,742,419,28,4,9
0,_Washoe,_6109,_006109,375,228,12,4,10
0,_Washoe,_6110,_006110,432,293,19,4,5
0,_Washoe,_6111,_006111,409,287,9,2,8
0,_Washoe,_6113,_006113,338,154,11,2,8
0,_Washoe,_6114,_006114,577,379,15,1,12
0,_Washoe,_6115,_006115,22,11,0,0,0
0,_Washoe,_6202,_006202,848,469,28,3,13
0,_Washoe,_6203,_006203,297,125,2,3,3
0,_Washoe,_6205,_006205,557,307,7,4,10
0,_Washoe,_6206,_006206,130,22,4,1,1
0,_Washoe,_6207,_006207,0,0,0,0,0
0,_Washoe,_6208,_006208,334,212,8,2,11
0,_Washoe,_6209,_006209,235,112,5,2,3
0,_Washoe,_6210,_006210,485,302,11,2,11
0,_Washoe,_6211,_006211,599,367,14,6,10
0,_Washoe,_6212,_006212,169,136,5,0,2
0,_Washoe,_6213,_006213,354,210,11,2,10
0,_Washoe,_6214,_006214,292,301,4,4,3
0,_Washoe,_6216,_006216,377,301,6,4,7
0,_Washoe,_6217,_006217,0,0,0,0,0
0,_Washoe,_6218,_006218,0,0,0,0,0
0,_Washoe,_6300,_006300,386,376,14,2,5
0,_Washoe,_6301,_006301,211,265,4,3,8
0,_Washoe,_6302,_006302,414,287,15,3,6
0,_Washoe,_6303,_006303,89,40,2,0,3
0,_Washoe,_6306,_006306,529,379,20,3,5
0,_Washoe,_6307,_006307,678,500,15,5,17
0,_Washoe,_6308,_006308,486,536,5,3,13
0,_Washoe,_6310,_006310,349,308,11,0,11
0,_Washoe,_6311,_006311,400,322,16,3,7
0,_Washoe,_6313,_006313,534,531,11,1,12
0,_Washoe,_6314,_006314,280,276,8,2,3
0,_Washoe,_6317,_006317,0,0,0,0,0
0,_Washoe,_6318,_006318,100,82,5,0,2
0,_Washoe,_6319,_006319,453,498,12,0,11
0,_Washoe,_6320,_006320,505,562,16,3,14
0,_Washoe,_6400,_006400,350,406,16,1,7
0,_Washoe,_6403,_006403,632,656,14,0,14
0,_Washoe,_6405,_006405,340,448,10,2,11
0,_Washoe,_6411,_006411,472,632,14,0,19
0,_Washoe,_6413,_006413,537,817,16,5,17
0,_Washoe,_6414,_006414,0,0,0,0,0
0,_Washoe,_6415,_006415,323,598,6,1,8
0,_Washoe,_6416,_006416,621,767,25,4,16
0,_Washoe,_6418,_006418,578,825,28,6,15
0,_Washoe,_6422,_006422,564,750,5,3,13
0,_Washoe,_6423,_006423,472,699,15,2,13
0,_Washoe,_6425,_006425,825,1069,31,4,21
0,_Washoe,_6427,_006427,0,0,0,0,0
0,_Washoe,_6500,_006500,733,822,22,8,18
0,_Washoe,_6501,_006501,698,594,17,2,17
0,_Washoe,_6503,_006503,5,3,0,0,0
0,_Washoe,_6508,_006508,297,297,3,5,10
0,_Washoe,_6511,_006511,393,273,11,4,14
0,_Washoe,_6513,_006513,383,313,15,3,12
0,_Washoe,_6514,_006514,553,393,14,9,14
0,_Washoe,_6516,_006516,756,779,16,3,19
0,_Washoe,_6519,_006519,604,640,18,3,17
0,_Washoe,_6520,_006520,252,222,6,2,10
0,_Washoe,_6521,_006521,168,172,3,2,4
0,_Washoe,_6522,_006522,232,305,1,0,11
0,_Washoe,_6523,_006523,115,130,6,0,5
0,_Washoe,_6524,_006524,921,980,20,7,30
0,_Washoe,_6525,_006525,58,72,2,1,3
0,_Washoe,_6526,_006526,274,208,9,2,6
0,_Washoe,_6527,_006527,0,0,0,0,0
0,_Washoe,_6528,_006528,0,0,0,0,0
0,_Washoe,_6529,_006529,0,0,0,0,0
0,_Washoe,_6530,_006530,0,0,0,0,0
0,_Washoe,_6531,_006531,0,0,0,0,0
0,_Washoe,_7100,_007100,0,6,1,0,0
0,_Washoe,_7300,_007300,148,13,4,2,2
0,_Washoe,_7302,_007302,1,0,0,0,0
0,_Washoe,_7304,_007304,218,162,8,0,9
0,_Washoe,_7306,_007306,55,24,0,0,4
0,_Washoe,_7307,_007307,8,12,0,1,0
0,_Washoe,_7308,_007308,15,11,0,0,0
0,_Washoe,_7309,_007309,5,10,0,0,0
0,_Washoe,_7312,_007312,336,272,5,1,7
0,_Washoe,_7313,_007313,93,65,2,1,2
0,_Washoe,_7314,_007314,319,292,10,3,5
0,_Washoe,_7315,_007315,1,0,0,0,0
0,_Washoe,_7316,_007316,435,357,14,7,10
0,_Washoe,_7317,_007317,1,3,0,0,0
0,_Washoe,_7318,_007318,54,41,2,0,1
0,_Washoe,_7319,_007319,8,17,0,0,0
0,_Washoe,_7321,_007321,0,1,0,0,0
0,_Washoe,_7400,_007400,1,5,0,0,0
0,_Washoe,_7402,_007402,396,461,16,4,7
0,_Washoe,_7403,_007403,1,3,0,0,0
0,_Washoe,_7404,_007404,8,33,1,0,1
0,_Washoe,_7406,_007406,0,6,0,0,0
0,_Washoe,_7407,_007407,289,784,10,4,7
0,_Washoe,_7408,_007408,181,535,2,1,7
0,_Washoe,_7410,_007410,357,614,8,3,13
0,_Washoe,_7412,_007412,319,190,4,4,5
0,_Washoe,_7413,_007413,0,2,0,0,0
0,_Washoe,_7414,_007414,462,907,22,5,12
0,_Washoe,_7415,_007415,480,961,22,4,14
0,_Washoe,_7416,_007416,299,647,8,2,12
0,_Washoe,_7417,_007417,291,732,13,1,15
0,_Washoe,_7418,_007418,402,948,10,0,11
0,_Washoe,_7424,_007424,29,47,4,0,1
0,_Washoe,_7425,_007425,380,844,20,3,11
0,_Washoe,_7426,_007426,11,15,0,0,0
0,_Washoe,_7428,_007428,0,4,0,0,0
0,_Washoe,_7430,_007430,304,718,12,6,8
0,_Washoe,_7431,_007431,21,59,1,0,1
0,_Washoe,_7433,_007433,36,88,0,0,1
0,_Washoe,_7500,_007500,67,107,0,0,2
0,_Washoe,_7501,_007501,164,127,4,1,5
0,_Washoe,_7502,_007502,581,465,19,2,16
0,_Washoe,_7503,_007503,17,13,1,0,0
0,_Washoe,_7504,_007504,559,490,21,3,16
0,_Washoe,_7505,_007505,177,119,4,1,3
0,_Washoe,_7506,_007506,135,340,4,2,2
0,_Washoe,_7507,_007507,95,139,4,0,1
0,_Washoe,_7508,_007508,46,19,0,0,0
0,_Washoe,_7509,_007509,1,7,0,0,0
0,_Washoe,_7512,_007512,27,55,0,0,3
0,_Washoe,_7513,_007513,288,275,14,4,9
0,_Washoe,_7514,_007514,233,192,8,1,4
0,_Washoe,_7516,_007516,13,28,0,0,0
0,_Washoe,_7517,_007517,177,139,0,1,4
0,_Washoe,_7518,_007518,3,0,0,0,0
0,_Washoe,_7519,_007519,170,486,6,0,5
0,_Washoe,_7520,_007520,332,475,13,7,7
0,_Washoe,_7521,_007521,16,39,1,0,1
0,_Washoe,_7522,_007522,43,44,2,0,2
0,_Washoe,_7523,_007523,591,1088,39,5,17
0,_Washoe,_7524,_007524,225,467,12,2,11
0,_Washoe,_7525,_007525,488,1020,22,3,17
0,_Washoe,_7526,_007526,401,483,9,2,6
0,_Washoe,_7527,_007527,195,247,0,2,3
0,_Washoe,_7528,_007528,3,4,0,0,0
0,_Washoe,_7529,_007529,74,232,3,1,7
0,_Washoe,_7531,_007531,4,22,0,0,0
0,_Washoe,_7532,_007532,393,431,6,2,9
0,_Washoe,_7533,_007533,125,92,3,2,4
0,_Washoe,_7534,_007534,52,45,1,0,1
0,_Washoe,_7536,_007536,452,834,22,3,8
0,_Washoe,_7537,_007537,59,75,3,1,3
0,_Washoe,_7539,_007539,2,2,1,0,1
0,_Washoe,_7540,_007540,111,217,4,0,2
0,_Washoe,_7541,_007541,437,731,27,3,12
0,_Washoe,_7543,_007543,229,367,12,1,7
0,_Washoe,_7546,_007546,0,0,0,0,0
0,_Washoe,_7547,_007547,17,47,1,0,1
0,_Washoe,_7548,_007548,6,7,0,0,0
0,_Washoe,_7549,_007549,0,1,0,0,0
0,_Washoe,_7550,_007550,14,16,0,0,0
0,_Washoe,_7552,_007552,58,160,4,0,1
0,_Washoe,_7553,_007553,19,36,1,0,1
0,_Washoe,_7556,_007556,2,7,0,0,0
0,_Washoe,_7557,_007557,315,528,13,3,13
0,_Washoe,_7558,_007558,0,3,0,0,0
0,_Washoe,_7562,_007562,0,0,0,0,0
0,_Washoe,_7563,_007563,20,20,2,0,1
0,_Washoe,_7565,_007565,11,6,0,0,0
0,_Washoe,_7566,_007566,0,0,0,0,0
0,_Washoe,_7567,_007567,0,1,0,0,0
0,_Washoe,_7569,_007569,6,22,0,0,0
0,_Washoe,_7570,_007570,34,68,1,0,6
0,_Washoe,_7571,_007571,24,47,1,1,2
0,_Washoe,_7572,_007572,10,7,0,0,0
0,_Washoe,_7573,_007573,200,32,0,0,3
0,_Washoe,_7574,_007574,0,0,0,0,0
0,_Washoe,_7576,_007576,179,563,9,1,10
0,_Washoe,_7577,_007577,120,155,4,1,3
0,_Washoe,_7578,_007578,24,74,2,0,0
0,_Washoe,_7579,_007579,85,57,0,0,2
0,_Washoe,_7581,_007581,165,18,3,2,5
0,_Washoe,_7582,_007582,1,14,0,0,0
0,_Washoe,_7583,_007583,0,2,0,0,0
0,_Washoe,_7584,_007584,2,0,0,0,0
0,_Washoe,_7585,_007585,0,1,0,0,0
0,_Washoe,_7586,_007586,74,148,2,1,2
0,_Washoe,_7587,_007587,3,12,0,0,0
0,_Washoe,_7588,_007588,13,12,0,0,1
0,_Washoe,_7589,_007589,7,1,0,0,0
0,_Washoe,_7591,_007591,0,0,0,0,0
0,_Washoe,_7592,_007592,10,35,1,0,0
0,_Washoe,_7593,_007593,20,34,0,3,1
0,_Washoe,_7594,_007594,1,0,0,0,0
0,_Washoe,_7595,_007595,0,0,0,0,0
0,_Washoe,_7596,_007596,0,0,0,0,0
0,_Washoe,_7597,_007597,0,0,0,0,0
0,_Washoe,_7598,_007598,0,0,0,0,0
0,_Washoe,_7599,_007599,0,0,0,0,0
0,_Washoe,_8100,_008100,413,377,7,2,16
0,_Washoe,_8101,_008101,9,2,0,0,1
0,_Washoe,_8102,_008102,16,11,1,0,0
0,_Washoe,_8103,_008103,319,282,4,0,14
0,_Washoe,_8104,_008104,307,281,7,0,8
0,_Washoe,_8105,_008105,376,333,11,0,12
0,_Washoe,_8106,_008106,446,394,13,3,9
0,_Washoe,_8107,_008107,457,452,15,4,6
0,_Washoe,_8108,_008108,428,376,8,1,15
0,_Washoe,_8109,_008109,499,561,13,2,8
0,_Washoe,_8110,_008110,160,136,3,1,1
0,_Washoe,_8111,_008111,3,4,0,0,0
0,_Washoe,_8112,_008112,35,36,3,0,3
0,_Washoe,_8114,_008114,13,14,0,0,0
0,_Washoe,_8115,_008115,0,3,0,0,0
0,_Washoe,_8116,_008116,567,423,11,1,13
0,_Washoe,_8117,_008117,420,378,9,1,12
0,_Washoe,_8118,_008118,4,8,0,0,0
0,_Washoe,_8125,_008125,2,4,0,0,0
0,_Washoe,_8126,_008126,0,0,0,0,0
0,_Washoe,_8127,_008127,1,0,0,0,0
0,_Washoe,_8128,_008128,6,2,0,0,0
0,_Washoe,_8129,_008129,25,23,1,0,0
0,_Washoe,_8200,_008200,273,491,11,2,16
0,_Washoe,_8201,_008201,118,214,4,1,5
0,_Washoe,_8202,_008202,522,705,9,2,12
0,_Washoe,_8203,_008203,390,527,14,1,13
0,_Washoe,_8204,_008204,42,87,0,0,1
0,_Washoe,_8205,_008205,438,577,11,1,8
0,_Washoe,_8206,_008206,52,111,3,0,0
0,_Washoe,_8207,_008207,227,387,6,1,8
0,_Washoe,_8208,_008208,118,205,1,1,4
0,_Washoe,_8209,_008209,404,480,11,2,12
0,_Washoe,_8210,_008210,186,348,5,2,10
0,_Washoe,_8211,_008211,12,21,4,0,1
0,_Washoe,_8212,_008212,3,4,0,0,0
0,_Washoe,_8213,_008213,78,147,1,0,4
0,_Washoe,_8214,_008214,41,103,0,0,2
0,_Washoe,_8216,_008216,152,225,3,2,4
0,_Washoe,_8217,_008217,381,495,15,0,13
0,_Washoe,_8218,_008218,3,5,0,0,0
0,_Washoe,_8219,_008219,101,269,3,1,2
0,_Washoe,_8220,_008220,286,449,8,0,11
0,_Washoe,_8221,_008221,246,346,12,1,4
0,_Washoe,_8222,_008222,311,582,14,4,8
0,_Washoe,_8226,_008226,3,1,0,0,0
0,_Washoe,_8227,_008227,13,24,0,1,2
0,_Washoe,_8232,_008232,2,24,0,0,0
0,_Washoe,_8233,_008233,365,390,13,2,8
0,_Washoe,_8234,_008234,42,79,0,0,1
0,_Washoe,_8235,_008235,66,101,2,0,4
0,_Washoe,_8236,_008236,590,707,14,1,24
0,_Washoe,_8237,_008237,165,213,1,1,6
0,_Washoe,_8238,_008238,408,711,12,0,10
0,_Washoe,_8240,_008240,323,506,9,2,11
0,_Washoe,_8245,_008245,139,201,9,0,3
0,_Washoe,_8247,_008247,81,139,0,0,2
0,_Washoe,_8250,_008250,369,434,5,1,8
0,_Washoe,_8253,_008253,172,245,1,0,6
0,_Washoe,_8254,_008254,515,630,16,4,18
0,_Washoe,_8256,_008256,233,348,8,2,10
0,_Washoe,_8259,_008259,0,0,0,0,0
0,_Washoe,_8260,_008260,0,0,0,0,0
0,_Washoe,_8261,_008261,3,9,0,0,0
0,_Washoe,_8263,_008263,217,333,6,2,5
0,_Washoe,_8264,_008264,95,175,2,2,3
0,_Washoe,_8265,_008265,2,3,0,0,0
0,_Washoe,_8271,_008271,355,479,5,2,15
0,_Washoe,_8273,_008273,86,222,5,0,2
0,_Washoe,_8275,_008275,0,0,0,0,0
0,_Washoe,_8276,_008276,11,15,0,0,0
0,_Washoe,_8277,_008277,198,254,1,1,2
0,_Washoe,_8290,_008290,0,0,0,0,0
0,_Washoe,_8291,_008291,0,0,0,0,0
0,_Washoe,_8292,_008292,0,0,0,0,0
0,_Washoe,_8294,_008294,0,0,0,0,0
0,_Washoe,_8297,_008297,301,426,13,4,10
0,_Washoe,_8400,_008400,0,0,0,0,0
0,_Washoe,_8500,_008500,26,28,1,0,1
0,_Washoe,_8502,_008502,53,139,1,0,3
0,_Washoe,_8505,_008505,14,6,0,0,0
0,_Washoe,_9101,_009101,0,0,0,0,0
0,_Washoe,_9102,_009102,0,0,0,0,0
0,_Washoe,_9103,_009103,0,0,0,0,0
0,_Washoe,_9106,_009106,0,0,0,0,0
0,_Washoe,_9107,_009107,0,0,0,0,0
0,_Washoe,_9109,_009109,0,0,0,0,0
0,_Washoe,_9115,_009115,0,0,0,0,0
0,_Washoe,_9116,_009116,0,0,0,0,0
0,_Washoe,_9120,_009120,0,0,0,0,0
0,_Washoe,_9121,_009121,0,0,0,0,0
0,_Washoe,_9122,_009122,0,0,0,0,0
0,_Washoe,_9123,_009123,0,0,0,0,0
0,_Washoe,_9124,_009124,0,0,0,0,0
0,_Washoe,_9125,_009125,0,0,0,0,0
0,_Washoe,_9126,_009126,0,0,0,0,0
0,_Washoe,_9127,_009127,0,0,0,0,0
0,_Washoe,_9128,_009128,0,0,0,0,0
0,_Washoe,_9129,_009129,0,0,0,0,0
0,_Washoe,_9130,_009130,0,0,0,0,0
0,_Washoe,_9131,_009131,0,0,0,0,0
0,_Washoe,_9202,_009202,0,0,0,0,0
0,_Washoe,_9207,_009207,0,0,0,0,0
0,_Washoe,_9208,_009208,0,0,0,0,0
0,_Washoe,_9210,_009210,0,0,0,0,0
0,_Washoe,_9211,_009211,0,0,0,0,0
0,_Washoe,_9243,_009243,0,0,0,0,0
0,_Washoe,_9244,_009244,0,0,0,0,0
0,_Washoe,_9248,_009248,0,0,0,0,0
0,_Washoe,_9249,_009249,0,0,0,0,0
0,_Washoe,_9251,_009251,0,0,0,0,0
0,_Washoe,_9253,_009253,0,0,0,0,0
0,_Washoe,_9254,_009254,0,0,0,0,0
0,_Washoe,_9303,_009303,0,0,0,0,0
0,_Washoe,_9304,_009304,0,0,0,0,0
0,_Washoe,_9307,_009307,0,0,0,0,0
0,_Washoe,_9308,_009308,0,0,0,0,0
0,_Washoe,_9309,_009309,0,0,0,0,0
0,_Washoe,_9310,_009310,0,0,0,0,0
0,_Washoe,_9311,_009311,0,0,0,0,0
0,_Washoe,_9408,_009408,0,0,0,0,0
0,_Washoe,_9427,_009427,0,0,0,0,0
0,_Washoe,_9428,_009428,0,0,0,0,0
0,_Washoe,_9513,_009513,0,0,0,0,0
0,_Washoe,_9516,_009516,0,0,0,0,0
0,_Washoe,_9520,_009520,0,0,0,0,0
0,_Washoe,_9523,_009523,0,0,0,0,0
0,_Washoe,_9532,_009532,0,0,0,0,0
0,_Washoe,_9533,_009533,0,0,0,0,0
0,_Washoe,_9538,_009538,0,0,0,0,0
0,_Washoe,_9540,_009540,0,0,0,0,0
0,_Washoe,_9541,_009541,0,0,0,0,0
0,_Washoe,_9542,_009542,0,0,0,0,0
0,_Washoe,_9543,_009543,0,0,0,0,0
0,_Washoe,_9546,_009546,0,0,0,0,0
0,_Washoe,_9547,_009547,0,0,0,0,0
0,_Washoe,_9548,_009548,0,0,0,0,0
0,_Washoe,_9549,_009549,0,0,0,0,0
0,_Washoe,_9550,_009550,0,0,0,0,0
0,_Washoe,_9551,_009551,0,0,0,0,0
0,_Washoe,_9552,_009552,0,0,0,0,0
0,_Washoe,_9553,_009553,0,0,0,0,0
0,_Washoe,_9554,_009554,0,0,0,0,0
0,_Washoe,_9555,_009555,0,0,0,0,0
0,_Washoe,_9557,_009557,0,0,0,0,0
0,_Washoe,_9558,_009558,0,0,0,0,0
0,_Washoe,_9559,_009559,0,0,0,0,0
0,_Washoe,_9560,_009560,0,0,0,0,0
0,_Washoe,_9561,_009561,0,0,0,0,0
0,_Washoe,_9562,_009562,0,0,0,0,0
0,_Washoe,_Voting Districts Not Defined,_ZZZZZZ,0,0,0,0,0
0,_White Pine,_Ely Precinct 1,_000005,110,389,8,4,6
0,_White Pine,_Ely Precinct 2,_000010,94,324,2,0,3
0,_White Pine,_Ely Precinct 3,_000015,122,336,7,5,1
0,_White Pine,_Ely Precinct 4,_000020,99,409,2,1,3
0,_White Pine,_McGill Precinct 6,_000025,114,396,10,2,5
0,_White Pine,_County Mailing Precinct 10,_000030,26,150,0,0,1
0,_White Pine,_Steptoe Valley Precinct 5,_000035,173,935,11,4,12
0,_White Pine,_Ruth Precinct 7,_000040,37,142,1,2,2
0,_White Pine,_Lund Precinct 8,_000045,17,261,2,2,5
0,_White Pine,_Snake Valley Precinct 9,_000050,67,61,0,1,5
