IS_AUDITED,COUNTY_NAME,PRECINCT_NAME,PRECINCT_CODE,USA_DE_20161108_GEN_PRE_DEM_CLINTON,USA_DE_20161108_GEN_PRE_REP_TRUMP,USA_DE_20161108_GEN_PRE_GRE_STEIN,USA_DE_20161108_GEN_PRE_LIB_JOHNSON,USA_DE_20161108_GEN_HAL_DEM_ROCHESTER,USA_DE_20161108_GEN_HAL_REP_REIGLE,USA_DE_20161108_GEN_HAL_GRE_PERRI,USA_DE_20161108_GEN_HAL_LIB_GESTY,USA_DE_20161108_GEN_GOV_DEM_CARNEY,USA_DE_20161108_GEN_GOV_REP_BONITI,USA_DE_20161108_GEN_GOV_GRE_GROFF,USA_DE_20161108_GEN_GOV_LIB_GOWARD,USA_DE_20161108_GEN_LTG_DEM_HAL_LONG,USA_DE_20161108_GEN_LTG_REP_GUNN,USA_DE_20161108_GEN_INS_DEM_NARRARO,USA_DE_20161108_GEN_INS_REP_CRAGG
0,_01,_01-01,_01-01,681,68,8,12,663,64,13,9,649,65,13,5,528,192,636,81
0,_01,_01-02,_01-02,1175,22,8,9,1008,17,18,11,995,21,10,5,870,149,956,52
0,_01,_01-03,_01-03,633,41,9,6,547,28,12,16,539,36,19,8,482,83,537,55
0,_01,_01-04,_01-04,944,370,19,48,926,380,15,17,1015,323,12,14,955,359,932,380
0,_01,_01-05,_01-05,1055,309,14,32,1032,233,25,9,1037,243,20,9,994,302,1079,224
0,_01,_01-06,_01-06,488,308,15,20,470,281,21,13,485,273,22,11,488,293,496,281
0,_01,_01-07,_01-07,659,465,25,50,640,409,34,32,685,422,25,17,682,424,715,391
0,_01,_01-08,_01-08,319,599,12,46,343,549,22,14,408,522,8,9,464,487,475,455
0,_01,_01-09,_01-09,472,656,18,44,509,576,20,16,557,559,8,9,614,516,650,475
0,_01,_01-10,_01-10,755,607,15,49,724,566,25,27,797,537,21,15,763,569,775,567
0,_01,_01-11,_01-11,498,581,12,60,524,519,20,23,596,480,12,23,640,470,628,457
0,_01,_01-12,_01-12,731,448,20,66,708,481,27,27,788,433,20,18,761,464,736,495
0,_01,_01-13,_01-13,638,467,16,50,672,384,27,26,671,418,19,18,683,410,734,376
0,_01,_01-14,_01-14,1461,1515,25,68,1429,1461,51,20,1583,1369,32,16,1575,1359,1403,1493
0,_01,_01-15,_01-15,764,682,18,66,793,564,39,42,877,543,25,30,936,507,978,476
0,_01,_01-16,_01-16,690,368,15,40,699,286,28,22,739,269,19,19,696,320,774,264
0,_01,_01-17,_01-17,462,222,18,23,468,176,25,18,476,176,24,13,482,196,510,178
0,_01,_01-18,_01-18,965,397,34,41,940,330,36,23,960,338,26,16,957,358,989,324
0,_01,_01-19,_01-19,665,429,24,38,672,355,21,20,721,350,20,15,679,378,746,328
0,_01,_01-20,_01-20,571,488,19,55,597,421,26,29,627,417,18,28,611,453,598,453
0,_01,_01-21,_01-21,334,257,9,24,325,262,11,13,358,248,8,8,352,251,362,242
0,_01,_01-22,_01-22,654,577,15,34,619,596,27,18,693,551,16,11,687,559,741,508
0,_01,_01-23,_01-23,144,43,7,8,128,44,8,2,131,39,9,3,134,43,134,43
0,_01,_01-24,_01-24,726,491,15,64,718,425,36,38,754,432,21,21,765,457,821,392
0,_01,_01-25,_01-25,591,158,26,30,567,178,23,13,572,171,26,9,580,189,589,174
0,_01,_01-26,_01-26,618,396,15,48,634,352,21,31,655,356,17,21,668,371,696,344
0,_01,_01-27,_01-27,1085,525,43,76,1074,526,30,25,1131,481,31,24,1157,510,1222,430
0,_01,_01-28,_01-28,514,435,18,55,531,388,29,20,577,371,17,14,630,336,572,387
0,_01,_01-29,_01-29,1191,858,22,75,1166,782,36,33,1286,716,23,22,1276,741,1309,702
0,_01,_01-30,_01-30,149,487,10,39,167,454,20,7,189,456,12,3,269,370,177,459
0,_01,_01-31,_01-31,183,69,6,19,167,85,9,8,169,83,4,11,179,84,186,77
0,_01,_01-32,_01-32,617,248,9,33,574,241,22,13,593,246,15,12,575,274,616,236
0,_01,_01-33,_01-33,184,182,5,15,187,183,3,5,187,188,2,4,205,171,189,185
0,_01,_01-34,_01-34,557,651,19,66,532,673,19,27,609,627,13,20,667,570,595,640
0,_01,_01-35,_01-35,584,1705,16,64,653,1529,44,28,768,1487,24,21,834,1407,635,1585
0,_01,_01-36,_01-36,573,768,19,66,596,722,33,28,625,721,28,13,669,699,572,776
0,_01,_01-37,_01-37,637,605,21,35,653,553,25,14,728,501,17,10,728,500,620,595
0,_01,_01-38,_01-38,584,1426,21,53,616,1329,29,15,745,1248,19,18,820,1181,553,1380
0,_01,_01-39,_01-39,332,1013,12,38,397,872,24,34,469,848,18,19,482,838,362,954
0,_01,_01-40,_01-40,306,618,21,17,383,492,29,12,413,482,18,7,414,484,325,566
0,_01,_01-41,_01-41,279,1246,21,43,397,1078,30,14,537,983,13,11,589,926,373,1117
0,_02,_02-01,_02-01,1180,45,16,8,1111,40,14,7,1060,54,16,8,930,171,1047,58
0,_02,_02-02,_02-02,442,14,4,1,406,9,2,1,393,11,2,2,338,56,388,17
0,_02,_02-03,_02-03,839,256,19,31,840,191,24,16,864,193,15,9,834,214,876,181
0,_02,_02-04,_02-04,688,456,8,53,665,499,16,8,748,434,14,4,670,508,658,518
0,_02,_02-05,_02-05,496,205,10,25,482,162,21,15,498,163,18,9,481,192,518,164
0,_02,_02-06,_02-06,703,522,16,45,659,553,19,16,720,525,15,7,701,523,702,530
0,_02,_02-07,_02-07,837,478,18,64,768,512,26,31,848,482,16,19,822,506,839,501
0,_02,_02-08,_02-08,836,569,22,39,812,519,27,15,878,482,25,11,905,495,882,491
0,_02,_02-09,_02-09,1103,810,26,85,1081,789,21,29,1170,756,13,20,1149,781,1204,716
0,_02,_02-10,_02-10,601,391,28,40,575,388,29,15,622,377,27,10,644,366,631,378
0,_02,_02-11,_02-11,774,491,21,50,764,463,27,18,837,441,16,15,860,430,877,384
0,_02,_02-12,_02-12,570,348,18,50,548,369,14,25,585,346,18,16,578,357,595,345
0,_02,_02-13,_02-13,461,317,11,38,482,251,31,19,504,246,15,20,517,249,539,241
0,_02,_02-14,_02-14,1083,1085,23,53,1112,1003,29,22,1243,924,20,14,1221,934,1090,1028
0,_02,_02-15,_02-15,925,654,9,46,926,616,15,12,938,617,18,12,957,590,1026,541
0,_02,_02-16,_02-16,946,133,8,14,872,93,18,10,866,100,8,13,795,185,870,108
0,_02,_02-17,_02-17,1409,202,14,18,1336,160,23,14,1325,166,19,11,1198,310,1350,168
0,_02,_02-18,_02-18,561,251,15,35,555,237,19,21,568,238,12,14,572,242,609,212
0,_02,_02-19,_02-19,470,326,15,29,486,279,14,13,526,267,13,9,514,282,555,227
0,_02,_02-20,_02-20,908,1262,17,63,957,1147,45,13,1026,1113,37,16,1053,1095,950,1178
0,_02,_02-21,_02-21,519,453,27,30,562,348,26,14,616,352,13,7,613,346,643,322
0,_02,_02-22,_02-22,500,410,12,51,486,440,11,7,554,404,15,5,511,434,554,404
0,_02,_02-23,_02-23,777,420,27,77,749,475,32,23,798,458,18,20,826,447,857,418
0,_02,_02-24,_02-24,751,363,18,42,724,312,26,27,744,321,24,27,752,329,803,294
0,_02,_02-25,_02-25,607,381,15,51,591,398,17,18,628,394,15,9,646,391,663,360
0,_02,_02-26,_02-26,606,189,10,19,574,169,23,5,588,166,16,5,574,199,602,170
0,_02,_02-27,_02-27,543,347,14,33,543,308,21,15,577,295,20,14,589,307,631,263
0,_02,_02-28,_02-28,454,308,16,34,464,273,26,19,500,253,17,22,524,256,493,270
0,_02,_02-29,_02-29,80,116,2,6,81,101,8,2,102,93,0,2,100,88,97,92
0,_02,_02-30,_02-30,108,154,3,10,107,143,3,6,127,137,3,2,112,145,112,145
0,_02,_02-31,_02-31,559,531,16,44,518,589,14,9,587,527,15,8,622,497,572,537
0,_02,_02-32,_02-32,354,216,14,22,337,218,11,14,354,227,10,7,368,213,355,218
0,_02,_02-33,_02-33,410,474,12,46,412,476,12,14,425,490,4,11,435,480,424,482
0,_02,_02-34,_02-34,258,372,9,21,245,347,15,7,273,354,7,5,299,319,263,352
0,_02,_02-35,_02-35,646,1385,31,52,690,1259,29,27,783,1215,21,16,794,1196,628,1342
0,_02,_02-36,_02-36,383,1044,9,55,433,971,32,18,493,954,19,13,564,890,410,1023
0,_02,_02-37,_02-37,368,793,7,25,427,698,20,13,488,694,4,3,532,622,409,739
0,_02,_02-38,_02-38,811,1488,16,37,821,1345,28,12,937,1302,17,9,984,1248,797,1381
0,_02,_02-39,_02-39,750,872,13,69,769,772,32,49,811,774,27,24,803,785,689,894
0,_02,_02-40,_02-40,386,1536,19,56,519,1327,45,23,635,1265,28,13,666,1237,464,1420
0,_02,_02-41,_02-41,671,1232,15,44,734,1103,34,18,849,1025,22,18,885,1004,692,1173
0,_03,_03-01,_03-01,765,19,4,1,721,19,8,5,681,24,8,6,588,140,691,35
0,_03,_03-02,_03-02,156,23,8,8,149,31,5,5,151,35,5,1,148,42,149,39
0,_03,_03-03,_03-03,399,24,6,7,361,30,5,7,340,36,6,6,316,64,340,41
0,_03,_03-04,_03-04,824,380,11,54,813,405,13,12,905,349,9,8,863,376,829,393
0,_03,_03-05,_03-05,656,141,13,15,637,117,9,14,645,123,6,9,613,161,654,118
0,_03,_03-06,_03-06,185,109,4,13,172,129,4,1,188,114,7,2,183,125,177,126
0,_03,_03-07,_03-07,672,414,11,44,623,401,16,44,689,383,19,18,657,423,680,408
0,_03,_03-08,_03-08,612,387,18,32,622,346,22,12,642,347,4,15,687,329,690,314
0,_03,_03-09,_03-09,840,762,27,74,851,729,26,31,927,679,15,25,975,668,1035,593
0,_03,_03-10,_03-10,567,461,11,32,540,428,20,13,575,422,17,12,573,430,589,404
0,_03,_03-11,_03-11,290,864,15,53,342,763,28,22,423,716,14,14,539,618,455,680
0,_03,_03-12,_03-12,513,328,18,44,503,325,13,24,555,307,14,14,543,318,535,325
0,_03,_03-13,_03-13,264,36,3,2,248,24,2,3,254,22,0,2,228,45,251,26
0,_03,_03-14,_03-14,1199,839,22,54,1176,812,39,24,1245,776,29,19,1238,796,1151,858
0,_03,_03-15,_03-15,932,413,24,27,914,370,23,19,917,398,18,11,891,425,977,355
0,_03,_03-16,_03-16,919,32,10,5,875,27,3,7,847,34,8,1,754,134,844,37
0,_03,_03-17,_03-17,917,276,24,25,916,230,15,20,920,231,13,14,849,323,971,205
0,_03,_03-18,_03-18,443,173,11,23,431,156,14,13,438,153,15,8,408,202,450,162
0,_03,_03-19,_03-19,541,500,23,38,575,420,34,16,634,400,25,12,631,410,683,366
0,_03,_03-20,_03-20,836,1306,13,59,881,1189,31,20,966,1142,29,15,976,1142,857,1237
0,_03,_03-21,_03-21,666,608,25,52,671,553,33,23,717,553,24,16,718,550,785,492
0,_03,_03-22,_03-22,599,523,14,43,554,567,15,13,628,515,12,12,629,504,656,490
0,_03,_03-23,_03-23,569,349,23,48,562,347,22,19,593,338,19,18,608,343,626,318
0,_03,_03-24,_03-24,478,333,12,24,478,283,22,9,489,295,20,8,513,285,517,278
0,_03,_03-25,_03-25,650,273,40,52,642,281,38,22,645,290,35,17,665,302,694,272
0,_03,_03-26,_03-26,530,241,12,34,533,215,18,18,540,224,8,12,543,235,585,196
0,_03,_03-27,_03-27,595,271,14,37,594,238,17,18,596,243,19,13,604,271,640,217
0,_03,_03-28,_03-28,506,659,16,37,524,585,35,14,622,533,16,12,667,496,578,569
0,_03,_03-29,_03-29,847,684,19,38,833,659,21,15,902,622,11,11,916,610,883,616
0,_03,_03-30,_03-30,333,645,14,31,346,602,17,16,393,581,13,12,425,548,357,614
0,_03,_03-31,_03-31,690,303,18,38,667,305,18,20,689,319,7,16,681,337,670,325
0,_03,_03-32,_03-32,465,334,13,31,427,342,15,12,461,337,6,8,468,328,454,337
0,_03,_03-33,_03-33,518,849,16,71,527,838,26,13,556,857,10,13,638,743,561,822
0,_03,_03-34,_03-34,726,720,23,64,688,692,32,29,752,686,15,21,760,680,737,669
0,_03,_03-35,_03-35,469,565,13,17,486,492,19,14,540,464,12,6,520,482,448,541
0,_03,_03-36,_03-36,667,1099,19,66,694,1018,36,25,788,991,20,8,815,940,715,1039
0,_03,_03-37,_03-37,756,1324,26,78,797,1209,44,23,876,1192,27,23,915,1153,770,1265
0,_03,_03-38,_03-38,843,1376,18,67,853,1314,41,24,980,1247,23,14,1033,1205,803,1370
0,_03,_03-39,_03-39,392,716,10,43,398,680,11,23,462,642,5,16,433,654,378,719
0,_03,_03-40,_03-40,463,383,10,17,485,326,15,12,501,319,15,5,475,348,432,395
0,_03,_03-41,_03-41,424,587,9,18,485,467,25,10,533,434,16,8,581,403,439,510
0,_04,_04-01,_04-01,1013,45,13,12,954,36,11,6,914,42,10,9,844,118,898,57
0,_04,_04-02,_04-02,51,19,0,1,46,22,1,3,46,18,4,2,49,21,46,25
0,_04,_04-03,_04-03,821,37,6,2,686,27,14,5,679,32,7,6,599,100,658,43
0,_04,_04-04,_04-04,422,98,11,14,383,99,9,10,383,91,8,8,361,113,386,98
0,_04,_04-05,_04-05,827,134,19,12,784,101,17,13,766,120,17,15,756,156,788,119
0,_04,_04-06,_04-06,594,279,18,36,599,279,19,9,603,285,23,6,615,285,629,275
0,_04,_04-07,_04-07,1066,476,28,52,1055,412,31,33,1065,416,27,31,1068,444,1094,425
0,_04,_04-08,_04-08,775,190,19,26,744,174,23,15,752,169,16,9,768,187,775,168
0,_04,_04-09,_04-09,331,393,8,34,335,393,11,6,372,369,8,5,384,362,394,352
0,_04,_04-10,_04-10,859,392,17,44,824,365,19,23,862,349,19,18,834,384,862,363
0,_04,_04-11,_04-11,300,428,11,31,320,377,10,13,369,354,6,9,401,332,395,325
0,_04,_04-12,_04-12,460,415,7,31,417,475,2,6,454,442,5,5,411,475,401,485
0,_04,_04-13,_04-13,616,487,20,40,663,416,17,19,704,380,23,18,694,410,762,345
0,_04,_04-14,_04-14,1319,1154,22,36,1321,1044,38,18,1413,994,37,7,1432,966,1308,1064
0,_04,_04-15,_04-15,507,306,16,36,531,284,15,8,552,267,13,8,558,278,584,251
0,_04,_04-16,_04-16,390,158,5,13,373,115,11,12,393,111,8,9,388,121,411,108
0,_04,_04-17,_04-17,554,337,12,38,552,313,24,17,609,283,22,11,590,317,629,287
0,_04,_04-18,_04-18,936,333,17,32,897,315,17,21,954,285,14,15,894,349,963,277
0,_04,_04-19,_04-19,630,468,24,42,626,413,28,17,656,412,21,13,657,415,698,384
0,_04,_04-20,_04-20,981,1401,23,58,1050,1268,50,24,1137,1225,33,12,1147,1218,1058,1283
0,_04,_04-21,_04-21,705,313,19,53,648,337,28,22,674,340,25,21,686,338,709,327
0,_04,_04-22,_04-22,550,508,9,53,517,551,16,13,595,496,12,9,581,498,608,484
0,_04,_04-23,_04-23,929,432,34,54,899,454,26,23,940,445,26,13,962,440,949,440
0,_04,_04-24,_04-24,429,138,13,18,405,126,16,4,412,129,9,4,402,143,431,109
0,_04,_04-25,_04-25,487,404,11,46,519,347,18,24,539,356,15,17,574,345,586,326
0,_04,_04-26,_04-26,802,351,12,44,784,320,14,22,836,293,15,14,778,359,838,288
0,_04,_04-27,_04-27,724,477,22,50,727,433,29,23,747,442,22,14,781,430,814,399
0,_04,_04-28,_04-28,774,518,24,39,756,445,36,21,826,433,18,14,784,476,820,419
0,_04,_04-29,_04-29,421,461,13,22,409,438,18,14,465,409,7,12,486,389,449,419
0,_04,_04-30,_04-30,482,681,18,48,495,647,28,17,533,649,16,6,577,595,512,654
0,_04,_04-31,_04-31,523,294,15,43,485,303,21,8,496,322,14,5,509,314,506,299
0,_04,_04-32,_04-32,31,3,0,2,28,5,1,0,29,6,0,0,27,6,28,5
0,_04,_04-33,_04-33,466,871,13,79,497,847,18,19,541,846,11,10,645,737,524,833
0,_04,_04-34,_04-34,173,312,11,24,171,308,16,6,201,307,3,6,231,269,203,292
0,_04,_04-35,_04-35,705,806,21,32,743,682,36,8,804,676,22,2,790,663,693,745
0,_04,_04-36,_04-36,377,503,15,32,395,465,12,13,409,462,12,10,421,457,364,505
0,_04,_04-37,_04-37,895,1261,25,38,944,1107,37,11,1029,1066,22,13,1044,1042,950,1127
0,_04,_04-38,_04-38,786,1022,16,41,733,1044,21,13,865,959,12,8,860,947,715,1035
0,_04,_04-39,_04-39,544,557,13,40,550,474,26,23,599,455,19,13,571,483,499,536
0,_04,_04-40,_04-40,311,1098,18,32,405,940,33,17,521,876,15,7,499,895,338,1038
0,_04,_04-41,_04-41,335,617,10,38,387,534,23,10,449,510,9,6,506,456,373,556
0,_05,_05-01,_05-01,989,169,26,37,933,177,37,11,930,171,26,10,877,233,910,194
0,_05,_05-02,_05-02,588,70,6,15,544,49,7,13,549,58,10,4,503,116,568,57
0,_05,_05-03,_05-03,71,3,2,1,68,2,0,0,61,3,2,0,56,13,54,8
0,_05,_05-04,_05-04,157,19,5,5,144,21,3,4,130,24,9,3,133,32,144,24
0,_05,_05-05,_05-05,809,109,13,20,768,88,12,12,756,98,15,7,720,155,765,98
0,_05,_05-06,_05-06,826,255,19,34,825,244,27,10,835,247,15,8,804,284,835,262
0,_05,_05-07,_05-07,489,113,30,17,483,120,23,8,491,123,25,7,502,117,524,107
0,_05,_05-08,_05-08,1187,546,28,63,1184,535,22,21,1228,494,13,13,1231,537,1264,468
0,_05,_05-09,_05-09,1014,1146,35,89,1007,1121,32,28,1136,1044,25,21,1201,1012,1221,971
0,_05,_05-10,_05-10,638,492,16,56,595,538,16,22,674,477,13,15,632,519,656,495
0,_05,_05-11,_05-11,399,800,19,61,448,713,28,36,534,682,19,18,624,604,506,694
0,_05,_05-12,_05-12,746,546,14,55,685,640,14,13,814,538,15,6,738,607,699,642
0,_05,_05-13,_05-13,624,361,16,39,624,269,42,20,650,285,30,15,645,305,713,249
0,_05,_05-14,_05-14,996,1277,25,57,1027,1170,62,18,1122,1123,34,17,1188,1075,1071,1162
0,_05,_05-15,_05-15,1176,493,24,43,1140,458,37,23,1148,473,16,20,1148,503,1219,431
0,_05,_05-16,_05-16,1066,71,19,10,1019,55,15,7,1004,55,12,7,923,139,1005,66
0,_05,_05-17,_05-17,490,331,16,42,511,272,26,20,556,274,10,12,548,275,614,226
0,_05,_05-18,_05-18,548,359,14,38,524,305,27,17,564,290,18,13,561,305,596,266
0,_05,_05-19,_05-19,526,462,16,28,552,352,23,15,572,359,14,8,568,357,617,324
0,_05,_05-20,_05-20,1255,1418,38,76,1278,1315,42,21,1348,1294,33,27,1400,1244,1253,1351
0,_05,_05-21,_05-21,737,622,22,53,738,585,15,28,779,579,13,23,780,578,847,508
0,_05,_05-22,_05-22,831,808,24,78,784,864,24,14,877,797,18,14,878,788,895,765
0,_05,_05-23,_05-23,690,191,23,57,658,201,42,32,657,225,34,23,687,240,724,205
0,_05,_05-24,_05-24,785,450,26,53,765,402,36,23,775,405,31,26,813,399,844,374
0,_05,_05-25,_05-25,575,387,12,45,564,399,13,16,605,368,15,13,623,373,611,370
0,_05,_05-26,_05-26,945,286,25,34,902,274,36,18,896,289,33,16,901,316,947,274
0,_05,_05-27,_05-27,747,512,17,49,743,477,29,15,783,464,23,12,787,471,884,385
0,_05,_05-28,_05-28,413,330,12,26,411,295,18,18,442,292,13,15,464,277,463,274
0,_05,_05-29,_05-29,332,310,6,16,326,271,16,5,345,281,6,3,351,269,332,276
0,_05,_05-30,_05-30,194,850,15,35,242,761,20,17,299,745,14,15,379,658,278,753
0,_05,_05-31,_05-31,705,410,19,48,706,408,21,21,721,418,14,12,723,431,708,420
0,_05,_05-32,_05-32,484,429,15,42,463,445,17,9,488,438,12,11,527,402,493,418
0,_05,_05-33,_05-33,481,631,16,42,494,592,22,22,505,611,13,18,552,562,508,598
0,_05,_05-34,_05-34,573,733,18,53,556,729,15,19,596,714,15,16,650,654,583,702
0,_05,_05-35,_05-35,110,366,2,11,147,322,7,4,171,286,4,2,173,299,127,334
0,_05,_05-36,_05-36,227,654,10,14,268,584,11,11,299,560,12,4,360,504,253,610
0,_05,_05-37,_05-37,694,1036,17,34,712,921,38,12,780,899,16,9,777,893,707,942
0,_05,_05-38,_05-38,464,888,11,17,450,838,18,12,527,794,3,6,533,777,437,852
0,_05,_05-39,_05-39,284,854,17,32,355,756,27,16,411,729,15,10,426,716,294,829
0,_05,_05-40,_05-40,235,583,9,29,292,494,16,15,364,443,13,9,344,467,257,543
0,_05,_05-41,_05-41,852,1117,16,56,939,957,28,20,1041,892,20,17,1048,877,900,1004
0,_06,_06-01,_06-01,399,15,6,6,365,13,7,4,361,18,4,3,317,54,360,19
0,_06,_06-02,_06-02,516,59,9,19,483,66,12,8,476,66,14,7,455,106,466,84
0,_06,_06-03,_06-03,593,27,7,3,518,21,10,4,507,24,8,6,450,64,508,32
0,_06,_06-04,_06-04,690,216,18,49,662,243,15,21,703,225,19,7,675,246,657,261
0,_06,_06-05,_06-05,871,140,8,21,835,128,12,4,832,132,16,5,796,176,839,126
0,_06,_06-06,_06-06,424,105,10,12,412,83,11,13,413,91,7,10,401,114,418,93
0,_06,_06-07,_06-07,483,261,10,35,473,239,15,14,513,225,13,10,504,235,516,226
0,_06,_06-08,_06-08,656,645,14,65,686,585,20,24,763,555,13,15,840,502,850,477
0,_06,_06-09,_06-09,452,566,20,58,478,517,29,21,531,498,18,16,597,460,596,450
0,_06,_06-10,_06-10,646,541,10,57,631,545,20,22,655,546,17,12,665,540,670,540
0,_06,_06-11,_06-11,309,884,20,46,362,785,31,27,435,761,15,16,513,683,381,803
0,_06,_06-12,_06-12,280,268,3,23,257,293,4,10,295,260,3,9,269,278,255,289
0,_06,_06-13,_06-13,735,508,24,56,768,422,48,28,797,434,36,19,817,435,852,407
0,_06,_06-14,_06-14,767,663,12,30,764,643,21,12,835,603,12,9,846,595,758,657
0,_06,_06-15,_06-15,811,246,14,50,798,224,17,25,809,238,14,18,771,291,847,217
0,_06,_06-16,_06-16,682,66,11,12,617,60,12,13,612,59,10,11,542,130,596,83
0,_06,_06-17,_06-17,64,80,4,2,70,60,10,3,79,56,5,3,82,57,79,62
0,_06,_06-18,_06-18,818,239,21,36,797,198,27,22,800,214,23,12,786,247,839,204
0,_06,_06-19,_06-19,143,48,6,9,135,43,5,5,134,55,5,2,137,53,145,43
0,_06,_06-20,_06-20,680,863,25,47,680,854,24,21,771,800,16,9,774,795,691,855
0,_06,_06-21,_06-21,768,466,22,52,747,461,25,27,792,431,31,21,768,465,809,441
0,_06,_06-22,_06-22,270,271,10,21,275,268,6,8,312,239,4,6,299,255,299,258
0,_06,_06-23,_06-23,751,514,15,62,716,548,17,26,767,532,13,16,775,529,808,499
0,_06,_06-24,_06-24,512,380,14,51,529,340,23,22,558,341,19,19,581,343,585,332
0,_06,_06-25,_06-25,709,381,10,55,704,333,32,23,710,355,18,19,739,354,756,328
0,_06,_06-26,_06-26,734,396,23,51,742,359,32,28,760,377,21,16,781,378,853,304
0,_06,_06-27,_06-27,618,231,15,21,616,191,19,12,615,201,10,8,609,223,649,184
0,_06,_06-28,_06-28,557,251,20,30,552,208,27,11,581,201,15,9,577,220,583,203
0,_06,_06-29,_06-29,818,477,23,52,780,445,33,21,810,471,15,15,802,471,816,456
0,_06,_06-30,_06-30,100,289,5,7,104,261,8,7,123,258,4,4,159,223,109,269
0,_06,_06-31,_06-31,814,238,12,39,797,237,12,9,815,234,14,9,760,289,790,243
0,_06,_06-32,_06-32,60,120,0,9,59,115,5,2,64,114,3,2,76,104,63,117
0,_06,_06-33,_06-33,45,141,5,8,57,127,6,2,57,136,3,1,79,114,52,137
0,_06,_06-34,_06-34,230,249,11,21,227,253,6,9,246,248,4,2,229,264,245,250
0,_06,_06-35,_06-35,151,507,2,8,178,447,4,6,214,425,3,3,219,415,167,461
0,_06,_06-36,_06-36,494,698,12,35,536,608,27,16,561,610,14,12,566,609,508,648
0,_06,_06-37,_06-37,434,708,10,21,459,594,36,17,494,589,19,10,517,576,444,629
0,_06,_06-38,_06-38,639,1539,15,35,643,1399,29,11,766,1329,17,6,759,1325,594,1433
0,_06,_06-39,_06-39,507,1004,17,47,555,878,36,27,623,857,22,15,627,851,492,978
0,_06,_06-40,_06-40,241,987,15,47,312,873,24,23,384,823,19,15,388,843,268,949
0,_06,_06-41,_06-41,311,582,6,30,350,513,21,8,385,501,7,6,398,491,328,540
0,_07,_07-01,_07-01,417,31,1,7,372,30,3,2,362,31,4,1,338,72,361,38
0,_07,_07-02,_07-02,430,67,6,14,385,58,16,9,395,56,15,7,383,71,393,70
0,_07,_07-03,_07-03,1005,98,15,8,941,61,14,3,927,71,14,7,845,150,921,77
0,_07,_07-04,_07-04,736,247,17,67,718,267,19,16,755,235,20,12,719,275,712,275
0,_07,_07-05,_07-05,553,150,6,16,525,133,11,5,545,130,4,5,515,159,564,117
0,_07,_07-06,_07-06,543,344,17,39,514,371,20,11,561,342,16,17,553,356,546,366
0,_07,_07-07,_07-07,720,353,24,46,697,327,28,29,755,288,30,18,765,305,743,332
0,_07,_07-08,_07-08,554,767,18,59,557,741,24,21,682,661,10,10,733,629,770,582
0,_07,_07-09,_07-09,224,272,4,24,203,278,6,5,250,245,2,4,269,238,268,225
0,_07,_07-10,_07-10,837,540,24,57,830,566,21,26,903,516,21,12,893,526,880,540
0,_07,_07-11,_07-11,448,715,21,47,483,644,37,18,571,608,15,13,597,572,524,636
0,_07,_07-12,_07-12,493,417,18,30,496,417,17,9,522,409,12,6,528,409,587,351
0,_07,_07-13,_07-13,235,144,11,13,239,128,11,8,249,125,10,6,259,122,259,128
0,_07,_07-14,_07-14,700,500,13,28,676,499,23,12,745,456,14,9,710,488,690,496
0,_07,_07-15,_07-15,673,436,12,24,675,397,12,17,693,404,15,12,668,418,741,360
0,_07,_07-16,_07-16,682,124,6,19,665,91,11,8,658,100,15,5,619,143,688,81
0,_07,_07-17,_07-17,512,252,16,24,507,183,25,13,531,192,19,8,505,220,560,176
0,_07,_07-18,_07-18,417,272,12,24,418,240,18,15,437,229,16,12,444,247,473,219
0,_07,_07-19,_07-19,404,312,10,31,430,250,13,12,454,253,10,10,471,235,492,227
0,_07,_07-20,_07-20,1118,802,39,66,1106,822,35,22,1189,781,28,11,1213,746,1097,832
0,_07,_07-21,_07-21,56,96,3,9,51,103,3,3,57,101,3,0,54,103,70,88
0,_07,_07-22,_07-22,1037,613,23,57,993,625,28,24,1056,601,21,17,1036,619,1100,570
0,_07,_07-23,_07-23,566,377,11,35,529,379,19,11,580,343,17,11,589,349,587,353
0,_07,_07-24,_07-24,820,255,19,36,801,223,22,16,788,250,17,15,791,249,822,226
0,_07,_07-25,_07-25,679,496,23,44,679,446,33,31,712,441,22,25,722,456,760,412
0,_07,_07-26,_07-26,934,401,21,54,947,350,25,20,957,365,14,20,962,361,1030,305
0,_07,_07-27,_07-27,190,238,4,22,202,224,6,5,208,221,3,8,205,224,234,203
0,_07,_07-28,_07-28,489,580,13,29,505,529,19,7,583,486,10,9,602,459,555,481
0,_07,_07-29,_07-29,363,397,8,35,375,371,11,18,404,371,4,14,427,335,395,373
0,_07,_07-30,_07-30,59,342,1,10,73,307,9,6,105,288,5,4,124,262,85,307
0,_07,_07-31,_07-31,617,227,25,30,604,215,16,17,629,215,14,13,580,276,618,232
0,_07,_07-32,_07-32,663,360,27,45,652,324,26,22,654,357,14,11,642,366,682,325
0,_07,_07-33,_07-33,254,561,9,44,281,518,7,19,293,537,6,11,352,473,284,535
0,_07,_07-34,_07-34,288,474,6,55,292,506,11,8,302,510,10,10,388,417,304,490
0,_07,_07-35,_07-35,352,684,16,37,380,623,30,12,417,621,15,11,447,599,374,654
0,_07,_07-36,_07-36,548,542,17,26,557,507,15,11,581,502,13,4,562,517,551,515
0,_07,_07-37,_07-37,428,867,11,24,468,787,16,14,482,784,15,10,511,761,455,803
0,_07,_07-38,_07-38,718,1527,23,60,756,1409,42,20,836,1381,25,18,931,1288,699,1470
0,_07,_07-39,_07-39,411,711,8,32,448,609,29,21,521,565,15,14,503,590,401,682
0,_07,_07-40,_07-40,477,1058,19,56,539,912,44,38,637,866,22,29,604,918,487,1023
0,_07,_07-41,_07-41,408,661,10,33,418,574,24,20,498,543,22,7,517,536,398,629
0,_08,_08-01,_08-01,107,38,3,7,109,39,2,3,108,37,4,3,111,41,108,43
0,_08,_08-02,_08-02,565,15,11,4,513,10,10,3,491,17,11,4,421,90,480,24
0,_08,_08-03,_08-03,698,256,16,22,693,195,22,9,719,185,16,6,673,230,731,170
0,_08,_08-04,_08-04,928,722,27,58,934,695,27,16,1003,671,10,15,977,665,1018,638
0,_08,_08-05,_08-05,1120,442,15,46,1096,405,20,22,1100,410,15,13,1061,446,1164,367
0,_08,_08-06,_08-06,938,603,38,72,935,580,44,39,974,584,25,21,963,602,1030,550
0,_08,_08-07,_08-07,712,490,21,39,664,479,23,32,736,456,18,20,704,472,765,433
0,_08,_08-08,_08-08,625,491,20,30,628,443,21,18,665,429,9,18,697,430,692,409
0,_08,_08-09,_08-09,1442,1239,35,96,1366,1230,42,39,1530,1135,22,20,1578,1122,1621,1065
0,_08,_08-10,_08-10,698,184,17,32,664,144,21,21,675,146,20,17,669,174,699,148
0,_08,_08-11,_08-11,169,365,10,21,189,323,18,11,209,327,8,2,243,294,192,336
0,_08,_08-12,_08-12,676,531,14,45,620,592,19,18,660,565,23,13,646,586,663,580
0,_08,_08-13,_08-13,814,363,25,51,841,249,37,27,871,268,29,18,843,298,895,257
0,_08,_08-15,_08-15,337,319,15,37,361,261,23,18,357,277,15,13,380,271,386,274
0,_08,_08-16,_08-16,1031,209,24,28,1002,188,10,7,999,179,14,6,937,252,1028,170
0,_08,_08-17,_08-17,435,125,3,10,415,103,5,6,426,104,6,4,404,118,440,90
0,_08,_08-18,_08-18,689,215,17,37,672,209,16,16,688,208,13,10,665,240,713,192
0,_08,_08-19,_08-19,530,464,22,52,599,372,24,23,610,388,24,11,620,388,693,332
0,_08,_08-20,_08-20,127,278,5,13,133,248,9,7,155,246,6,6,153,241,134,258
0,_08,_08-21,_08-21,776,572,21,69,766,516,48,28,847,490,29,22,862,487,916,436
0,_08,_08-22,_08-22,447,416,25,40,479,379,14,17,482,387,18,9,499,377,551,325
0,_08,_08-23,_08-23,603,386,22,53,585,397,26,27,613,401,15,17,643,385,647,381
0,_08,_08-24,_08-24,576,448,22,57,614,346,30,30,635,366,21,23,633,385,698,340
0,_08,_08-25,_08-25,326,178,7,30,319,155,14,13,338,148,8,8,359,152,371,134
0,_08,_08-26,_08-26,196,109,3,12,198,88,5,9,203,92,4,4,198,102,217,87
0,_08,_08-27,_08-27,783,672,18,49,787,618,21,26,823,593,12,18,873,589,887,567
0,_08,_08-28,_08-28,107,243,5,16,106,232,6,11,124,226,4,6,149,200,123,223
0,_08,_08-29,_08-29,523,828,11,43,506,830,19,13,581,772,16,9,647,703,545,778
0,_08,_08-30,_08-30,437,650,25,44,484,567,29,18,502,581,22,12,561,535,484,596
0,_08,_08-31,_08-31,366,139,9,24,365,144,5,5,383,139,5,5,356,162,368,148
0,_08,_08-32,_08-32,143,19,4,3,138,16,5,2,134,24,3,1,114,45,138,22
0,_08,_08-33,_08-33,540,882,10,45,547,832,16,16,598,832,15,4,659,751,536,867
0,_08,_08-34,_08-34,618,798,16,52,580,839,24,16,660,789,7,9,753,690,606,823
0,_08,_08-36,_08-36,51,155,3,2,55,140,3,3,72,126,3,2,69,129,57,141
0,_08,_08-38,_08-38,294,796,13,32,328,728,16,13,372,707,8,8,396,680,289,768
0,_08,_08-40,_08-40,196,493,9,28,256,430,18,9,299,404,9,5,340,371,247,459
0,_08,_08-41,_08-41,205,421,11,18,248,364,15,8,284,346,5,7,304,328,236,381
0,_09,_09-01,_09-01,745,83,6,21,731,77,4,7,706,81,7,5,620,168,696,86
0,_09,_09-02,_09-02,364,221,11,23,371,170,17,14,384,173,13,12,385,180,411,163
0,_09,_09-03,_09-03,912,83,9,20,818,80,19,6,804,89,9,7,736,168,821,90
0,_09,_09-04,_09-04,426,84,15,24,414,79,9,10,406,98,11,8,407,100,414,92
0,_09,_09-05,_09-05,719,104,6,12,691,88,7,7,678,84,4,9,653,121,693,80
0,_09,_09-06,_09-06,975,514,26,57,975,491,24,35,1036,473,21,16,1019,501,1030,484
0,_09,_09-07,_09-07,624,412,12,37,613,366,31,33,650,361,15,16,648,369,661,356
0,_09,_09-08,_09-08,118,125,0,14,120,128,1,8,132,120,2,4,138,117,143,112
0,_09,_09-09,_09-09,330,602,14,28,335,555,22,14,410,515,11,5,467,471,444,472
0,_09,_09-10,_09-10,513,401,14,31,491,380,19,17,539,357,12,12,524,374,525,379
0,_09,_09-11,_09-11,116,507,6,28,125,488,6,9,152,475,3,8,201,416,144,474
0,_09,_09-12,_09-12,545,402,14,36,497,440,14,16,571,384,13,11,545,417,549,404
0,_09,_09-13,_09-13,684,348,23,23,684,285,34,20,707,288,20,14,698,316,755,265
0,_09,_09-15,_09-15,277,239,8,19,282,217,10,9,301,208,5,9,307,215,340,179
0,_09,_09-16,_09-16,151,99,4,3,159,75,5,1,164,74,5,1,162,77,184,59
0,_09,_09-17,_09-17,428,314,13,21,456,260,17,9,482,264,9,4,478,264,531,222
0,_09,_09-18,_09-18,580,285,11,24,583,246,16,10,591,245,14,6,581,264,624,232
0,_09,_09-19,_09-19,535,481,12,36,550,391,12,24,593,389,10,20,546,422,627,356
0,_09,_09-20,_09-20,68,186,10,11,84,171,7,4,108,159,2,1,118,148,101,162
0,_09,_09-21,_09-21,368,263,10,25,360,260,12,9,385,250,8,2,367,263,393,245
0,_09,_09-22,_09-22,487,461,16,42,482,452,21,11,536,420,13,8,510,444,570,384
0,_09,_09-23,_09-23,207,200,14,20,200,226,6,7,239,197,7,4,218,219,212,218
0,_09,_09-24,_09-24,303,222,16,35,311,211,18,20,318,212,17,9,334,224,353,202
0,_09,_09-26,_09-26,1157,242,22,42,1095,223,28,23,1103,224,19,21,1061,291,1114,234
0,_09,_09-27,_09-27,709,635,17,61,706,595,20,20,776,569,17,11,740,616,871,489
0,_09,_09-28,_09-28,406,125,15,22,394,115,18,15,394,134,11,8,365,168,397,133
0,_09,_09-29,_09-29,432,750,11,58,362,820,26,8,499,722,12,10,554,658,451,753
0,_09,_09-30,_09-30,295,580,16,30,307,526,19,13,344,530,12,10,393,476,319,531
0,_09,_09-31,_09-31,357,235,13,38,333,259,13,9,363,257,9,5,392,219,351,250
0,_09,_09-32,_09-32,298,173,15,41,295,173,14,16,300,183,8,13,291,204,299,180
0,_09,_09-33,_09-33,705,637,21,59,684,602,40,24,748,609,12,17,762,590,707,629
0,_09,_09-34,_09-34,689,668,15,63,651,677,29,26,704,663,15,23,716,656,701,662
0,_09,_09-36,_09-36,30,66,0,1,26,64,2,0,36,59,0,0,35,59,30,63
0,_10,_10-01,_10-01,1054,17,12,4,971,16,11,6,923,20,10,4,793,155,917,30
0,_10,_10-02,_10-02,658,74,19,23,598,73,26,18,589,75,28,16,544,151,591,100
0,_10,_10-03,_10-03,187,71,6,7,189,64,5,0,194,62,4,0,188,65,194,58
0,_10,_10-04,_10-04,117,56,3,11,122,45,2,5,125,46,2,6,116,49,137,36
0,_10,_10-05,_10-05,790,98,12,13,756,71,14,8,758,78,5,7,710,123,753,83
0,_10,_10-06,_10-06,665,479,26,47,673,474,23,14,712,460,17,15,690,481,707,477
0,_10,_10-07,_10-07,907,354,16,42,874,312,25,18,904,298,21,11,881,319,920,297
0,_10,_10-08,_10-08,684,374,12,34,664,356,14,10,692,351,8,9,718,347,736,319
0,_10,_10-10,_10-10,523,136,17,19,491,113,14,13,494,117,15,8,492,131,518,116
0,_10,_10-11,_10-11,137,455,9,28,158,429,14,12,195,412,8,11,241,370,181,428
0,_10,_10-12,_10-12,705,569,18,64,658,640,19,16,720,595,17,15,702,612,750,579
0,_10,_10-13,_10-13,262,183,10,15,258,146,16,8,283,157,8,4,276,145,297,133
0,_10,_10-15,_10-15,1105,288,14,43,1082,246,23,21,1087,248,24,19,1051,307,1121,242
0,_10,_10-16,_10-16,711,297,11,37,713,230,26,15,748,231,13,13,703,275,789,206
0,_10,_10-17,_10-17,535,224,9,27,515,165,21,16,525,171,14,10,519,192,564,158
0,_10,_10-18,_10-18,374,145,7,28,371,134,9,7,379,135,8,5,369,149,375,141
0,_10,_10-19,_10-19,383,290,16,30,393,237,20,13,430,228,12,12,420,242,451,215
0,_10,_10-20,_10-20,78,187,5,6,84,174,6,4,97,167,5,1,98,165,94,168
0,_10,_10-21,_10-21,814,634,24,80,775,615,47,21,841,603,35,14,858,592,924,535
0,_10,_10-22,_10-22,607,447,12,35,571,466,16,7,630,432,11,6,603,458,645,416
0,_10,_10-24,_10-24,540,295,23,50,525,279,37,23,556,273,25,22,565,296,612,255
0,_10,_10-27,_10-27,814,667,14,56,775,668,27,20,843,638,14,15,867,622,953,537
0,_10,_10-28,_10-28,507,169,11,16,475,162,16,9,480,169,12,11,446,209,482,167
0,_10,_10-29,_10-29,48,164,3,15,47,167,1,6,68,152,2,3,86,133,60,159
0,_10,_10-30,_10-30,183,419,8,11,204,380,12,6,228,368,7,6,260,341,205,387
0,_10,_10-31,_10-31,320,188,13,16,305,189,12,12,311,191,12,8,319,190,319,172
0,_10,_10-32,_10-32,262,117,5,13,245,120,6,5,247,129,0,3,236,130,248,109
0,_10,_10-33,_10-33,277,670,5,28,299,604,22,16,314,630,11,6,386,547,327,591
0,_10,_10-34,_10-34,705,870,13,59,675,874,28,32,711,888,12,16,781,810,703,874
0,_10,_10-36,_10-36,38,85,0,4,50,69,0,2,53,70,1,0,50,67,44,75
0,_11,_11-01,_11-01,530,66,8,13,532,52,11,3,505,53,14,6,438,142,510,64
0,_11,_11-02,_11-02,982,19,7,3,897,17,7,0,855,29,6,2,743,140,836,29
0,_11,_11-04,_11-04,602,373,21,49,553,450,15,16,596,408,20,13,560,453,525,483
0,_11,_11-06,_11-06,628,351,13,35,585,392,13,20,633,371,9,12,621,375,612,389
0,_11,_11-12,_11-12,519,560,7,47,474,602,10,12,567,541,9,13,495,596,503,584
0,_11,_11-13,_11-13,334,126,4,14,338,100,8,7,354,100,6,6,342,102,377,81
0,_11,_11-17,_11-17,730,363,15,52,735,282,22,17,745,299,13,15,718,328,781,287
0,_11,_11-19,_11-19,117,97,5,10,117,74,9,4,120,86,6,2,120,87,136,68
0,_11,_11-21,_11-21,759,571,34,58,761,511,34,36,807,501,33,22,799,502,863,463
0,_11,_11-22,_11-22,816,580,14,44,797,571,27,13,874,535,12,9,831,569,857,531
0,_11,_11-28,_11-28,112,180,3,24,118,177,9,4,139,166,7,5,156,150,129,182
0,_11,_11-29,_11-29,106,179,5,11,109,178,4,6,126,168,3,5,129,164,109,178
0,_11,_11-30,_11-30,133,539,10,19,163,470,20,12,187,489,9,4,227,434,160,499
0,_11,_11-31,_11-31,378,293,10,30,365,304,7,8,376,309,4,7,397,292,383,293
0,_11,_11-32,_11-32,481,316,17,40,458,313,19,14,451,333,14,15,455,341,461,326
0,_11,_11-34,_11-34,14,33,2,4,12,37,0,3,15,34,2,1,24,27,20,32
0,_11,_11-36,_11-36,110,153,6,12,115,149,5,7,121,144,6,4,127,146,114,152
0,_12,_12-01,_12-01,282,98,5,11,286,91,8,7,284,93,9,3,262,117,283,97
0,_12,_12-02,_12-02,583,7,5,3,525,10,5,1,513,8,8,0,456,66,497,15
0,_12,_12-04,_12-04,681,540,24,54,687,539,16,23,747,514,18,13,705,546,770,489
0,_12,_12-06,_12-06,761,477,20,58,733,501,19,31,776,484,23,14,769,505,769,507
0,_12,_12-12,_12-12,498,514,16,52,492,538,17,18,550,498,12,14,529,523,574,480
0,_12,_12-13,_12-13,4,0,0,0,4,0,0,0,4,0,0,0,4,0,4,0
0,_12,_12-19,_12-19,543,181,9,23,536,124,19,12,536,145,12,11,515,178,554,131
0,_12,_12-22,_12-22,385,419,18,36,394,407,20,12,429,382,17,15,442,382,455,369
0,_12,_12-28,_12-28,65,84,0,1,68,71,0,2,71,73,0,2,76,68,70,76
0,_12,_12-29,_12-29,85,78,1,4,81,76,3,0,86,74,2,1,84,76,88,69
0,_12,_12-30,_12-30,172,540,7,24,186,511,12,10,236,492,8,5,239,483,204,517
0,_12,_12-32,_12-32,378,380,8,36,372,378,16,15,391,376,7,12,423,351,392,369
0,_13,_13-01,_13-01,590,107,12,20,566,99,11,17,566,101,10,11,533,143,562,114
0,_13,_13-02,_13-02,0,0,0,0,0,0,0,0,0,0,0,0,0,0,0,0
0,_13,_13-04,_13-04,130,50,1,10,130,46,4,5,140,44,1,4,131,45,141,43
0,_13,_13-12,_13-12,503,336,15,31,430,407,6,6,477,378,10,4,444,396,450,394
0,_13,_13-13,_13-13,86,26,4,3,80,23,3,1,87,19,2,0,82,26,92,18
0,_13,_13-28,_13-28,160,118,5,8,156,110,2,3,169,105,3,0,167,102,174,95
0,_13,_13-29,_13-29,114,142,3,10,116,141,1,2,121,139,1,2,124,131,118,137
0,_14,_14-01,_14-01,460,213,11,30,459,197,15,21,481,190,12,17,474,212,467,210
0,_14,_14-04,_14-04,143,65,3,3,146,48,3,2,158,50,1,1,152,55,155,50
0,_14,_14-12,_14-12,430,310,8,33,400,356,12,9,465,318,8,6,420,342,416,350
0,_14,_14-13,_14-13,0,0,0,0,0,0,0,0,0,0,0,0,0,0,0,0
0,_14,_14-28,_14-28,245,225,2,10,245,191,6,4,292,166,3,0,297,149,267,172
0,_15,_15-04,_15-04,249,202,5,11,243,208,5,2,264,194,4,1,248,208,254,196
0,_16,_16-04,_16-04,84,22,1,4,82,18,1,4,83,17,2,2,76,25,79,24
