IS_AUDITED,COUNTY_NAME,PRECINCT_NAME,PRECINCT_CODE,USA_ID_20161108_GEN_PRE_REP_TRUMP,USA_ID_20161108_GEN_PRE_DEM_CLINTON,USA_ID_20161108_GEN_PRE_LIB_JOHNSON,USA_ID_20161108_GEN_PRE_CON_COPELAND,USA_ID_20161108_GEN_PRE_IND_MCMULLIN,USA_ID_20161108_GEN_PRE_IND_STEIN,USA_ID_20161108_GEN_PRE_IND_CASTLE,USA_ID_20161108_GEN_PRE_IND_FUENTE,USA_ID_20161108_GEN_PRE_OTH_WRITEIN,USA_ID_20161108_GEN_USS_REP_CRAPO,USA_ID_20161108_GEN_USS_DEM_STURGILL,USA_ID_20161108_GEN_USS_CON_WRITZ
0,_001,_1401,_011401,857,206,35,0,63,10,4,0,0,817,208,65
0,_001,_1402,_011402,796,292,49,2,86,8,3,1,0,882,265,58
0,_001,_1403,_011403,289,121,18,2,41,5,2,1,0,339,109,12
0,_001,_1404,_011404,1290,317,79,2,148,13,13,7,0,1306,319,112
0,_001,_1405,_011405,994,331,54,3,90,9,8,3,0,994,322,81
0,_001,_1406,_011406,1691,549,74,5,136,9,7,8,3,1750,461,128
0,_001,_1407,_011407,656,305,31,3,59,6,9,3,0,653,276,66
0,_001,_1408,_011408,726,474,57,1,99,6,4,1,0,820,427,62
0,_001,_1409,_011409,713,394,47,2,73,18,3,1,1,784,354,39
0,_001,_1410,_011410,648,470,61,2,59,30,10,1,0,706,473,68
0,_001,_1411,_011411,801,451,69,1,67,17,6,0,0,836,422,76
0,_001,_1412,_011412,400,139,17,3,40,10,3,0,0,448,133,26
0,_001,_1413,_011413,1683,728,92,5,264,13,5,0,0,1911,636,112
0,_001,_1414,_011414,1280,456,95,4,209,25,4,1,0,1395,455,111
0,_001,_1415,_011415,870,277,47,4,93,7,3,2,0,943,247,48
0,_001,_1416,_011416,1009,446,58,3,89,4,2,0,0,1138,391,49
0,_001,_1417,_011417,903,293,73,1,91,10,11,2,0,977,302,62
0,_001,_1418,_011418,1213,464,64,9,96,11,8,4,1,1229,463,106
0,_001,_1419,_011419,677,320,66,3,69,9,3,4,0,703,309,85
0,_001,_1501,_011501,888,641,82,1,180,21,10,5,2,1095,620,75
0,_001,_1502,_011502,789,559,72,1,122,12,3,3,1,919,546,75
0,_001,_1503,_011503,631,477,42,5,69,15,8,1,0,703,438,60
0,_001,_1504,_011504,1006,733,95,6,162,27,11,0,0,1190,688,100
0,_001,_1505,_011505,581,393,55,7,82,17,3,1,3,620,387,61
0,_001,_1506,_011506,597,486,62,5,80,29,12,2,0,700,498,75
0,_001,_1507,_011507,687,439,85,3,103,19,11,7,0,769,462,94
0,_001,_1508,_011508,640,481,53,6,86,20,7,1,2,660,484,78
0,_001,_1509,_011509,943,727,128,4,82,35,6,6,0,1015,729,111
0,_001,_1510,_011510,490,389,85,4,31,17,9,4,0,508,398,66
0,_001,_1511,_011511,451,341,45,3,44,21,0,1,1,462,340,64
0,_001,_1512,_011512,422,343,72,3,42,21,4,4,0,456,338,74
0,_001,_1513,_011513,506,386,71,2,44,22,3,3,0,523,393,60
0,_001,_1514,_011514,504,340,58,6,69,18,10,3,0,580,325,49
0,_001,_1515,_011515,404,229,45,1,32,7,1,1,0,448,197,38
0,_001,_1601,_011601,859,890,77,2,54,18,5,1,0,973,788,69
0,_001,_1602,_011602,545,738,82,2,65,29,5,2,0,622,695,68
0,_001,_1603,_011603,612,1004,128,1,81,42,7,3,0,719,990,82
0,_001,_1604,_011604,423,700,62,3,43,28,8,3,0,476,683,44
0,_001,_1605,_011605,350,668,81,4,42,60,4,2,1,417,686,61
0,_001,_1606,_011606,286,682,65,3,33,38,2,4,0,318,699,50
0,_001,_1607,_011607,729,637,63,7,88,26,11,5,1,782,615,94
0,_001,_1608,_011608,491,456,71,4,32,27,9,8,0,487,474,80
0,_001,_1609,_011609,612,452,67,0,72,22,12,5,0,689,470,59
0,_001,_1610,_011610,723,672,111,3,116,33,9,5,0,822,661,101
0,_001,_1611,_011611,587,609,41,1,99,19,12,4,0,696,565,52
0,_001,_1612,_011612,332,325,47,7,42,16,8,2,0,377,349,43
0,_001,_1613,_011613,483,566,58,4,59,29,17,2,0,542,577,57
0,_001,_1614,_011614,469,511,63,4,83,27,3,0,1,540,515,48
0,_001,_1615,_011615,547,766,111,1,79,33,5,6,0,639,776,85
0,_001,_1701,_011701,527,515,65,5,66,28,1,8,0,613,459,62
0,_001,_1702,_011702,574,507,77,9,91,37,14,2,0,633,531,82
0,_001,_1703,_011703,478,496,65,2,39,28,5,1,0,524,487,59
0,_001,_1704,_011704,315,587,71,2,18,32,5,3,3,351,616,52
0,_001,_1705,_011705,353,527,69,2,58,44,18,2,0,441,560,54
0,_001,_1706,_011706,454,695,88,4,73,51,6,2,0,529,727,68
0,_001,_1707,_011707,268,557,76,2,35,42,7,0,0,335,573,34
0,_001,_1708,_011708,470,775,84,6,61,42,17,4,0,553,751,46
0,_001,_1709,_011709,306,691,82,1,50,27,4,7,0,409,702,39
0,_001,_1710,_011710,274,489,100,2,24,23,8,1,0,323,423,32
0,_001,_1711,_011711,216,477,84,4,24,34,6,0,0,295,447,41
0,_001,_1712,_011712,409,450,69,6,55,28,5,2,0,490,467,60
0,_001,_1713,_011713,608,568,97,5,86,31,14,4,0,719,594,68
0,_001,_1714,_011714,522,605,72,3,48,27,9,0,0,545,604,76
0,_001,_1715,_011715,469,637,89,3,60,46,2,4,1,555,652,60
0,_001,_1801,_011801,606,393,76,5,70,16,9,4,1,681,412,79
0,_001,_1802,_011802,806,490,86,2,141,28,1,4,0,924,473,83
0,_001,_1803,_011803,569,319,54,2,60,16,4,5,0,633,298,55
0,_001,_1804,_011804,83,28,1,1,7,2,0,0,0,69,32,13
0,_001,_1805,_011805,462,856,86,4,43,42,5,2,3,594,804,55
0,_001,_1806,_011806,383,735,51,1,44,8,3,1,0,519,650,28
0,_001,_1807,_011807,490,763,108,2,51,49,16,4,0,595,786,88
0,_001,_1808,_011808,385,708,71,3,35,47,6,2,1,448,717,58
0,_001,_1809,_011809,513,805,98,7,77,42,8,4,0,658,742,66
0,_001,_1810,_011810,337,604,46,0,48,18,4,1,0,417,542,47
0,_001,_1811,_011811,396,742,77,3,67,10,7,0,0,571,656,27
0,_001,_1812,_011812,431,666,77,1,37,26,5,3,0,519,607,53
0,_001,_1813,_011813,356,702,76,2,42,19,1,3,0,502,636,34
0,_001,_1814,_011814,567,664,74,2,53,20,6,2,1,687,607,55
0,_001,_1815,_011815,640,621,86,2,78,30,9,3,0,736,592,71
0,_001,_1816,_011816,327,436,56,1,33,9,8,1,0,456,360,23
0,_001,_1817,_011817,686,1188,127,2,90,27,7,2,0,1011,1018,52
0,_001,_1818,_011818,631,697,110,6,105,21,4,2,0,792,634,61
0,_001,_1901,_011901,816,801,89,0,107,21,4,2,0,934,774,72
0,_001,_1902,_011902,472,758,67,2,52,14,7,1,0,626,706,21
0,_001,_1903,_011903,312,212,25,0,25,11,1,0,0,328,205,29
0,_001,_1904,_011904,608,523,48,0,69,17,10,0,0,623,509,66
0,_001,_1905,_011905,495,602,72,7,62,32,9,0,0,544,648,62
0,_001,_1906,_011906,461,775,77,2,58,36,4,1,0,546,754,51
0,_001,_1907,_011907,565,823,59,3,47,23,6,0,0,652,774,41
0,_001,_1908,_011908,167,624,49,0,16,21,1,0,0,233,572,28
0,_001,_1909,_011909,292,951,69,3,50,27,1,0,0,409,910,24
0,_001,_1910,_011910,351,1333,86,1,71,49,7,2,0,553,1239,37
0,_001,_1911,_011911,187,954,62,3,25,36,5,4,0,275,946,21
0,_001,_1912,_011912,135,791,56,0,19,24,1,3,1,209,776,11
0,_001,_1913,_011913,187,945,49,0,26,31,6,2,0,280,879,31
0,_001,_1914,_011914,162,781,53,3,25,39,3,2,0,229,765,28
0,_001,_1915,_011915,219,834,81,2,27,68,4,6,0,293,859,46
0,_001,_1916,_011916,257,545,43,3,27,28,8,1,0,317,548,35
0,_001,_1917,_011917,163,605,56,2,26,31,3,3,2,250,594,24
0,_001,_1918,_011918,463,1209,72,2,47,29,11,5,0,635,1087,37
0,_001,_1919,_011919,273,1033,68,3,45,38,6,1,0,412,962,47
0,_001,_1920,_011920,235,466,28,0,28,12,1,1,0,330,405,21
0,_001,_2001,_012001,878,403,59,1,160,8,7,3,0,1004,361,74
0,_001,_2002,_012002,1077,641,81,3,188,13,6,1,0,1277,563,80
0,_001,_2003,_012003,999,392,63,4,143,8,4,2,0,1136,339,67
0,_001,_2004,_012004,909,406,78,2,132,16,19,1,0,988,397,98
0,_001,_2005,_012005,1146,542,90,5,158,13,25,2,3,1237,494,112
0,_001,_2006,_012006,1076,446,86,3,123,12,5,5,0,1165,445,88
0,_001,_2007,_012007,860,349,62,15,97,11,7,3,0,911,374,96
0,_001,_2008,_012008,1080,494,111,5,105,32,15,4,0,1130,515,127
0,_001,_2009,_012009,1171,638,110,5,142,29,14,6,0,1254,641,138
0,_001,_2010,_012010,786,421,93,2,92,14,5,1,0,862,416,96
0,_001,_2011,_012011,793,422,73,4,130,19,14,0,0,913,388,77
0,_001,_2012,_012012,598,324,46,0,72,19,5,2,0,632,318,67
0,_001,_2013,_012013,696,346,66,1,93,5,5,3,0,769,310,69
0,_001,_2101,_012101,1298,454,61,9,137,12,12,0,0,1405,413,80
0,_001,_2102,_012102,1060,433,89,6,98,16,14,2,1,1116,377,105
0,_001,_2103,_012103,640,321,30,4,66,13,4,5,1,669,302,46
0,_001,_2104,_012104,820,451,98,7,91,9,5,2,0,896,415,76
0,_001,_2105,_012105,503,288,35,1,77,4,4,2,0,554,263,45
0,_001,_2106,_012106,1572,784,123,3,220,20,17,4,0,1805,710,110
0,_001,_2107,_012107,808,391,51,4,102,9,11,2,0,886,352,81
0,_001,_2108,_012108,657,325,57,2,86,11,12,2,0,701,323,75
0,_001,_2109,_012109,599,456,66,9,102,14,10,5,2,725,442,67
0,_001,_2110,_012110,397,169,30,3,27,2,4,1,0,442,143,21
0,_001,_2111,_012111,791,418,66,4,103,12,10,0,0,869,402,81
0,_001,_2112,_012112,1113,659,93,6,125,17,4,2,1,1177,621,105
0,_001,_2113,_012113,738,406,70,4,54,11,6,1,0,782,387,77
0,_001,_2114,_012114,825,460,83,3,101,34,14,3,0,909,511,89
0,_001,_2115,_012115,886,452,98,9,135,34,3,3,1,913,477,126
0,_001,_2116,_012116,654,383,70,4,78,13,5,1,0,709,360,57
0,_001,_2201,_012201,855,372,85,1,103,13,3,2,2,914,369,97
0,_001,_2202,_012202,775,286,58,7,100,14,4,1,0,791,289,88
0,_001,_2203,_012203,807,319,74,2,76,32,18,1,0,848,341,88
0,_001,_2204,_012204,844,378,87,7,92,26,3,4,0,817,386,115
0,_001,_2205,_012205,522,153,28,4,55,9,0,0,0,509,161,41
0,_001,_2206,_012206,1024,389,66,8,127,10,7,3,0,1126,344,88
0,_001,_2207,_012207,1268,254,62,5,140,20,7,5,0,1258,268,136
0,_001,_2208,_012208,1173,399,108,8,138,12,18,2,0,1188,377,140
0,_001,_2209,_012209,667,217,61,2,63,15,8,3,0,691,226,80
0,_001,_2210,_012210,948,323,65,5,91,19,10,4,0,974,317,103
0,_001,_2211,_012211,1043,236,54,2,84,16,8,5,0,995,241,109
0,_001,_2212,_012212,812,232,44,5,50,8,12,0,0,784,229,91
0,_001,_2213,_012213,91,9,2,0,4,0,0,0,0,82,10,7
0,_001,_2214,_012214,679,205,32,1,57,9,10,1,2,654,201,81
0,_003,_9001,_039001,166,32,1,4,1,2,0,0,0,126,42,22
0,_003,_9002,_039002,374,78,18,2,23,1,2,4,0,325,88,66
0,_003,_9003,_039003,429,88,19,3,20,0,4,2,0,396,112,57
0,_003,_9004,_039004,37,3,1,0,1,0,0,1,0,37,1,2
0,_003,_9005,_039005,504,201,44,2,35,15,6,0,0,543,200,47
0,_003,_9006,_039006,46,13,0,0,0,1,0,0,0,36,16,8
0,_005,_2834,_052834,261,157,15,3,47,7,4,0,0,303,175,27
0,_005,_2835,_052835,260,142,23,1,37,8,3,0,0,326,129,20
0,_005,_2836,_052836,321,201,26,4,88,7,5,0,0,406,207,48
0,_005,_2837,_052837,355,144,26,1,123,1,5,3,0,443,173,47
0,_005,_2838,_052838,362,154,24,0,109,4,5,0,0,486,132,35
0,_005,_2839,_052839,269,152,25,3,63,6,0,0,0,331,145,31
0,_005,_2840,_052840,218,114,23,3,30,1,4,4,1,249,137,17
0,_005,_2841,_052841,293,223,24,1,79,7,9,2,0,358,237,43
0,_005,_2842,_052842,218,166,26,1,51,10,0,0,0,288,167,24
0,_005,_2843,_052843,267,225,34,3,42,15,1,0,3,315,247,39
0,_005,_2850,_052850,335,139,10,3,115,6,5,0,0,420,159,35
0,_005,_2851,_052851,500,219,37,3,105,7,4,0,0,577,247,48
0,_005,_2852,_052852,298,124,25,3,41,4,3,3,0,317,162,31
0,_005,_2853,_052853,465,218,38,5,104,30,13,3,1,552,253,69
0,_005,_2854,_052854,479,112,24,1,113,1,6,0,0,574,130,41
0,_005,_2855,_052855,451,189,32,5,119,5,3,0,0,574,199,28
0,_005,_2856,_052856,391,157,14,0,57,4,1,0,0,426,173,31
0,_005,_2857,_052857,506,137,26,2,66,5,3,2,0,538,146,53
0,_005,_2858,_052858,254,106,19,2,44,4,3,0,0,281,121,35
0,_005,_2859,_052859,332,106,14,1,44,7,10,0,0,338,143,52
0,_005,_2860,_052860,230,454,32,2,11,15,4,6,0,314,379,40
0,_005,_2861,_052861,287,57,6,2,93,0,5,1,0,342,80,39
0,_005,_2862,_052862,382,50,16,4,83,6,16,0,0,420,113,37
0,_005,_2863,_052863,347,101,29,4,75,1,3,1,1,372,173,36
0,_005,_2864,_052864,458,157,19,1,27,10,3,0,0,432,194,47
0,_005,_2865,_052865,509,126,15,0,88,5,12,0,0,528,193,57
0,_005,_2867,_052867,365,96,16,5,91,5,1,1,0,378,189,37
0,_005,_2868,_052868,57,7,3,0,5,0,0,0,0,55,8,5
0,_005,_2901,_052901,244,149,15,2,41,8,0,0,0,267,151,33
0,_005,_2902,_052902,338,198,22,0,77,7,5,2,0,410,221,37
0,_005,_2903,_052903,294,203,27,0,51,1,5,0,0,358,200,19
0,_005,_2904,_052904,290,342,32,0,49,20,1,3,0,324,364,44
0,_005,_2905,_052905,300,235,20,2,27,16,5,0,0,297,283,46
0,_005,_2906,_052906,177,241,22,2,40,16,6,1,0,209,267,33
0,_005,_2907,_052907,233,238,29,9,49,9,3,0,0,288,271,27
0,_005,_2908,_052908,145,175,22,2,26,10,3,3,0,171,193,19
0,_005,_2909,_052909,261,192,50,7,45,16,5,4,0,314,229,44
0,_005,_2910,_052910,418,208,20,4,73,12,10,4,0,448,254,51
0,_005,_2911,_052911,409,220,33,4,56,20,2,3,0,450,251,47
0,_005,_2912,_052912,381,152,27,0,52,6,9,0,0,408,180,46
0,_005,_2913,_052913,284,155,24,4,30,8,6,3,0,288,169,47
0,_005,_2914,_052914,355,226,29,4,63,16,0,3,0,366,271,54
0,_005,_2915,_052915,252,111,17,2,58,10,2,1,0,247,163,59
0,_005,_2917,_052917,244,177,22,2,56,12,4,0,0,278,209,42
0,_005,_2918,_052918,355,206,29,2,94,5,7,4,0,440,214,46
0,_005,_2919,_052919,200,140,24,2,42,9,1,6,0,243,166,29
0,_005,_2920,_052920,215,167,45,2,37,5,7,1,0,273,167,43
0,_005,_2921,_052921,256,168,32,1,67,18,4,3,0,330,201,35
0,_005,_2922,_052922,260,215,50,3,75,6,2,1,0,305,258,50
0,_005,_2923,_052923,198,180,28,1,51,9,4,3,0,235,205,27
0,_005,_2924,_052924,156,187,24,1,36,16,4,3,0,195,205,28
0,_005,_2925,_052925,123,183,23,1,30,10,1,1,0,147,211,31
0,_005,_2926,_052926,102,253,30,0,24,21,6,0,2,148,288,24
0,_005,_2927,_052927,183,256,26,1,37,6,1,1,0,260,216,14
0,_005,_2928,_052928,361,274,63,0,68,14,4,1,0,452,275,55
0,_005,_2931,_052931,125,249,33,1,46,16,1,1,2,157,283,33
0,_005,_2932,_052932,177,208,19,0,53,3,0,1,0,234,203,26
0,_005,_2966,_052966,374,201,13,3,46,12,1,1,1,398,206,40
0,_007,_2905,_072905,124,6,1,1,13,1,3,0,0,133,7,6
0,_007,_2916,_072916,48,9,2,1,8,0,1,0,0,55,7,5
0,_007,_3201,_073201,329,47,9,2,54,2,5,1,0,348,55,45
0,_007,_3202,_073202,257,31,10,1,53,0,3,0,0,302,31,24
0,_007,_3203,_073203,287,48,9,2,38,2,1,0,0,304,46,40
0,_007,_3206,_073206,52,8,2,1,14,0,0,0,0,68,7,2
0,_007,_3207,_073207,105,9,2,0,13,0,0,0,0,111,11,4
0,_007,_3208,_073208,97,13,0,0,15,1,2,0,0,112,8,5
0,_007,_3209,_073209,87,23,6,0,18,0,2,0,0,95,29,13
0,_007,_3210,_073210,62,2,2,0,22,0,0,0,0,72,6,8
0,_007,_3211,_073211,278,23,3,3,26,0,0,1,0,283,29,22
0,_007,_3212,_073212,142,13,2,2,31,3,1,0,0,165,21,10
0,_007,_3213,_073213,233,16,3,2,31,2,4,0,0,244,25,17
0,_007,_3215,_073215,102,7,3,0,30,0,0,0,0,123,9,7
0,_009,_5001,_095001,125,33,6,2,2,1,1,1,0,116,34,21
0,_009,_5002,_095002,340,76,18,4,12,0,3,1,0,347,72,30
0,_009,_5003,_095003,336,80,13,1,6,2,2,0,0,319,86,21
0,_009,_5004,_095004,147,25,10,0,1,3,0,0,0,129,33,16
0,_009,_5005,_095005,189,30,14,0,2,0,1,0,0,176,37,27
0,_009,_5006,_095006,405,178,21,2,14,19,8,3,0,461,139,50
0,_009,_5007,_095007,217,35,11,1,1,0,4,0,0,192,41,30
0,_009,_5008,_095008,45,3,0,0,0,3,0,0,0,47,4,0
0,_009,_5009,_095009,641,116,17,5,5,6,5,0,0,651,109,30
0,_009,_5010,_095010,222,81,9,2,7,2,3,3,0,234,76,23
0,_009,_5011,_095011,436,113,32,0,11,6,3,2,1,431,115,45
0,_011,_3101,_113101,337,96,16,4,75,5,7,1,0,381,104,58
0,_011,_3102,_113102,399,159,17,1,89,6,9,0,0,458,155,58
0,_011,_3103,_113103,344,132,27,6,74,1,9,4,0,395,133,73
0,_011,_3104,_113104,422,187,12,1,66,9,7,0,0,462,185,59
0,_011,_3105,_113105,432,198,35,5,72,13,4,3,0,485,215,64
0,_011,_3106,_113106,435,116,31,5,114,3,3,1,0,523,126,43
0,_011,_3107,_113107,680,81,14,4,121,3,10,1,0,727,123,73
0,_011,_3108,_113108,585,79,17,1,112,3,10,1,0,618,121,68
0,_011,_3109,_113109,493,119,12,1,93,6,7,4,0,540,124,75
0,_011,_3110,_113110,539,55,21,5,79,5,9,3,0,560,92,61
0,_011,_3111,_113111,307,65,12,5,55,4,3,4,0,349,69,34
0,_011,_3112,_113112,503,55,14,3,96,0,1,0,0,541,68,52
0,_011,_3113,_113113,591,137,25,1,128,5,6,0,0,663,156,84
0,_011,_3114,_113114,643,85,30,4,154,4,9,0,0,729,126,75
0,_011,_3115,_113115,493,209,12,5,60,14,4,1,0,559,140,50
0,_011,_3116,_113116,238,30,9,0,17,3,0,0,0,225,49,22
0,_011,_3117,_113117,433,99,14,4,79,4,5,1,0,473,106,52
0,_011,_3118,_113118,339,45,18,2,59,0,0,0,0,344,59,41
0,_011,_3119,_113119,237,52,8,0,52,1,0,3,0,259,65,35
0,_011,_3120,_113120,101,575,17,1,15,24,7,3,0,313,382,28
0,_011,_3121,_113121,737,116,25,4,158,1,14,0,0,838,111,95
0,_011,_3122,_113122,479,89,13,2,60,3,6,3,0,500,105,49
0,_011,_3123,_113123,287,51,4,1,34,1,1,1,0,291,58,37
0,_011,_3124,_113124,386,51,5,6,73,2,6,0,0,407,64,50
0,_011,_3125,_113125,447,40,9,2,64,4,7,0,0,452,61,62
0,_011,_3126,_113126,17,3,0,0,3,0,0,0,0,20,0,3
0,_011,_3127,_113127,0,0,0,0,0,0,0,0,0,0,0,0
0,_011,_3128,_113128,3,0,0,0,0,0,0,0,0,2,0,0
0,_013,_2601,_132601,12,0,0,0,4,0,0,0,0,10,0,3
0,_013,_2602,_132602,257,166,24,1,6,9,0,0,0,283,171,18
0,_013,_2603,_132603,432,95,16,4,70,2,5,1,0,495,106,37
0,_013,_2604,_132604,181,348,18,3,13,12,0,0,0,275,301,2
0,_013,_2605,_132605,153,151,18,1,7,5,0,0,0,182,143,6
0,_013,_2606,_132606,128,203,18,0,6,6,0,0,0,164,166,11
0,_013,_2607,_132607,178,361,24,1,14,14,3,1,0,236,363,13
0,_013,_2608,_132608,149,419,23,0,13,12,7,2,0,212,391,19
0,_013,_2609,_132609,153,452,19,0,6,11,2,1,0,209,417,3
0,_013,_2610,_132610,193,488,40,0,26,3,0,0,0,278,454,11
0,_013,_2611,_132611,243,514,27,0,34,12,6,3,0,342,478,26
0,_013,_2612,_132612,417,538,53,6,26,22,10,3,1,565,508,36
0,_013,_2613,_132613,193,585,26,1,13,12,0,0,0,297,538,10
0,_013,_2614,_132614,217,938,40,1,8,20,2,3,0,335,886,10
0,_013,_2615,_132615,249,419,44,1,23,8,0,4,0,366,378,8
0,_013,_2616,_132616,185,739,34,4,20,28,0,2,0,313,661,13
0,_015,_8030,_158030,773,256,44,2,37,7,4,0,0,739,273,100
0,_015,_8040,_158040,689,135,48,4,20,11,9,1,0,621,169,102
0,_015,_8050,_158050,343,121,30,3,23,8,3,1,0,333,146,49
0,_015,_8060,_158060,138,20,7,2,5,1,0,0,0,108,38,23
0,_015,_8070,_158070,600,213,38,2,27,7,6,4,2,574,198,108
0,_015,_8080,_158080,130,32,6,0,0,1,0,1,0,122,36,9
0,_017,_1001,_171001,542,306,37,3,22,18,5,1,0,590,299,39
0,_017,_1002,_171002,509,186,31,4,11,7,5,2,0,535,168,34
0,_017,_1003,_171003,490,409,41,7,14,31,4,3,0,577,376,39
0,_017,_1004,_171004,285,64,8,1,7,6,4,0,0,278,78,24
0,_017,_1006,_171006,328,115,5,5,5,10,0,4,6,324,126,21
0,_017,_1007,_171007,321,68,14,3,7,6,5,0,0,321,71,23
0,_017,_1008,_171008,572,180,28,2,25,22,3,0,0,580,192,44
0,_017,_1009,_171009,214,167,11,0,7,11,0,0,0,245,152,10
0,_017,_1010,_171010,465,121,19,6,13,6,6,0,0,472,115,38
0,_017,_1011,_171011,852,142,39,7,20,13,4,1,0,827,151,78
0,_017,_1013,_171013,380,177,25,0,7,19,7,2,0,390,182,29
0,_017,_1014,_171014,333,237,20,3,13,10,3,1,0,360,233,19
0,_017,_1015,_171015,403,327,58,3,6,33,6,0,0,426,347,48
0,_017,_1016,_171016,119,27,5,0,0,2,0,0,0,118,26,8
0,_017,_1017,_171017,921,399,48,5,39,26,7,1,0,974,401,75
0,_017,_1018,_171018,225,81,16,0,9,4,2,1,3,242,81,16
0,_017,_1020,_171020,217,106,10,2,3,2,1,1,0,251,92,7
0,_017,_1021,_171021,308,107,21,2,13,14,3,1,0,332,111,27
0,_017,_1022,_171022,734,157,26,2,11,8,12,0,0,735,168,31
0,_017,_1023,_171023,90,58,4,1,0,3,0,0,0,98,57,4
0,_017,_1024,_171024,168,51,12,3,1,1,2,1,0,177,46,10
0,_017,_1026,_171026,301,429,38,1,17,30,2,3,2,344,441,31
0,_017,_1027,_171027,478,183,15,4,18,13,5,0,0,471,182,47
0,_017,_1029,_171029,650,122,27,4,11,7,8,1,0,643,125,51
0,_017,_1030,_171030,498,560,53,6,19,36,8,4,0,583,541,41
0,_017,_1031,_171031,517,196,22,3,11,11,4,1,4,519,185,48
0,_017,_1032,_171032,279,51,8,1,3,2,1,0,0,270,52,17
0,_017,_1033,_171033,181,69,7,0,4,7,1,1,0,191,64,13
0,_017,_7005,_177005,447,91,12,1,14,4,1,1,0,431,97,41
0,_017,_7012,_177012,284,171,23,2,7,10,1,1,0,314,157,15
0,_017,_7019,_177019,147,28,2,0,5,0,0,0,0,150,25,8
0,_017,_7025,_177025,696,297,50,1,18,16,2,2,0,719,292,58
0,_017,_7028,_177028,389,137,27,2,12,8,4,0,3,421,134,35
0,_019,_3001,_193001,553,173,34,4,147,11,10,2,0,652,195,91
0,_019,_3013,_193013,515,260,45,1,135,7,7,2,0,613,255,62
0,_019,_3021,_193021,690,239,57,6,143,6,4,0,0,813,217,80
0,_019,_3022,_193022,583,143,35,1,150,10,3,5,0,698,159,74
0,_019,_3025,_193025,442,237,27,1,131,3,3,0,0,571,195,50
0,_019,_3027,_193027,570,209,30,1,129,5,7,2,0,678,203,54
0,_019,_3028,_193028,564,119,21,4,145,4,6,0,0,635,134,78
0,_019,_3037,_193037,470,125,6,3,51,1,7,0,0,483,116,47
0,_019,_3038,_193038,519,165,26,3,102,8,4,2,0,606,151,55
0,_019,_3039,_193039,636,72,18,3,145,1,21,1,0,690,105,85
0,_019,_3040,_193040,624,209,48,3,149,15,7,4,1,729,236,82
0,_019,_3041,_193041,567,80,10,2,92,5,5,0,0,592,101,53
0,_019,_3042,_193042,524,65,27,2,180,7,9,1,0,670,84,47
0,_019,_3045,_193045,788,157,48,5,182,5,5,6,0,917,179,98
0,_019,_3046,_193046,695,184,34,1,179,0,4,0,0,792,197,74
0,_019,_3047,_193047,592,149,40,3,170,8,4,0,0,695,185,73
0,_019,_3048,_193048,553,163,34,0,165,9,4,3,0,687,179,60
0,_019,_3049,_193049,514,184,40,4,152,18,3,6,0,633,189,90
0,_019,_3050,_193050,684,151,35,1,163,4,5,1,0,789,157,90
0,_019,_3051,_193051,531,115,22,3,137,2,3,0,0,621,119,72
0,_019,_3052,_193052,631,107,25,4,205,2,11,0,0,770,134,68
0,_019,_3057,_193057,455,114,17,3,62,6,5,0,0,497,122,40
0,_019,_3255,_193255,297,81,9,0,28,0,1,1,0,299,83,22
0,_019,_3256,_193256,25,10,0,0,6,3,0,0,0,27,14,0
0,_019,_3258,_193258,664,110,22,1,88,5,2,0,0,725,93,68
0,_019,_3259,_193259,742,128,30,2,154,2,6,0,0,847,127,76
0,_019,_3302,_193302,536,229,41,4,116,10,6,4,0,622,238,77
0,_019,_3303,_193303,310,147,30,5,62,9,5,1,0,357,161,37
0,_019,_3304,_193304,495,180,39,2,94,15,9,2,0,581,171,81
0,_019,_3305,_193305,440,217,46,4,99,13,6,1,0,530,226,75
0,_019,_3306,_193306,463,200,34,1,102,12,6,1,0,565,188,50
0,_019,_3307,_193307,348,256,48,9,93,19,6,5,0,446,237,70
0,_019,_3308,_193308,455,207,33,4,104,5,3,0,0,559,186,52
0,_019,_3309,_193309,560,292,40,4,111,20,5,8,0,629,311,83
0,_019,_3310,_193310,585,232,57,4,138,8,8,3,0,714,243,59
0,_019,_3311,_193311,438,341,55,5,83,17,3,3,0,486,346,87
0,_019,_3312,_193312,462,289,30,5,110,6,9,3,0,586,280,41
0,_019,_3314,_193314,364,210,43,5,82,15,4,0,0,416,241,46
0,_019,_3315,_193315,529,286,28,2,126,5,9,2,0,610,285,70
0,_019,_3316,_193316,513,217,35,1,104,6,4,0,0,598,226,52
0,_019,_3317,_193317,530,304,48,5,118,19,5,1,5,598,340,85
0,_019,_3318,_193318,540,261,45,9,115,20,6,6,0,652,243,79
0,_019,_3319,_193319,515,209,32,0,126,8,2,0,0,651,192,55
0,_019,_3320,_193320,552,187,37,2,121,19,2,3,0,608,234,64
0,_019,_3323,_193323,484,176,39,7,107,8,6,4,2,585,146,60
0,_019,_3324,_193324,475,207,29,3,107,5,0,1,1,601,177,44
0,_019,_3326,_193326,577,224,43,6,111,1,3,0,0,697,189,47
0,_019,_3443,_193443,589,74,13,5,143,4,9,1,0,651,99,69
0,_019,_3444,_193444,672,110,18,7,94,2,4,1,0,691,139,64
0,_019,_3453,_193453,477,97,27,7,117,5,3,1,0,569,92,50
0,_019,_3454,_193454,362,29,4,2,49,1,3,0,0,362,39,43
0,_021,_1001,_211001,550,162,21,1,16,12,2,2,0,565,169,33
0,_021,_1003,_211003,396,89,16,4,12,4,0,0,0,408,84,28
0,_021,_1004,_211004,947,189,33,9,48,17,8,3,0,1006,175,75
0,_021,_1005,_211005,648,164,41,8,14,22,12,1,1,688,177,54
0,_021,_1006,_211006,737,189,25,4,19,18,10,0,0,761,182,57
0,_021,_1007,_211007,511,140,25,3,21,7,1,1,0,533,133,27
0,_023,_3501,_233501,294,69,9,2,46,3,2,0,0,340,66,26
0,_023,_3502,_233502,162,40,4,1,18,2,0,1,0,163,53,9
0,_023,_3503,_233503,142,4,1,0,12,0,1,0,0,136,6,15
0,_023,_3504,_233504,316,47,11,1,38,2,1,1,0,309,60,50
0,_025,_2601,_252601,198,49,9,0,20,1,0,0,0,198,48,20
0,_025,_2602,_252602,212,61,14,2,13,5,6,0,0,216,78,16
0,_027,_1007,_271007,206,196,17,0,12,11,3,6,0,245,178,28
0,_027,_1008,_271008,566,262,36,3,54,9,4,4,0,596,244,96
0,_027,_1009,_271009,721,382,44,2,68,15,6,4,1,804,348,87
0,_027,_1010,_271010,601,437,62,6,51,25,9,5,0,709,415,82
0,_027,_1011,_271011,244,196,20,2,8,16,4,2,0,288,176,31
0,_027,_1012,_271012,901,372,53,1,70,13,9,5,0,959,353,103
0,_027,_1013,_271013,794,383,43,7,70,5,4,5,0,865,336,92
0,_027,_1014,_271014,774,394,57,4,50,19,8,4,0,829,371,99
0,_027,_1015,_271015,471,373,38,1,46,16,1,2,0,531,335,63
0,_027,_1016,_271016,1371,439,106,13,146,25,21,1,0,1504,470,131
0,_027,_1017,_271017,592,339,47,4,55,20,6,5,0,678,333,64
0,_027,_1018,_271018,439,213,34,0,68,12,7,3,2,505,203,48
0,_027,_1019,_271019,491,294,39,3,42,13,11,4,0,562,269,64
0,_027,_1020,_271020,291,61,7,0,22,2,1,1,0,299,44,27
0,_027,_1126,_271126,977,159,34,9,72,9,14,1,2,975,187,108
0,_027,_1127,_271127,1141,248,37,5,80,7,10,0,0,1124,250,128
0,_027,_1128,_271128,628,171,26,0,43,4,7,2,0,643,178,71
0,_027,_1129,_271129,1182,299,50,5,119,6,8,0,0,1247,301,109
0,_027,_1130,_271130,940,270,47,3,76,7,4,4,0,962,278,108
0,_027,_1131,_271131,798,300,58,2,69,16,5,10,0,828,330,92
0,_027,_1132,_271132,652,154,26,2,36,7,6,1,0,632,163,77
0,_027,_1133,_271133,485,110,13,3,22,0,8,1,0,498,97,48
0,_027,_1134,_271134,432,64,18,1,23,4,2,2,0,420,82,39
0,_027,_1135,_271135,772,142,38,6,52,9,5,4,0,816,141,68
0,_027,_1136,_271136,449,223,20,4,14,2,1,4,0,487,186,47
0,_027,_1137,_271137,737,112,32,3,30,6,7,0,0,730,141,56
0,_027,_1138,_271138,438,62,15,1,10,0,3,1,0,411,56,56
0,_027,_1139,_271139,722,152,28,5,72,11,4,4,0,746,168,76
0,_027,_1140,_271140,1102,266,43,6,110,14,8,3,0,1117,283,120
0,_027,_1141,_271141,1176,275,57,8,154,13,13,3,0,1173,317,178
0,_027,_1142,_271142,1324,275,58,5,147,6,13,4,0,1404,262,167
0,_027,_1143,_271143,350,77,15,0,38,8,0,0,1,363,88,33
0,_027,_1144,_271144,170,63,11,5,19,3,3,1,0,188,64,25
0,_027,_1249,_271249,695,254,58,5,84,18,13,3,0,758,265,87
0,_027,_1250,_271250,476,194,30,0,41,9,10,1,0,510,181,64
0,_027,_1251,_271251,793,234,50,11,90,11,3,1,1,862,232,83
0,_027,_1252,_271252,882,334,79,1,85,17,3,2,1,936,360,99
0,_027,_1253,_271253,1012,287,64,11,95,17,4,4,0,1057,294,109
0,_027,_1254,_271254,847,340,64,3,88,23,10,3,0,913,354,92
0,_027,_1255,_271255,785,241,29,2,60,11,1,1,1,792,237,85
0,_027,_1256,_271256,635,248,36,4,57,13,10,1,0,687,256,56
0,_027,_1257,_271257,584,352,49,5,41,25,11,3,1,630,363,92
0,_027,_1258,_271258,894,177,58,2,63,22,7,2,0,876,212,100
0,_027,_1259,_271259,816,331,58,4,75,11,6,4,0,875,348,76
0,_027,_1260,_271260,609,310,48,3,70,11,7,2,2,676,301,85
0,_027,_1261,_271261,566,355,43,11,55,23,11,4,0,615,372,76
0,_027,_1262,_271262,858,395,52,8,91,14,11,6,0,945,398,82
0,_027,_1369,_271369,595,362,56,2,46,21,2,5,0,615,380,82
0,_027,_1370,_271370,643,250,57,1,67,10,6,2,2,701,263,66
0,_027,_1371,_271371,641,259,17,1,75,7,3,2,0,686,242,57
0,_027,_1372,_271372,660,291,51,6,59,12,7,1,0,718,306,76
0,_027,_1373,_271373,650,377,52,1,63,26,12,5,1,689,399,98
0,_027,_1374,_271374,1133,354,60,6,119,14,3,4,0,1212,367,96
0,_027,_1375,_271375,801,284,45,4,85,11,5,3,0,867,280,77
0,_027,_1376,_271376,650,424,81,6,86,25,8,4,0,772,446,66
0,_027,_1377,_271377,797,285,57,3,77,13,6,0,4,857,296,83
0,_027,_1378,_271378,945,348,58,7,74,28,7,4,0,993,348,111
0,_027,_1379,_271379,930,326,42,3,85,7,8,2,1,1008,306,94
0,_027,_1380,_271380,951,389,48,8,88,16,6,1,0,1041,378,71
0,_027,_1381,_271381,1127,362,63,7,74,10,9,3,0,1147,391,120
0,_027,_1382,_271382,847,252,63,5,115,7,13,3,0,943,257,77
0,_027,_9001,_279001,984,223,32,3,50,16,8,1,0,1004,236,87
0,_027,_9002,_279002,472,73,16,3,23,1,3,1,0,473,71,44
0,_027,_9003,_279003,1007,209,33,6,87,15,5,1,0,1010,221,130
0,_029,_3201,_293201,402,43,21,1,87,2,5,0,0,477,64,23
0,_029,_3202,_293202,388,66,13,3,39,1,2,0,0,378,82,51
0,_029,_3203,_293203,205,39,10,1,43,3,3,0,0,231,39,24
0,_029,_3204,_293204,223,29,5,4,37,2,0,0,0,244,38,20
0,_029,_3205,_293205,324,12,1,4,49,3,4,3,0,342,23,34
0,_029,_3206,_293206,38,1,1,0,14,1,1,0,0,48,2,9
0,_029,_3207,_293207,418,62,7,1,42,3,2,1,0,414,69,51
0,_029,_3208,_293208,238,19,6,0,60,0,3,0,0,283,33,18
0,_029,_3209,_293209,39,0,0,0,1,0,0,0,0,33,0,4
0,_031,_2701,_312701,242,119,14,3,12,8,2,1,0,266,106,31
0,_031,_2702,_312702,201,69,20,1,25,0,3,1,0,227,63,24
0,_031,_2703,_312703,360,104,29,0,70,2,3,3,0,424,93,46
0,_031,_2704,_312704,455,103,24,2,78,2,4,1,0,516,96,59
0,_031,_2705,_312705,372,76,19,1,60,4,2,1,0,418,81,36
0,_031,_2706,_312706,395,134,18,1,54,3,3,4,0,440,125,50
0,_031,_2707,_312707,253,29,3,2,19,2,0,0,0,256,27,33
0,_031,_2708,_312708,78,15,1,1,9,0,2,0,0,88,13,6
0,_031,_2709,_312709,36,1,0,0,10,0,2,0,0,34,0,12
0,_031,_2710,_312710,517,48,18,3,46,2,6,0,0,514,61,59
0,_031,_2711,_312711,76,6,2,0,15,0,0,1,0,81,4,12
0,_031,_2712,_312712,370,43,6,3,57,1,3,0,0,393,51,39
0,_031,_2713,_312713,61,8,1,0,14,2,0,0,0,77,6,4
0,_031,_2714,_312714,156,23,1,2,30,2,1,0,0,182,22,8
0,_031,_2715,_312715,197,11,4,2,37,1,6,0,0,214,17,25
0,_031,_2716,_312716,207,23,0,1,21,0,1,0,0,194,25,31
0,_031,_2717,_312717,315,25,3,1,37,1,1,0,0,318,27,35
0,_031,_2718,_312718,32,10,1,1,10,0,0,0,0,42,7,4
0,_031,_2719,_312719,218,32,2,0,26,1,2,0,0,243,22,19
0,_031,_2720,_312720,378,41,13,2,69,3,6,0,0,429,41,43
0,_031,_2721,_312721,487,69,8,0,64,1,4,1,0,496,65,67
0,_031,_2722,_312722,31,3,1,0,8,0,0,0,0,35,3,2
0,_031,_2723,_312723,351,41,7,2,63,2,1,4,0,367,46,58
0,_031,_2724,_312724,161,3,7,0,19,0,4,0,0,164,10,18
0,_033,_3501,_333501,71,19,3,3,11,0,2,0,0,87,12,6
0,_033,_3502,_333502,51,14,0,0,6,0,0,0,0,55,11,6
0,_033,_3503,_333503,81,11,1,1,6,1,2,0,0,83,9,11
0,_035,_7001,_357001,336,87,16,2,13,11,4,3,0,342,90,24
0,_035,_7002,_357002,337,89,9,1,5,6,2,0,0,334,86,20
0,_035,_7003,_357003,383,115,17,3,6,6,5,2,0,400,103,20
0,_035,_7004,_357004,277,42,5,0,10,4,1,0,0,276,45,9
0,_035,_7005,_357005,319,114,11,1,11,3,1,2,0,323,126,14
0,_035,_7006,_357006,76,4,0,0,1,0,0,0,0,76,3,2
0,_035,_7007,_357007,31,15,1,0,1,0,0,0,0,28,19,0
0,_035,_7008,_357008,146,21,4,0,4,2,0,0,0,130,23,12
0,_035,_7009,_357009,378,55,13,0,5,1,1,0,0,374,53,23
0,_035,_7010,_357010,17,4,0,0,0,0,0,0,0,17,3,1
0,_035,_7011,_357011,169,61,11,0,1,1,1,2,0,172,64,8
0,_035,_7012,_357012,240,44,6,1,9,0,1,1,0,239,46,17
0,_035,_7013,_357013,59,32,4,0,1,2,1,2,0,71,30,4
0,_035,_7014,_357014,84,21,0,0,5,2,1,0,0,83,20,4
0,_037,_8001,_378001,375,37,6,2,5,4,3,0,0,325,37,61
0,_037,_8002,_378002,234,28,5,0,10,1,5,3,0,208,28,46
0,_037,_8003,_378003,331,54,18,1,28,4,1,0,0,314,63,52
0,_037,_8004,_378004,84,25,10,0,2,0,0,0,0,84,18,8
0,_037,_8005,_378005,67,4,1,0,5,0,0,0,0,70,8,0
0,_037,_8006,_378006,109,20,4,0,5,0,0,0,0,101,19,12
0,_037,_8007,_378007,180,77,6,1,18,3,0,0,0,185,77,27
0,_037,_8008,_378008,56,99,5,1,4,8,0,0,0,76,96,5
0,_037,_8009,_378009,341,83,12,4,5,10,3,6,1,330,83,42
0,_039,_2301,_392301,24,10,4,0,1,1,0,0,0,25,13,2
0,_039,_2303,_392303,54,7,0,0,3,0,0,1,0,56,4,1
0,_039,_2304,_392304,509,153,19,0,35,4,9,0,0,511,160,60
0,_039,_2305,_392305,161,44,3,0,10,1,4,0,0,154,44,28
0,_039,_2306,_392306,129,43,6,0,4,1,1,0,0,126,50,9
0,_039,_2307,_392307,151,49,18,2,8,0,1,1,0,161,60,14
0,_039,_2308,_392308,384,102,30,7,18,1,2,0,0,392,106,37
0,_039,_2309,_392309,554,208,37,7,27,10,4,4,1,624,163,46
0,_039,_2310,_392310,455,155,18,1,40,16,5,4,0,468,157,49
0,_039,_2311,_392311,440,153,35,0,25,4,3,0,0,454,150,54
0,_039,_2312,_392312,553,130,33,5,56,3,8,3,0,602,128,49
0,_039,_2313,_392313,391,146,20,2,28,3,5,2,0,434,120,36
0,_039,_2314,_392314,427,146,19,0,30,6,3,0,0,465,122,44
0,_039,_2315,_392315,818,263,53,6,41,16,3,1,1,847,248,82
0,_039,_2316,_392316,590,183,33,3,40,11,0,5,1,588,201,67
0,_039,_2317,_392317,96,15,1,0,1,0,1,0,0,82,16,15
0,_039,_2318,_392318,80,7,3,0,9,0,1,0,0,70,10,17
0,_041,_3201,_413201,304,37,5,6,75,1,8,0,0,369,45,22
0,_041,_3202,_413202,330,37,13,3,63,5,9,0,0,387,40,36
0,_041,_3203,_413203,266,19,7,4,57,3,4,0,0,316,17,24
0,_041,_3204,_413204,247,49,3,2,50,4,7,1,0,292,49,21
0,_041,_3205,_413205,292,36,10,3,71,1,4,1,0,346,46,22
0,_041,_3206,_413206,100,6,2,1,24,0,2,0,0,114,11,6
0,_041,_3207,_413207,173,15,6,3,56,0,4,0,0,221,8,26
0,_041,_3208,_413208,251,10,7,0,86,1,17,0,0,333,17,24
0,_041,_3209,_413209,288,34,5,2,48,5,4,0,0,321,36,25
0,_041,_3210,_413210,358,37,11,1,84,2,23,0,0,428,39,43
0,_041,_3211,_413211,149,13,9,4,45,0,13,1,0,188,18,23
0,_041,_3212,_413212,110,8,4,0,33,1,0,0,0,134,11,11
0,_041,_3213,_413213,91,11,4,1,16,1,0,0,0,97,18,8
0,_041,_3214,_413214,222,14,5,0,26,1,2,0,0,232,21,19
0,_041,_3215,_413215,312,14,15,1,88,1,7,0,0,394,22,27
0,_041,_3216,_413216,247,19,10,2,52,1,7,1,0,306,20,16
0,_041,_3217,_413217,161,26,1,5,38,3,1,0,0,204,23,12
0,_043,_3501,_433501,301,83,8,3,28,3,0,0,0,321,74,31
0,_043,_3502,_433502,363,32,16,3,101,0,11,0,0,425,34,62
0,_043,_3503,_433503,308,41,12,0,40,0,2,1,0,329,41,38
0,_043,_3504,_433504,323,55,10,0,42,2,3,0,0,346,60,30
0,_043,_3505,_433505,233,53,5,3,22,0,0,0,0,249,43,21
0,_043,_3506,_433506,308,44,8,2,41,2,3,0,0,329,45,30
0,_043,_3507,_433507,352,83,17,4,104,2,1,3,2,436,85,47
0,_043,_3508,_433508,389,59,18,2,94,3,7,0,0,447,76,55
0,_043,_3509,_433509,238,66,8,4,45,0,0,1,0,281,52,19
0,_043,_3510,_433510,410,62,9,4,58,2,1,1,0,423,67,55
0,_043,_3511,_433511,449,22,12,2,82,0,4,1,0,464,62,57
0,_043,_3512,_433512,255,41,3,2,67,3,2,1,0,291,41,40
0,_043,_3513,_433513,161,10,1,1,27,3,2,0,0,180,12,13
0,_045,_8001,_458001,368,109,22,1,21,6,5,1,0,370,115,40
0,_045,_8002,_458002,351,103,28,1,24,3,4,1,0,371,115,33
0,_045,_8003,_458003,446,123,13,1,19,5,7,1,0,427,146,43
0,_045,_8004,_458004,397,111,21,5,21,3,2,3,0,400,113,50
0,_045,_8005,_458005,698,121,20,0,33,4,4,0,0,639,126,91
0,_045,_8006,_458006,587,116,26,5,29,6,0,0,1,559,138,68
0,_045,_8007,_458007,561,111,21,3,26,5,4,1,1,547,111,58
0,_045,_8008,_458008,615,83,27,3,44,6,1,4,0,606,92,76
0,_045,_8009,_458009,540,83,24,7,42,5,2,3,0,493,113,63
0,_045,_8010,_458010,435,75,15,0,38,5,2,2,0,434,67,56
0,_045,_8011,_458011,466,84,17,2,44,7,7,0,0,465,123,44
0,_045,_8012,_458012,428,89,4,1,13,0,3,1,0,385,94,58
0,_045,_8013,_458013,88,21,3,1,3,2,0,0,0,83,25,14
0,_047,_2602,_472602,638,227,28,9,47,10,8,2,0,680,230,73
0,_047,_2603,_472603,894,141,25,2,89,2,15,4,0,952,129,81
0,_047,_2604,_472604,579,205,17,5,43,2,3,7,0,611,199,49
0,_047,_2605,_472605,588,121,20,3,39,5,4,1,0,581,121,74
0,_047,_2606,_472606,217,57,11,0,17,5,0,0,0,232,61,13
0,_047,_2607,_472607,827,179,9,8,58,6,12,2,0,778,218,109
0,_049,_7001,_497001,81,8,4,0,0,0,0,0,0,69,10,8
0,_049,_7002,_497002,225,26,4,3,6,2,3,0,0,203,29,27
0,_049,_7003,_497003,277,58,11,0,6,0,4,0,0,276,55,21
0,_049,_7004,_497004,266,68,9,5,3,1,0,2,0,257,65,24
0,_049,_7005,_497005,120,14,3,0,5,0,1,2,0,107,21,14
0,_049,_7006,_497006,132,20,2,0,3,0,1,0,0,132,10,6
0,_049,_7007,_497007,196,26,10,1,4,3,4,0,0,210,19,8
0,_049,_7008,_497008,145,33,9,1,0,0,0,1,0,161,24,9
0,_049,_7009,_497009,156,36,3,1,8,0,0,0,0,146,38,18
0,_049,_7010,_497010,311,44,18,1,14,5,3,0,0,309,52,29
0,_049,_7011,_497011,270,59,20,3,5,4,7,1,1,279,69,19
0,_049,_7012,_497012,272,51,18,4,8,1,5,0,0,282,52,21
0,_049,_7013,_497013,374,86,11,2,10,1,1,1,2,381,80,40
0,_049,_7014,_497014,445,88,25,4,21,9,0,0,0,473,84,18
0,_049,_7015,_497015,168,26,1,4,4,8,1,0,0,144,35,26
0,_049,_7016,_497016,9,3,3,1,0,1,0,0,0,8,7,3
0,_049,_7017,_497017,625,153,23,2,11,5,9,1,1,592,167,68
0,_049,_7018,_497018,164,32,4,0,1,1,2,0,0,162,32,9
0,_049,_7019,_497019,755,138,23,9,18,7,4,1,2,698,146,90
0,_049,_7020,_497020,65,29,4,0,1,1,2,0,0,72,29,1
0,_049,_7021,_497021,259,42,14,1,9,0,4,1,0,253,52,19
0,_049,_7022,_497022,322,76,14,0,13,1,0,0,1,312,80,29
0,_049,_7023,_497023,85,5,4,0,2,0,0,3,0,83,9,9
0,_049,_7024,_497024,272,15,3,0,2,0,0,0,0,241,25,23
0,_049,_7025,_497025,236,27,7,2,1,0,2,0,0,229,32,6
0,_049,_7026,_497026,139,9,6,2,10,1,4,0,0,120,7,40
0,_049,_7027,_497027,72,24,1,1,0,1,0,1,0,73,18,9
0,_051,_3501,_513501,349,65,32,0,110,5,9,0,0,433,73,59
0,_051,_3502,_513502,247,49,8,1,57,2,5,1,0,291,51,25
0,_051,_3503,_513503,1458,112,67,14,325,11,19,1,4,1658,156,164
0,_051,_3504,_513504,587,81,18,3,166,6,10,0,0,669,102,102
0,_051,_3505,_513505,468,51,13,3,61,2,2,0,0,466,56,62
0,_051,_3506,_513506,725,63,19,1,102,4,9,3,0,742,95,88
0,_051,_3507,_513507,610,90,23,3,98,3,2,1,0,642,110,70
0,_051,_3508,_513508,508,40,15,0,68,2,6,2,0,528,50,62
0,_051,_3509,_513509,186,27,1,4,49,1,1,2,0,210,31,26
0,_051,_3510,_513510,200,16,4,2,41,9,4,0,0,212,22,36
0,_051,_3511,_513511,534,88,15,4,77,3,3,1,0,590,85,53
0,_051,_3512,_513512,180,19,1,4,7,0,2,3,0,138,17,40
0,_051,_3513,_513513,211,17,2,0,29,0,3,0,0,223,31,11
0,_051,_3514,_513514,423,72,6,1,52,1,5,0,0,410,86,60
0,_051,_3515,_513515,397,51,6,1,41,0,2,0,0,389,64,37
0,_051,_3516,_513516,493,41,9,6,62,0,5,2,0,500,47,70
0,_051,_3517,_513517,860,94,35,3,215,6,14,3,0,1019,120,102
0,_053,_2501,_532501,527,94,17,1,34,5,3,3,0,510,103,71
0,_053,_2502,_532502,313,69,13,2,28,0,5,1,0,318,74,39
0,_053,_2503,_532503,329,60,12,3,22,2,3,3,0,327,66,43
0,_053,_2504,_532504,947,194,28,2,64,5,12,0,0,947,178,115
0,_053,_2505,_532505,465,144,28,8,48,12,5,3,0,528,130,68
0,_053,_2506,_532506,574,246,45,4,91,6,3,1,0,680,223,77
0,_053,_2507,_532507,521,160,19,1,39,5,3,1,0,564,136,56
0,_053,_2508,_532508,247,102,16,1,13,10,3,1,0,278,98,22
0,_053,_2509,_532509,351,127,16,1,41,4,3,1,0,394,111,36
0,_053,_2510,_532510,370,133,24,4,39,3,6,2,0,385,134,47
0,_055,_2001,_552001,932,221,31,13,30,8,12,3,1,952,216,81
0,_055,_2002,_552002,1026,132,25,0,29,10,7,0,0,1016,135,71
0,_055,_2003,_552003,1064,221,28,5,27,10,19,1,1,1078,209,71
0,_055,_2004,_552004,656,234,18,1,8,11,1,0,0,658,217,39
0,_055,_2005,_552005,1058,310,48,4,45,17,5,1,2,1114,291,80
0,_055,_2006,_552006,1312,231,55,4,41,7,5,0,0,1321,226,92
0,_055,_2007,_552007,1109,326,62,6,32,18,11,3,0,1185,276,87
0,_055,_2012,_552012,513,115,18,0,9,3,4,1,1,486,131,41
0,_055,_2013,_552013,332,81,18,3,19,4,3,0,0,372,74,15
0,_055,_2014,_552014,706,187,37,3,24,3,3,1,0,722,185,50
0,_055,_2015,_552015,853,300,47,1,29,12,7,4,0,924,273,60
0,_055,_2016,_552016,894,288,38,1,42,12,4,1,0,1020,239,25
0,_055,_2017,_552017,555,209,41,3,20,5,3,3,1,602,195,37
0,_055,_2018,_552018,1066,253,43,4,38,23,12,1,0,1119,259,70
0,_055,_2019,_552019,659,268,33,4,26,12,1,4,3,746,238,32
0,_055,_2020,_552020,856,277,50,3,26,21,3,0,0,921,261,45
0,_055,_2021,_552021,531,204,34,1,13,11,3,1,0,564,212,30
0,_055,_2022,_552022,688,258,27,3,21,11,3,3,0,757,232,26
0,_055,_2041,_552041,723,217,31,8,25,3,3,1,1,781,172,50
0,_055,_2061,_552061,769,282,46,1,33,10,14,1,0,855,259,45
0,_055,_2067,_552067,262,103,8,5,5,4,0,1,0,267,101,15
0,_055,_2068,_552068,548,193,13,2,8,10,8,2,0,547,195,34
0,_055,_2070,_552070,405,115,20,2,11,5,3,0,0,396,123,37
0,_055,_3008,_553008,1339,322,49,6,45,11,4,3,0,1393,295,80
0,_055,_3009,_553009,1278,338,53,7,26,18,14,1,3,1334,297,66
0,_055,_3010,_553010,349,63,11,1,7,4,4,0,1,344,62,28
0,_055,_3011,_553011,661,180,42,6,14,8,15,0,0,704,172,49
0,_055,_3023,_553023,685,191,59,8,22,9,0,0,1,703,202,69
0,_055,_3024,_553024,503,186,35,3,17,2,4,1,0,535,173,38
0,_055,_3025,_553025,859,306,43,3,26,13,8,7,0,928,282,49
0,_055,_3026,_553026,434,169,40,5,12,11,4,1,0,482,160,38
0,_055,_3027,_553027,392,104,27,1,18,5,3,3,0,439,98,17
0,_055,_3028,_553028,1460,363,99,8,60,19,13,5,2,1559,364,76
0,_055,_3029,_553029,471,177,38,1,11,14,1,1,1,488,179,47
0,_055,_3030,_553030,747,223,54,1,22,8,10,0,0,778,217,62
0,_055,_3031,_553031,199,66,10,2,5,7,4,0,0,212,75,8
0,_055,_3032,_553032,593,250,41,5,22,14,4,7,0,639,242,45
0,_055,_3033,_553033,346,123,22,1,10,6,4,0,0,385,102,23
0,_055,_3034,_553034,737,216,48,1,27,10,7,1,0,782,217,34
0,_055,_3035,_553035,390,142,19,0,14,6,6,0,0,421,119,36
0,_055,_3036,_553036,385,95,20,4,13,10,0,0,0,426,90,12
0,_055,_3063,_553063,773,146,24,4,25,6,4,1,0,817,146,36
0,_055,_3064,_553064,410,79,17,1,5,9,3,0,0,425,74,17
0,_055,_3065,_553065,502,160,26,2,10,1,8,0,0,549,122,30
0,_055,_3066,_553066,530,181,30,4,27,10,3,0,0,581,173,34
0,_055,_3069,_553069,442,242,26,0,9,9,0,0,0,484,206,30
0,_055,_4037,_554037,894,260,49,5,36,3,10,2,1,968,227,52
0,_055,_4038,_554038,710,361,35,5,62,11,5,1,0,775,350,45
0,_055,_4039,_554039,1207,437,87,3,63,19,11,1,0,1343,407,70
0,_055,_4040,_554040,808,368,61,3,39,17,1,0,3,887,325,67
0,_055,_4042,_554042,598,335,24,3,39,17,6,3,0,673,310,36
0,_055,_4043,_554043,654,263,23,1,10,13,9,1,0,723,235,25
0,_055,_4044,_554044,648,398,47,0,24,14,4,0,0,723,367,44
0,_055,_4045,_554045,630,326,49,3,28,10,9,0,1,711,291,41
0,_055,_4046,_554046,708,293,51,3,34,6,1,0,0,781,282,44
0,_055,_4047,_554047,877,370,49,3,22,10,10,1,0,945,334,45
0,_055,_4048,_554048,363,174,33,2,6,15,4,0,0,385,173,41
0,_055,_4049,_554049,479,219,41,1,10,13,3,3,1,498,216,35
0,_055,_4050,_554050,355,193,12,0,24,10,9,0,0,410,170,13
0,_055,_4051,_554051,488,281,45,2,10,11,1,1,0,504,263,58
0,_055,_4052,_554052,409,189,33,1,21,10,3,0,0,441,204,36
0,_055,_4053,_554053,461,289,53,2,17,18,11,0,0,469,319,47
0,_055,_4054,_554054,296,323,53,4,11,12,3,1,0,361,331,23
0,_055,_4055,_554055,252,261,33,8,5,28,1,0,0,297,249,36
0,_055,_4056,_554056,230,270,43,1,10,12,3,3,0,294,272,19
0,_055,_4057,_554057,369,275,41,1,18,12,4,0,0,417,274,29
0,_055,_4058,_554058,301,405,51,4,28,19,0,1,0,400,383,22
0,_055,_4059,_554059,223,232,24,1,7,17,2,1,0,251,218,22
0,_055,_4060,_554060,204,230,33,1,11,4,1,4,0,230,235,18
0,_055,_4062,_554062,283,165,30,2,14,3,4,0,0,339,144,20
0,_057,_5001,_575001,126,134,28,0,14,5,0,0,0,183,115,8
0,_057,_5002,_575002,266,503,80,0,33,30,17,2,3,403,506,32
0,_057,_5003,_575003,281,293,53,3,37,19,31,1,1,416,301,22
0,_057,_5004,_575004,230,266,29,3,41,14,21,0,1,358,263,17
0,_057,_5005,_575005,212,304,36,4,42,12,13,1,0,333,277,24
0,_057,_5006,_575006,146,399,53,1,29,30,15,1,3,259,426,19
0,_057,_5007,_575007,253,253,50,1,36,26,4,1,0,324,272,32
0,_057,_5008,_575008,285,746,108,1,19,31,5,7,0,439,657,36
0,_057,_5009,_575009,188,369,28,0,38,18,15,0,1,321,328,15
0,_057,_5010,_575010,195,348,44,8,45,19,16,3,0,323,354,24
0,_057,_5011,_575011,126,353,39,4,31,18,33,1,0,237,376,11
0,_057,_5012,_575012,273,275,58,4,40,18,18,4,1,388,290,27
0,_057,_5013,_575013,103,275,31,5,30,9,2,1,0,183,266,11
0,_057,_5014,_575014,124,399,51,4,36,26,25,3,3,239,431,21
0,_057,_5015,_575015,126,345,45,1,37,17,15,1,1,207,362,21
0,_057,_5016,_575016,207,493,92,3,41,33,24,3,0,344,489,41
0,_057,_5017,_575017,240,314,34,8,27,9,15,0,0,347,279,20
0,_057,_5018,_575018,168,457,73,3,17,40,4,3,0,243,485,30
0,_057,_5019,_575019,535,168,34,8,9,5,1,3,0,552,178,38
0,_057,_5020,_575020,31,3,1,0,0,0,0,0,0,30,6,1
0,_057,_5021,_575021,477,222,35,4,21,28,2,1,0,548,215,27
0,_057,_5022,_575022,176,27,5,0,1,3,0,1,0,162,34,19
0,_057,_5023,_575023,237,102,19,1,4,4,2,3,0,247,98,27
0,_057,_5024,_575024,207,95,13,0,6,3,6,0,0,228,101,7
0,_057,_5025,_575025,72,6,1,0,4,1,0,1,0,71,11,3
0,_057,_5026,_575026,166,63,9,0,9,5,4,1,0,184,66,11
0,_057,_5027,_575027,497,193,20,1,6,13,8,3,0,533,199,25
0,_057,_5028,_575028,315,92,23,1,5,3,2,0,0,343,91,7
0,_057,_5029,_575029,588,409,70,1,27,19,14,4,0,726,375,40
0,_057,_5030,_575030,185,92,21,0,6,4,1,0,3,214,94,16
0,_057,_5031,_575031,163,48,7,1,4,0,5,0,0,173,46,6
0,_057,_5032,_575032,67,47,7,3,1,1,2,0,0,68,59,7
0,_059,_8001,_598001,179,17,3,0,6,1,0,0,0,171,25,16
0,_059,_8002,_598002,184,59,8,0,3,3,0,0,0,178,47,21
0,_059,_8003,_598003,45,17,3,0,4,0,0,0,0,51,14,1
0,_059,_8004,_598004,218,27,3,2,6,0,2,0,0,211,26,17
0,_059,_8005,_598005,838,251,46,2,44,8,7,3,0,855,260,74
0,_059,_8006,_598006,716,201,42,5,36,13,5,3,0,698,198,101
0,_059,_8007,_598007,626,125,24,7,33,6,3,3,0,654,104,56
0,_059,_8008,_598008,67,13,6,0,4,0,0,0,0,59,19,13
0,_059,_8009,_598009,138,23,3,0,3,0,2,0,0,136,30,10
0,_061,_6001,_616001,227,82,14,3,9,4,8,0,0,268,65,19
0,_061,_6002,_616002,352,57,14,2,1,3,1,1,0,334,69,26
0,_061,_6003,_616003,113,23,3,0,0,3,2,0,0,109,24,15
0,_061,_6004,_616004,253,49,10,0,3,1,6,0,0,258,51,18
0,_061,_6005,_616005,211,43,10,1,1,2,0,1,0,209,37,20
0,_061,_6006,_616006,22,7,6,0,0,0,0,0,0,26,6,3
0,_061,_6007,_616007,20,7,4,0,3,0,1,0,0,30,4,1
0,_061,_6008,_616008,4,2,1,0,0,0,0,0,0,5,1,0
0,_063,_2601,_632601,405,209,22,2,40,6,6,1,0,466,183,46
0,_063,_2603,_632603,230,77,9,0,16,4,2,0,0,248,68,25
0,_063,_2604,_632604,314,50,13,3,19,8,8,4,0,308,68,30
0,_063,_2605,_632605,200,24,10,1,24,0,2,1,0,209,35,16
0,_063,_2606,_632606,35,0,0,0,3,0,0,0,0,32,0,6
0,_065,_3401,_653401,252,12,8,2,57,3,1,0,0,281,28,31
0,_065,_3402,_653402,663,47,13,4,187,5,16,0,0,763,77,106
0,_065,_3403,_653403,682,52,36,5,236,3,7,0,0,854,81,82
0,_065,_3404,_653404,327,22,10,0,83,0,5,0,0,385,34,31
0,_065,_3405,_653405,530,79,30,2,285,5,8,2,0,791,81,60
0,_065,_3406,_653406,601,54,19,2,256,0,9,0,0,799,88,57
0,_065,_3407,_653407,668,76,33,2,305,6,15,3,0,905,100,96
0,_065,_3408,_653408,568,85,67,4,391,5,13,5,1,921,112,81
0,_065,_3409,_653409,448,96,40,1,354,5,9,2,0,755,119,73
0,_065,_3410,_653410,238,34,34,1,214,1,11,1,0,422,53,45
0,_065,_3411,_653411,405,111,54,0,320,2,4,1,0,685,100,55
0,_065,_3412,_653412,377,94,70,2,364,5,3,0,0,694,103,63
0,_065,_3413,_653413,611,83,55,2,306,10,10,0,0,902,82,56
0,_065,_3414,_653414,392,100,39,2,284,4,3,0,0,648,101,45
0,_065,_3415,_653415,585,61,51,5,368,4,11,1,0,898,80,67
0,_065,_3416,_653416,446,102,19,4,304,5,2,0,0,718,104,52
0,_065,_3417,_653417,198,10,5,0,42,0,1,0,0,219,16,24
0,_065,_3418,_653418,467,45,23,4,203,5,8,1,0,630,68,52
0,_065,_3419,_653419,483,38,6,1,110,1,0,0,0,556,46,41
0,_067,_2701,_672701,409,86,18,1,35,4,9,2,0,443,75,38
0,_067,_2702,_672702,622,108,19,1,65,4,5,2,1,627,119,63
0,_067,_2703,_672703,541,167,17,2,47,9,3,5,0,559,140,66
0,_067,_2704,_672704,547,112,22,1,42,0,2,5,0,550,104,66
0,_067,_2705,_672705,524,135,21,3,37,6,5,1,0,547,123,52
0,_067,_2706,_672706,454,54,10,3,34,0,6,2,0,437,63,59
0,_067,_2707,_672707,424,135,16,6,55,3,3,2,0,481,114,39
0,_067,_2708,_672708,459,96,26,4,54,5,7,2,0,451,116,83
0,_067,_2709,_672709,279,129,30,2,32,5,3,4,0,325,112,43
0,_067,_2710,_672710,399,102,17,0,31,5,4,7,0,399,105,56
0,_067,_2711,_672711,229,43,11,3,31,0,0,0,0,248,37,26
0,_069,_6001,_696001,232,178,26,0,7,13,4,2,0,266,173,27
0,_069,_6002,_696002,333,150,25,7,9,12,1,0,0,366,153,33
0,_069,_6003,_696003,350,263,58,3,28,14,3,2,0,451,248,24
0,_069,_6004,_696004,311,213,40,4,11,9,5,0,0,371,195,30
0,_069,_6005,_696005,303,131,44,2,5,10,1,0,0,339,143,22
0,_069,_6006,_696006,406,244,34,4,15,8,4,3,0,446,253,30
0,_069,_6007,_696007,319,175,31,0,16,9,4,2,1,384,171,9
0,_069,_6008,_696008,526,280,39,4,18,5,4,3,0,643,233,10
0,_069,_6009,_696009,524,204,48,1,16,4,4,2,1,592,196,24
0,_069,_6010,_696010,278,119,29,0,7,5,1,0,0,304,123,16
0,_069,_6011,_696011,308,197,34,4,15,7,5,2,0,380,180,22
0,_069,_6012,_696012,199,81,18,1,13,3,3,3,0,216,87,15
0,_069,_6013,_696013,349,133,27,0,9,1,7,1,0,398,130,9
0,_069,_6014,_696014,387,150,32,4,14,3,0,6,0,448,143,19
0,_069,_6015,_696015,340,121,9,4,9,3,8,3,0,371,113,12
0,_069,_6016,_696016,350,163,30,1,13,1,1,4,0,403,136,16
0,_069,_6017,_696017,519,188,48,8,22,6,4,1,0,597,186,21
0,_069,_6018,_696018,386,123,27,3,5,6,5,1,0,427,110,18
0,_069,_6019,_696019,505,171,32,4,11,10,12,0,0,572,170,19
0,_069,_6020,_696020,507,164,39,0,12,3,15,0,1,561,163,21
0,_069,_6021,_696021,621,190,40,6,16,6,3,1,0,682,178,22
0,_069,_6022,_696022,486,168,42,7,24,10,5,0,0,559,168,27
0,_069,_6023,_696023,90,19,10,0,1,0,0,0,0,102,18,2
0,_069,_6024,_696024,415,105,26,0,17,3,4,4,0,476,86,15
0,_069,_6025,_696025,378,86,23,4,7,6,7,0,2,406,96,12
0,_069,_6026,_696026,204,484,23,1,9,27,1,0,0,297,433,25
0,_069,_6027,_696027,194,35,12,0,1,3,3,0,0,204,45,8
0,_069,_6028,_696028,253,67,7,1,5,10,0,1,0,262,75,15
0,_069,_6029,_696029,151,62,4,0,5,0,3,0,0,159,62,9
0,_069,_6030,_696030,121,33,6,0,1,1,1,0,0,133,27,7
0,_069,_6031,_696031,232,76,8,1,8,5,0,0,0,233,82,15
0,_069,_6032,_696032,122,55,8,0,3,0,1,0,1,140,45,6
0,_071,_3201,_713201,469,50,3,5,63,0,7,0,0,506,56,25
0,_071,_3202,_713202,304,48,11,3,63,2,2,1,0,358,48,28
0,_071,_3203,_713203,363,58,9,4,66,0,11,0,0,406,67,42
0,_071,_3204,_713204,293,18,12,4,46,0,2,0,0,319,24,25
0,_071,_3205,_713205,63,7,1,1,14,1,1,0,0,78,8,3
0,_071,_3206,_713206,39,3,1,1,19,0,0,0,0,52,3,10
0,_073,_2301,_732301,438,130,15,4,10,4,1,3,0,417,124,47
0,_073,_2302,_732302,605,121,17,2,27,5,5,0,0,584,125,62
0,_073,_2303,_732303,403,74,12,3,17,3,3,1,0,397,72,47
0,_073,_2304,_732304,449,102,27,0,15,4,4,2,0,454,99,44
0,_073,_2305,_732305,72,0,0,0,1,0,0,0,0,62,0,4
0,_073,_2306,_732306,311,44,8,0,8,7,0,0,1,262,52,53
0,_073,_2307,_732307,152,18,3,0,6,0,2,0,0,133,18,18
0,_073,_2308,_732308,90,7,0,0,0,0,0,0,0,75,7,12
0,_073,_2309,_732309,306,30,15,0,10,1,5,0,0,298,22,33
0,_073,_2310,_732310,196,38,7,0,9,2,1,2,0,196,35,12
0,_073,_2311,_732311,12,27,2,0,0,0,0,0,0,14,27,2
0,_073,_2312,_732312,18,0,2,0,5,0,1,0,0,17,0,10
0,_075,_9001,_759001,538,166,29,2,21,6,5,0,0,541,162,49
0,_075,_9002,_759002,1152,287,46,1,41,12,10,1,0,1148,303,99
0,_075,_9003,_759003,474,135,21,1,17,11,7,3,0,465,157,38
0,_075,_9004,_759004,324,71,12,3,14,4,3,0,0,326,74,25
0,_075,_9005,_759005,1038,287,36,7,52,10,4,6,0,1076,260,76
0,_075,_9006,_759006,792,189,31,3,34,4,3,3,0,801,175,77
0,_075,_9007,_759007,207,23,6,0,12,0,3,0,0,215,25,18
0,_075,_9008,_759008,1053,211,36,4,63,7,4,4,0,1016,240,122
0,_075,_9009,_759009,785,119,27,7,47,5,3,0,0,757,130,88
0,_075,_9010,_759010,126,19,3,1,13,0,0,0,0,135,23,8
0,_077,_2801,_772801,318,167,25,3,45,5,4,1,0,380,169,33
0,_077,_2802,_772802,406,211,31,2,44,5,2,7,0,483,187,43
0,_077,_2803,_772803,494,204,24,4,67,8,7,2,0,576,198,40
0,_077,_2804,_772804,177,22,7,1,54,1,5,0,0,211,30,29
0,_077,_2805,_772805,92,9,0,0,7,0,0,0,0,97,9,3
0,_077,_2806,_772806,179,86,5,2,16,7,1,1,0,195,93,14
0,_079,_7001,_797001,88,26,0,0,1,0,1,0,0,87,23,1
0,_079,_7002,_797002,170,116,17,0,7,6,3,1,0,168,134,14
0,_079,_7003,_797003,265,176,32,2,6,7,2,0,0,289,179,23
0,_079,_7004,_797004,177,80,9,0,4,7,2,0,0,196,84,5
0,_079,_7005,_797005,507,221,31,7,13,10,8,1,0,523,244,40
0,_079,_7006,_797006,634,310,66,6,19,13,7,4,0,699,326,43
0,_079,_7007,_797007,42,28,4,0,0,1,1,2,0,46,31,4
0,_079,_7008,_797008,200,58,10,0,5,2,6,0,0,207,68,10
0,_079,_7009,_797009,595,204,23,4,21,6,10,1,0,627,206,22
0,_079,_7010,_797010,463,139,24,1,8,2,4,3,0,480,152,20
0,_079,_7011,_797011,85,11,0,1,2,0,0,0,0,82,11,7
0,_079,_7012,_797012,47,5,3,1,1,0,0,0,0,37,10,12
0,_079,_7013,_797013,24,10,0,0,0,0,1,0,0,22,9,4
0,_081,_3201,_813201,589,322,38,0,83,9,6,2,0,672,295,66
0,_081,_3202,_813202,287,190,14,0,56,18,0,0,0,352,204,20
0,_081,_3203,_813203,127,180,19,0,6,0,2,0,0,162,156,8
0,_081,_3204,_813204,221,378,46,2,53,25,0,3,0,307,438,21
0,_081,_3205,_813205,248,268,15,2,37,13,4,1,0,305,272,19
0,_081,_3206,_813206,347,438,26,1,56,27,9,0,1,440,451,21
0,_081,_3207,_813207,348,383,26,0,36,7,6,1,0,421,340,15
0,_083,_2301,_832301,427,82,10,3,29,0,6,2,0,381,100,66
0,_083,_2302,_832302,585,90,23,6,27,11,2,1,0,560,116,69
0,_083,_2303,_832303,376,73,12,3,9,0,6,2,0,333,76,63
0,_083,_2304,_832304,299,53,10,0,26,8,3,1,0,276,86,40
0,_083,_2305,_832305,216,41,6,2,15,1,1,0,0,204,43,22
0,_083,_2401,_832401,427,207,45,4,25,23,5,9,0,459,221,82
0,_083,_2402,_832402,411,181,42,3,39,10,7,3,0,411,211,70
0,_083,_2403,_832403,458,281,33,3,42,13,7,0,0,487,296,70
0,_083,_2404,_832404,444,222,32,3,67,16,0,0,0,504,232,48
0,_083,_2405,_832405,506,166,13,4,72,10,3,3,0,536,179,59
0,_083,_2406,_832406,464,155,24,0,47,0,1,1,0,502,130,53
0,_083,_2407,_832407,431,214,32,7,35,10,1,3,0,466,198,65
0,_083,_2408,_832408,456,164,15,0,45,10,10,0,0,491,166,43
0,_083,_2409,_832409,543,235,40,4,49,12,5,0,0,598,207,73
0,_083,_2410,_832410,355,157,15,2,47,7,0,0,0,374,155,54
0,_083,_2411,_832411,494,158,41,0,81,3,0,0,0,502,205,68
0,_083,_2412,_832412,550,162,33,3,42,23,4,1,0,578,200,34
0,_083,_2413,_832413,616,205,30,4,50,6,7,3,0,627,193,77
0,_083,_2414,_832414,588,201,40,4,56,10,5,3,0,649,188,49
0,_083,_2415,_832415,307,90,15,6,17,7,1,0,0,295,100,45
0,_083,_2416,_832416,342,132,13,7,29,12,1,1,0,346,145,42
0,_083,_2417,_832417,388,166,48,2,53,13,0,0,0,444,177,49
0,_083,_2418,_832418,459,170,28,2,61,12,5,1,1,504,179,59
0,_083,_2419,_832419,473,168,25,2,93,6,0,1,0,553,170,46
0,_083,_2420,_832420,746,289,52,1,143,4,3,7,0,844,316,66
0,_083,_2421,_832421,338,170,22,0,46,6,3,0,0,400,138,36
0,_083,_2422,_832422,294,145,18,3,52,7,1,4,0,346,146,31
0,_083,_2423,_832423,448,158,18,1,70,4,0,1,0,507,116,51
0,_083,_2501,_832501,245,61,12,0,32,4,2,0,0,256,58,30
0,_083,_2503,_832503,405,123,12,3,27,2,3,1,0,412,135,38
0,_083,_2504,_832504,383,120,28,4,32,6,2,2,0,375,145,56
0,_083,_2505,_832505,382,185,22,4,28,4,0,8,0,413,183,41
0,_083,_2506,_832506,560,127,30,4,36,5,1,3,0,552,145,81
0,_083,_2507,_832507,481,94,28,3,40,13,1,3,0,505,101,53
0,_083,_2508,_832508,539,106,34,0,54,1,6,6,0,558,110,72
0,_083,_2509,_832509,590,156,21,1,18,2,11,3,0,552,138,92
0,_083,_2510,_832510,405,65,7,5,25,4,4,1,0,375,73,64
0,_083,_2511,_832511,525,89,38,3,72,7,4,5,0,560,129,54
0,_083,_2512,_832512,523,108,13,3,98,0,8,1,0,579,107,56
0,_083,_2513,_832513,718,109,25,3,83,14,6,3,0,752,142,68
0,_083,_2514,_832514,525,102,22,1,57,6,1,0,0,521,117,70
0,_083,_2524,_832524,369,99,17,1,34,2,6,0,0,405,99,34
0,_083,_2525,_832525,355,77,11,4,31,6,0,0,0,323,108,53
0,_083,_2526,_832526,382,77,21,2,31,6,0,0,0,386,80,60
0,_085,_8001,_858001,641,815,91,2,51,18,4,3,0,793,783,34
0,_085,_8002,_858002,905,492,70,4,62,10,10,6,0,964,494,98
0,_085,_8003,_858003,315,78,13,2,12,3,1,0,0,329,77,18
0,_085,_8004,_858004,411,374,35,1,22,12,7,1,0,488,337,29
0,_085,_8005,_858005,236,33,3,1,12,4,1,2,0,233,45,18
0,_085,_8006,_858006,46,14,0,0,1,2,0,0,0,46,12,6
0,_085,_8007,_858007,36,17,9,0,7,4,0,0,0,44,23,7
0,_085,_8008,_858008,316,90,9,3,27,0,3,2,0,305,112,30
0,_087,_9001,_879001,405,67,11,2,14,2,1,1,0,380,76,46
0,_087,_9002,_879002,267,103,15,0,13,4,3,2,0,269,104,28
0,_087,_9003,_879003,188,69,9,2,9,5,2,0,0,177,79,24
0,_087,_9004,_879004,276,115,23,2,22,3,3,2,0,321,115,13
0,_087,_9005,_879005,227,69,15,2,12,3,2,1,1,207,90,31
0,_087,_9006,_879006,207,55,13,2,14,1,2,1,0,220,50,22
0,_087,_9007,_879007,403,31,3,3,4,0,2,0,0,349,35,43
0,_087,_9008,_879008,398,68,8,0,29,2,2,0,0,397,74,26
0,_087,_9009,_879009,288,110,18,1,14,4,2,1,0,270,112,42
0,_087,_9010,_879010,359,48,15,4,24,1,2,1,0,357,65,24
0,_087,_9011,_879011,265,41,8,4,20,1,4,0,0,271,42,32
