IS_AUDITED,COUNTY_NAME,PRECINCT_NAME,PRECINCT_CODE,USA_AK_20161108_GEN_PRE_REP_TRUMP,USA_AK_20161108_GEN_PRE_DEM_CLINTON,USA_AK_20161108_GEN_PRE_LIB_JOHNSON,USA_AK_20161108_GEN_PRE_GRE_STEIN,USA_AK_20161108_GEN_PRE_CON_CASTLE,USA_AK_20161108_GEN_PRE_IND_FUENTE,USA_AK_20161108_GEN_PRE_OTH_WRITEIN,USA_AK_20161108_GEN_USS_REP_MURKOWSKI,USA_AK_20161108_GEN_USS_DEM_METCALFE,USA_AK_20161108_GEN_USS_LIB_MILLER,USA_AK_20161108_GEN_USS_IND_CRAIG,USA_AK_20161108_GEN_USS_IND_GIANOUTSOS,USA_AK_20161108_GEN_USS_IND_STOCK,USA_AK_20161108_GEN_USS_OTH_WRITEIN,USA_AK_20161108_GEN_HAL_REP_YOUNG,USA_AK_20161108_GEN_HAL_DEM_LINDBECK,USA_AK_20161108_GEN_HAL_LIB_MCDERMOTT,USA_AK_20161108_GEN_HAL_IND_SOUPHANAVONG,USA_AK_20161108_GEN_HAL_OTH_WRITEIN
0,_01-446,_01-446 AURORA,_01-446 AURORA,662,508,106,32,9,8,41,627,125,377,7,11,166,7,582,528,164,32,7
0,_01-455,_01-455 FAIRBANKS NO. 1,_01-455 FAIRBANKS NO. 1,165,108,13,5,4,2,13,127,35,105,3,2,28,3,157,98,36,8,0
0,_01-465,_01-465 FAIRBANKS NO. 2,_01-465 FAIRBANKS NO. 2,245,213,33,16,11,2,12,203,84,160,3,4,52,4,220,198,80,11,0
0,_01-470,_01-470 FAIRBANKS NO. 3,_01-470 FAIRBANKS NO. 3,358,389,54,18,9,3,27,374,111,212,6,4,127,4,385,335,78,24,4
0,_01-475,_01-475 FAIRBANKS NO. 4,_01-475 FAIRBANKS NO. 4,220,147,25,10,6,2,19,203,49,101,6,1,54,0,194,162,41,15,1
0,_01-480,_01-480 FAIRBANKS NO. 5,_01-480 FAIRBANKS NO. 5,613,447,88,21,15,3,47,622,117,336,5,4,115,3,585,437,129,25,5
0,_01-485,_01-485 FAIRBANKS NO. 6,_01-485 FAIRBANKS NO. 6,321,241,44,14,5,5,23,293,105,161,4,1,56,4,311,214,69,22,3
0,_01-490,_01-490 FAIRBANKS NO. 7,_01-490 FAIRBANKS NO. 7,360,390,39,16,9,3,21,319,146,245,9,6,80,1,326,319,116,37,1
0,_01-495,_01-495 FAIRBANKS NO. 10,_01-495 FAIRBANKS NO. 10,237,135,14,11,5,0,22,183,33,133,4,3,44,0,230,118,25,14,4
0,_02-345,_02-345 BADGER NO. 2,_02-345 BADGER NO. 2,1094,360,108,12,25,8,32,726,116,607,19,13,70,6,859,386,228,44,11
0,_02-355,_02-355 FAIRBANKS NO. 8,_02-355 FAIRBANKS NO. 8,498,394,62,37,6,5,38,433,140,254,11,7,118,5,416,388,104,36,8
0,_02-365,_02-365 FAIRBANKS NO. 9,_02-365 FAIRBANKS NO. 9,881,484,86,26,16,7,78,720,171,461,16,12,102,3,786,470,173,35,5
0,_02-375,_02-375 FORT WAINWRIGHT,_02-375 FORT WAINWRIGHT,716,351,115,19,11,0,28,490,192,230,16,17,50,5,570,269,136,23,5
0,_03-130,_03-130 BADGER NO. 1,_03-130 BADGER NO. 1,1202,361,99,30,18,4,51,795,124,664,17,10,112,6,1032,409,214,43,7
0,_03-135,_03-135 CHENA LAKES,_03-135 CHENA LAKES,1134,222,99,15,23,9,48,730,62,645,14,12,48,3,952,279,216,47,7
0,_03-165,_03-165 NEWBY,_03-165 NEWBY,1350,282,136,22,20,5,55,806,98,796,26,7,92,3,1142,346,238,71,8
0,_03-175,_03-175 NORTH POLE,_03-175 NORTH POLE,568,169,77,11,13,3,26,379,69,320,13,9,53,6,447,219,144,29,4
0,_03-183,_03-183 PLACK,_03-183 PLACK,1150,209,107,20,35,2,41,651,72,699,11,13,84,6,958,294,203,51,9
0,_04-230,_04-230 ESTER,_04-230 ESTER,209,400,33,23,11,0,35,244,122,129,4,7,192,2,205,390,74,19,4
0,_04-240,_04-240 FARMERS LOOP,_04-240 FARMERS LOOP,671,980,80,47,8,5,52,786,249,345,6,5,421,7,622,994,148,29,9
0,_04-250,_04-250 GOLDSTREAM NO. 1,_04-250 GOLDSTREAM NO. 1,271,440,43,24,5,2,26,258,125,180,6,6,228,3,240,469,74,17,5
0,_04-260,_04-260 GOLDSTREAM NO. 2,_04-260 GOLDSTREAM NO. 2,271,635,87,53,10,7,27,368,221,187,7,1,286,4,296,643,94,33,4
0,_04-265,_04-265 STEESE EAST/GILMORE,_04-265 STEESE EAST/GILMORE,1245,636,163,28,33,4,83,989,170,757,12,12,226,3,1147,675,259,55,11
0,_04-270,_04-270 STEESE WEST,_04-270 STEESE WEST,1333,815,150,43,24,5,106,1171,194,774,10,9,288,7,1199,892,253,64,7
0,_04-280,_04-280 UNIVERSITY HILLS,_04-280 UNIVERSITY HILLS,71,264,29,20,6,3,15,109,67,72,2,4,138,3,79,260,44,12,4
0,_05-580,_05-580 AIRPORT,_05-580 AIRPORT,147,47,18,5,5,0,6,84,19,90,0,0,25,0,125,53,29,6,4
0,_05-582,_05-582 CHENA,_05-582 CHENA,1413,1402,186,89,14,3,109,1449,363,763,18,11,553,12,1344,1423,300,66,12
0,_05-586,_05-586 GEIST,_05-586 GEIST,463,518,88,22,16,6,37,529,149,245,10,8,192,2,477,504,114,29,3
0,_05-587,_05-587 LAKEVIEW,_05-587 LAKEVIEW,143,43,11,4,4,0,8,98,15,81,0,4,7,0,117,51,27,8,0
0,_05-588,_05-588 PIKE,_05-588 PIKE,201,118,29,5,3,3,11,171,39,110,4,7,25,4,176,113,61,9,0
0,_05-590,_05-590 RICHARDSON,_05-590 RICHARDSON,209,52,12,5,2,0,8,111,18,127,5,0,14,3,149,71,49,10,0
0,_05-592,_05-592 SHANLY,_05-592 SHANLY,297,218,47,14,7,3,17,238,96,184,4,6,63,2,229,261,65,22,3
0,_05-594,_05-594 UNIVERSITY CAMPUS,_05-594 UNIVERSITY CAMPUS,60,137,16,13,0,0,7,63,68,51,0,0,47,0,43,117,50,15,0
0,_05-596,_05-596 UNIVERSITY WEST,_05-596 UNIVERSITY WEST,751,659,105,22,20,5,52,745,203,429,12,5,192,2,751,635,161,27,2
0,_06-005,_06-005 ANDERSON,_06-005 ANDERSON,69,20,5,0,0,3,6,34,10,41,2,2,11,0,50,26,11,9,0
0,_06-007,_06-007 ARCTIC VILLAGE,_06-007 ARCTIC VILLAGE,3,67,4,3,4,0,0,24,19,18,2,0,14,0,15,48,6,5,0
0,_06-010,_06-010 BEAVER,_06-010 BEAVER,7,30,4,0,3,0,0,19,4,10,0,0,7,0,17,15,5,3,0
0,_06-012,_06-012 CANTWELL,_06-012 CANTWELL,81,51,6,8,2,2,4,63,10,38,2,0,33,0,70,51,17,8,0
0,_06-015,_06-015 CENTRAL,_06-015 CENTRAL,58,19,4,0,0,0,4,44,6,17,4,0,8,2,51,15,7,5,3
0,_06-020,_06-020 CHISTOCHINA,_06-020 CHISTOCHINA,102,20,3,6,0,0,4,50,5,58,1,2,12,0,76,27,19,5,0
0,_06-023,_06-023 CIRCLE,_06-023 CIRCLE,13,34,0,0,0,0,0,15,6,18,0,0,7,0,22,17,4,0,0
0,_06-024,_06-024 CLEAR,_06-024 CLEAR,84,38,8,0,0,0,0,51,21,37,0,0,15,0,65,38,17,3,0
0,_06-025,_06-025 COPPER CENTER,_06-025 COPPER CENTER,359,128,32,6,10,0,16,226,60,167,0,3,71,0,326,132,56,10,0
0,_06-026,_06-026 DENALI PARK,_06-026 DENALI PARK,23,173,5,5,2,0,0,45,47,16,0,0,87,0,22,159,14,4,0
0,_06-027,_06-027 DOT LAKE,_06-027 DOT LAKE,58,12,5,0,0,0,0,32,0,32,2,0,4,0,54,5,9,3,0
0,_06-030,_06-030 EAGLE,_06-030 EAGLE,82,47,3,3,3,0,5,48,16,54,2,2,13,0,80,44,8,4,0
0,_06-033,_06-033 FORT YUKON,_06-033 FORT YUKON,58,203,5,5,0,3,0,129,25,54,0,0,53,0,167,83,8,2,0
0,_06-035,_06-035 GAKONA,_06-035 GAKONA,100,39,10,0,3,2,11,76,11,58,0,0,14,0,98,37,16,0,3
0,_06-040,_06-040 HEALY,_06-040 HEALY,330,175,39,11,7,2,26,285,59,150,2,9,66,2,335,169,56,14,0
0,_06-047,_06-047 KENNY LAKE,_06-047 KENNY LAKE,167,45,15,3,5,0,16,78,26,110,3,0,25,3,139,63,30,9,0
0,_06-050,_06-050 MANLEY HOT SPRINGS,_06-050 MANLEY HOT SPRINGS,61,14,3,0,3,0,2,31,7,33,0,0,12,2,43,22,13,4,0
0,_06-053,_06-053 MENTASTA,_06-053 MENTASTA,15,28,4,0,3,0,2,22,7,15,0,0,7,0,29,14,5,2,0
0,_06-054,_06-054 MINTO,_06-054 MINTO,23,44,5,3,8,2,0,45,16,15,2,0,5,0,28,37,13,5,0
0,_06-056,_06-056 NENANA,_06-056 NENANA,205,93,16,9,10,1,27,189,30,98,5,5,31,1,201,92,42,19,3
0,_06-060,_06-060 NORTHWAY,_06-060 NORTHWAY,46,57,0,2,2,1,3,75,8,21,0,2,7,0,89,22,5,0,0
0,_06-070,_06-070 STEVENS VILLAGE,_06-070 STEVENS VILLAGE,0,19,5,0,3,0,0,17,0,16,0,0,0,0,12,12,6,0,0
0,_06-075,_06-075 TANACROSS,_06-075 TANACROSS,5,25,3,0,3,0,0,19,6,5,0,2,5,1,17,15,3,0,2
0,_06-080,_06-080 TANANA,_06-080 TANANA,20,95,9,3,0,0,4,82,14,16,2,1,10,0,50,52,14,3,0
0,_06-085,_06-085 TETLIN,_06-085 TETLIN,7,39,3,0,2,0,0,32,5,13,0,0,0,0,32,10,5,3,0
0,_06-090,_06-090 TOK,_06-090 TOK,447,144,31,10,10,1,19,276,63,246,15,9,38,1,359,170,81,28,4
0,_06-095,_06-095 VENETIE,_06-095 VENETIE,7,87,3,0,4,0,0,44,22,17,0,0,13,0,41,43,7,3,0
0,_06-145,_06-145 EIELSON,_06-145 EIELSON,635,169,75,9,8,3,31,531,108,217,11,5,19,3,593,178,82,19,5
0,_06-150,_06-150 FOX,_06-150 FOX,209,74,25,6,5,1,7,89,25,155,3,5,34,3,149,84,63,15,3
0,_06-155,_06-155 MOOSE CREEK,_06-155 MOOSE CREEK,234,53,22,4,2,0,7,144,17,125,3,1,15,2,188,65,32,13,4
0,_06-160,_06-160 SALCHA,_06-160 SALCHA,515,90,29,3,10,0,11,249,30,310,8,7,39,3,378,148,85,17,3
0,_06-170,_06-170 STEELE CREEK,_06-170 STEELE CREEK,448,240,49,14,13,2,28,307,59,271,9,3,122,1,385,261,92,23,6
0,_06-180,_06-180 TWO RIVERS,_06-180 TWO RIVERS,459,172,41,13,12,1,6,237,55,310,1,0,81,0,321,214,111,21,5
0,_07-100,_07-100 Lakes No. 1,_07-100 Lakes No. 1,714,193,71,15,23,6,33,441,62,432,14,4,83,0,590,229,168,28,8
0,_07-105,_07-105 Pioneer Peak,_07-105 Pioneer Peak,610,148,21,5,7,0,21,326,51,342,7,6,52,5,492,158,97,33,6
0,_07-110,_07-110 Schrock,_07-110 Schrock,872,263,50,24,15,0,37,487,102,527,8,9,95,3,728,274,178,35,10
0,_07-115,_07-115 Wasilla Lake,_07-115 Wasilla Lake,596,143,52,3,10,8,15,331,37,354,19,5,68,2,469,177,111,42,4
0,_07-120,_07-120 Wasilla No. 1,_07-120 Wasilla No. 1,1212,335,80,18,20,6,40,681,141,675,24,6,137,3,929,427,218,61,15
0,_07-125,_07-125 Wasilla No. 2,_07-125 Wasilla No. 2,1359,317,106,29,17,5,31,735,111,774,22,14,150,6,1087,394,234,71,9
0,_07-130,_07-130 Foothills,_07-130 Foothills,573,114,51,8,5,2,15,262,62,366,10,3,40,3,448,152,114,20,5
0,_08-130,_08-130 Meadow Lakes No. 1,_08-130 Meadow Lakes No. 1,478,100,22,21,10,2,12,220,41,291,7,10,56,0,362,127,94,27,6
0,_08-135,_08-135 Meadow Lakes No. 2,_08-135 Meadow Lakes No. 2,1068,209,64,12,10,8,12,469,80,674,14,9,102,0,833,262,169,52,8
0,_08-140,_08-140 Knik Goose Bay No. 1,_08-140 Knik Goose Bay No. 1,1195,225,84,16,23,3,40,586,84,749,9,17,77,10,950,300,212,46,12
0,_08-145,_08-145 Knik Goose Bay No. 2,_08-145 Knik Goose Bay No. 2,906,191,62,15,18,3,24,426,103,554,15,13,62,5,694,249,178,38,9
0,_08-150,_08-150 Knik Goose Bay No. 3,_08-150 Knik Goose Bay No. 3,1158,235,60,15,18,6,31,580,81,683,23,8,94,8,905,297,215,35,10
0,_08-155,_08-155 Big Lake,_08-155 Big Lake,1322,260,72,9,21,5,31,600,85,835,10,11,133,3,1051,321,214,56,13
0,_09-600,_09-600 BIG DELTA,_09-600 BIG DELTA,1211,215,76,23,15,3,26,648,96,663,17,21,73,5,964,255,241,40,6
0,_09-608,_09-608 DELTA JUNCTION,_09-608 DELTA JUNCTION,385,56,21,9,3,0,19,212,35,204,9,4,22,3,328,57,74,11,7
0,_09-622,_09-622 FARM LOOP,_09-622 FARM LOOP,1101,317,108,21,20,7,32,650,109,639,20,8,139,4,941,365,188,40,10
0,_09-628,_09-628 FISHHOOK,_09-628 FISHHOOK,1420,439,98,20,23,8,45,757,170,879,9,15,166,2,1174,476,276,42,7
0,_09-632,_09-632 GLENNALLEN,_09-632 GLENNALLEN,293,59,19,9,11,2,12,145,46,169,0,4,28,0,228,66,54,20,14
0,_09-640,_09-640 SHEEP MOUNTAIN,_09-640 SHEEP MOUNTAIN,140,57,8,4,2,0,8,81,14,94,0,2,20,0,129,66,12,6,0
0,_09-645,_09-645 SUTTON,_09-645 SUTTON,421,151,22,12,6,7,21,233,57,249,7,6,74,0,346,159,83,26,5
0,_09-650,_09-650 VALDEZ NO. 1,_09-650 VALDEZ NO. 1,414,218,71,4,14,2,25,344,67,228,4,0,84,0,379,197,124,19,0
0,_09-655,_09-655 VALDEZ NO. 2,_09-655 VALDEZ NO. 2,268,111,39,12,10,1,15,217,41,141,4,4,43,2,226,129,72,16,4
0,_09-660,_09-660 VALDEZ NO. 3,_09-660 VALDEZ NO. 3,372,176,43,18,5,0,17,209,74,249,4,3,66,0,269,188,117,20,2
0,_09-665,_09-665 WHITTIER,_09-665 WHITTIER,77,50,5,4,2,1,5,65,23,40,3,0,9,1,62,56,13,3,1
0,_10-005,_10-005 Kings Lake,_10-005 Kings Lake,562,169,40,13,6,4,33,321,62,338,6,6,74,0,466,191,108,25,5
0,_10-010,_10-010 Church,_10-010 Church,902,194,54,10,18,4,35,480,71,539,14,6,69,9,698,232,184,37,14
0,_10-015,_10-015 Tanaina,_10-015 Tanaina,1099,227,73,21,18,1,37,554,77,708,8,5,103,0,844,316,209,48,14
0,_10-020,_10-020 Houston,_10-020 Houston,592,131,40,7,13,0,12,294,46,368,12,5,44,3,432,177,109,36,11
0,_10-025,_10-025 Meadow Lakes No. 3,_10-025 Meadow Lakes No. 3,548,111,48,15,6,2,15,255,32,381,9,0,53,0,431,144,115,25,5
0,_10-030,_10-030 Susitna,_10-030 Susitna,483,167,60,14,6,3,10,271,79,283,14,9,61,4,428,178,80,21,6
0,_10-035,_10-035 Talkeetna,_10-035 Talkeetna,217,335,40,26,4,3,14,214,128,146,3,6,128,3,196,336,64,27,4
0,_10-040,_10-040 Trapper Creek,_10-040 Trapper Creek,245,66,24,5,4,3,5,141,24,125,5,2,39,3,225,59,45,13,0
0,_10-045,_10-045 Willow,_10-045 Willow,893,253,53,13,12,2,25,429,90,527,20,14,150,0,643,347,172,42,10
0,_10-050,_10-050 Meadow Lakes No. 4,_10-050 Meadow Lakes No. 4,228,48,22,6,12,0,8,111,23,149,4,4,17,2,171,53,72,12,5
0,_10-055,_10-055 Lakes No. 2,_10-055 Lakes No. 2,487,113,39,5,8,1,25,257,43,293,4,9,58,0,409,138,91,21,0
0,_11-055,_11-055 Walby,_11-055 Walby,1010,242,92,22,6,5,65,584,82,610,17,9,115,5,860,292,200,43,8
0,_11-060,_11-060 Greater Palmer,_11-060 Greater Palmer,806,258,61,13,9,4,27,506,91,444,13,6,100,2,676,283,140,45,7
0,_11-065,_11-065 Mat-Su Campus,_11-065 Mat-Su Campus,485,149,42,14,6,1,13,314,37,263,7,3,71,3,400,162,98,28,5
0,_11-070,_11-070 Palmer City No. 1,_11-070 Palmer City No. 1,836,395,104,19,11,7,56,597,122,473,12,16,168,5,713,469,144,51,10
0,_11-075,_11-075 Palmer City No. 2,_11-075 Palmer City No. 2,739,285,94,19,14,8,24,468,92,467,15,8,116,2,574,343,196,47,0
0,_11-085,_11-085 Trunk,_11-085 Trunk,739,210,56,15,11,3,29,460,65,420,17,1,86,2,609,229,164,30,4
0,_11-090,_11-090 Seward Meridian,_11-090 Seward Meridian,516,132,33,6,11,4,24,269,35,326,6,3,71,7,436,153,101,16,8
0,_11-095,_11-095 Springer Loop,_11-095 Springer Loop,798,260,61,5,5,3,33,487,102,446,11,6,95,0,647,305,136,37,11
0,_11-099,_11-099 Lazy Mountain,_11-099 Lazy Mountain,517,218,29,11,4,2,23,284,58,320,6,4,120,6,439,225,83,29,4
0,_12-200,_12-200 Fairview No. 1,_12-200 Fairview No. 1,609,120,52,6,6,0,15,336,38,368,0,4,47,3,516,145,109,15,7
0,_12-205,_12-205 Fairview No. 2,_12-205 Fairview No. 2,671,178,45,5,4,6,22,363,50,394,9,8,86,4,581,180,119,24,4
0,_12-210,_12-210 Snowshoe,_12-210 Snowshoe,1198,224,84,12,10,4,30,588,118,715,14,4,83,5,932,327,210,35,10
0,_12-220,_12-220 Butte,_12-220 Butte,1473,420,106,32,17,8,55,853,134,867,20,7,198,0,1251,445,260,84,17
0,_12-225,_12-225 Eklutna,_12-225 Eklutna,770,360,88,20,14,4,26,550,133,429,7,8,131,7,699,397,137,23,3
0,_12-230,_12-230 Peters Creek No. 1,_12-230 Peters Creek No. 1,1211,393,116,9,14,8,61,831,105,675,14,13,148,3,1104,423,186,49,6
0,_12-233,_12-233 Peters Creek No. 2,_12-233 Peters Creek No. 2,699,240,57,14,11,0,25,412,76,432,8,7,98,0,617,259,124,18,7
0,_13-235,_13-235 Chugiak,_13-235 Chugiak,549,172,41,13,8,3,29,326,59,305,13,11,69,4,444,207,103,26,0
0,_13-240,_13-240 Fire Lake,_13-240 Fire Lake,905,352,87,24,6,4,48,639,96,503,5,13,124,0,837,320,162,42,5
0,_13-245,_13-245 JBER No. 1,_13-245 JBER No. 1,876,388,156,15,11,3,43,661,232,326,11,17,74,5,777,341,152,44,8
0,_13-250,_13-250 Downtown Eagle River No. 1,_13-250 Downtown Eagle River No. 1,962,396,127,21,16,0,33,657,140,550,9,8,118,2,800,404,219,38,3
0,_13-255,_13-255 Chugach Park No. 1,_13-255 Chugach Park No. 1,661,264,63,8,5,5,36,460,72,357,8,2,117,1,612,256,111,25,4
0,_13-260,_13-260 Centennial Park,_13-260 Centennial Park,76,117,7,0,4,1,5,107,35,31,5,0,24,1,87,95,10,8,0
0,_14-940,_14-940 Downtown Eagle River No. 2,_14-940 Downtown Eagle River No. 2,827,400,80,15,21,9,45,652,119,427,18,13,143,0,763,393,161,43,2
0,_14-945,_14-945 Meadow Creek No. 1,_14-945 Meadow Creek No. 1,529,235,67,17,13,6,34,395,84,300,5,8,87,2,471,260,107,20,6
0,_14-950,_14-950 Meadow Creek No. 2,_14-950 Meadow Creek No. 2,854,355,94,18,3,3,44,666,100,410,6,7,152,5,792,405,107,26,4
0,_14-955,_14-955 Eagle River No. 1,_14-955 Eagle River No. 1,411,213,60,7,10,0,20,323,70,239,0,4,68,3,397,214,69,19,2
0,_14-960,_14-960 Eagle River No. 2,_14-960 Eagle River No. 2,1008,529,175,12,8,7,62,900,173,518,13,8,155,3,931,574,185,49,9
0,_14-965,_14-965 Chugach Park No. 2,_14-965 Chugach Park No. 2,1439,819,202,22,12,8,123,1263,219,770,12,12,307,2,1473,742,284,58,3
0,_14-970,_14-970 Hiland,_14-970 Hiland,912,501,125,12,5,4,58,773,155,493,8,14,137,1,892,465,167,40,6
0,_15-300,_15-300 JBER No. 2,_15-300 JBER No. 2,766,302,126,20,8,0,35,609,187,307,14,11,45,2,674,303,135,42,8
0,_15-305,_15-305 Creekside Park,_15-305 Creekside Park,604,450,67,15,10,8,22,489,180,320,7,9,124,2,579,401,99,39,0
0,_15-310,_15-310 Muldoon No. 1,_15-310 Muldoon No. 1,379,390,32,21,9,11,23,321,159,238,15,3,91,1,394,338,68,25,0
0,_15-315,_15-315 Muldoon No. 2,_15-315 Muldoon No. 2,330,304,44,11,16,3,17,288,127,206,3,5,67,1,325,256,75,26,3
0,_15-320,_15-320 North Muldoon,_15-320 North Muldoon,447,386,66,18,6,5,36,369,167,257,11,8,94,5,444,302,107,51,4
0,_16-325,_16-325 Russian Jack,_16-325 Russian Jack,266,396,57,23,11,2,25,268,145,196,13,7,129,0,279,368,84,25,0
0,_16-330,_16-330 Nunaka Valley,_16-330 Nunaka Valley,473,576,81,28,13,4,46,487,222,291,12,8,169,8,477,545,113,39,8
0,_16-335,_16-335 Northeast Anchorage,_16-335 Northeast Anchorage,431,383,62,31,7,4,41,376,160,275,5,11,102,0,411,383,87,39,1
0,_16-340,_16-340 College Gate,_16-340 College Gate,406,455,58,16,8,2,24,395,151,214,8,3,183,0,406,445,65,30,0
0,_16-345,_16-345 Chester Valley,_16-345 Chester Valley,449,367,44,8,10,3,16,395,118,246,6,5,105,0,430,351,74,16,2
0,_16-350,_16-350 Reflection Lake,_16-350 Reflection Lake,783,716,103,25,8,9,45,728,240,440,9,7,217,5,777,660,147,40,5
0,_16-355,_16-355 Wonder Park,_16-355 Wonder Park,396,407,59,26,10,3,27,366,172,253,13,6,93,4,395,372,95,40,4
0,_17-400,_17-400 Rogers Park,_17-400 Rogers Park,375,579,73,11,6,3,24,463,136,184,0,0,254,3,407,535,67,19,3
0,_17-405,_17-405 University No. 1,_17-405 University No. 1,217,349,36,13,9,5,21,239,131,118,4,6,123,2,228,330,52,16,0
0,_17-410,_17-410 University No. 2,_17-410 University No. 2,301,425,67,19,12,8,28,380,151,161,9,7,128,0,302,418,69,36,4
0,_17-415,_17-415 Far North Bicentennial,_17-415 Far North Bicentennial,335,307,38,17,9,6,22,312,82,201,5,7,104,0,327,275,75,21,4
0,_17-420,_17-420 Tudor No. 1,_17-420 Tudor No. 1,812,773,100,38,11,3,56,766,277,391,15,11,286,2,771,749,142,62,6
0,_17-425,_17-425 Tudor No. 2,_17-425 Tudor No. 2,346,523,68,27,17,5,41,400,200,192,9,6,178,2,358,486,94,41,4
0,_17-430,_17-430 East Anchorage,_17-430 East Anchorage,232,341,37,21,5,5,19,275,120,138,6,5,91,1,249,306,56,16,1
0,_18-435,_18-435 West Anchorage No. 1,_18-435 West Anchorage No. 1,235,430,24,7,5,0,19,327,69,94,4,5,207,4,261,398,26,14,3
0,_18-440,_18-440 West Anchorage No. 2,_18-440 West Anchorage No. 2,227,262,37,14,4,0,16,204,91,126,5,5,108,3,198,258,62,22,0
0,_18-445,_18-445 Spenard,_18-445 Spenard,280,339,58,17,4,5,19,276,118,165,7,2,140,3,264,324,82,28,1
0,_18-450,_18-450 Willow Crest,_18-450 Willow Crest,312,294,43,14,4,3,15,263,115,183,6,3,98,0,293,257,72,36,0
0,_18-455,_18-455 West Anchorage No. 3,_18-455 West Anchorage No. 3,302,447,41,15,3,3,24,294,187,197,10,3,120,2,300,383,71,39,3
0,_18-460,_18-460 Fireweed No. 1,_18-460 Fireweed No. 1,346,659,63,12,5,4,38,426,176,193,0,4,295,5,367,609,76,38,4
0,_18-465,_18-465 Fireweed No. 2,_18-465 Fireweed No. 2,204,318,28,13,5,4,8,203,134,132,7,6,82,0,201,287,40,23,5
0,_18-470,_18-470 Fireweed No. 3,_18-470 Fireweed No. 3,165,199,35,16,2,6,5,135,73,103,4,2,100,2,139,235,35,11,0
0,_18-475,_18-475 Midtown No. 1,_18-475 Midtown No. 1,258,297,38,12,3,0,17,290,93,127,3,4,91,0,258,272,50,20,4
0,_18-480,_18-480 Midtown No. 2,_18-480 Midtown No. 2,355,671,57,16,3,0,25,428,155,150,12,1,361,2,371,657,56,22,2
0,_19-500,_19-500 North Mountain View No. 1,_19-500 North Mountain View No. 1,211,391,23,12,16,4,17,209,172,176,11,8,68,6,229,322,69,24,3
0,_19-505,_19-505 North Mountain View No. 2,_19-505 North Mountain View No. 2,237,420,24,14,12,4,14,274,175,162,5,10,64,3,281,331,49,29,4
0,_19-510,_19-510 South Mountain View No. 1,_19-510 South Mountain View No. 1,365,460,28,14,10,6,19,321,208,238,20,4,83,0,378,389,65,27,4
0,_19-515,_19-515 South Mountain View No. 2,_19-515 South Mountain View No. 2,175,202,20,12,21,6,8,167,78,103,7,6,67,0,195,177,49,11,0
0,_19-520,_19-520 Airport Heights No. 1,_19-520 Airport Heights No. 1,300,444,36,24,8,3,15,315,132,160,9,6,195,4,297,430,51,29,2
0,_19-525,_19-525 Airport Heights No. 2,_19-525 Airport Heights No. 2,348,755,59,29,6,5,18,439,234,189,13,5,317,5,354,715,71,46,5
0,_20-530,_20-530 Government Hill,_20-530 Government Hill,280,423,45,21,5,3,26,323,125,167,11,0,149,6,258,395,83,32,5
0,_20-535,_20-535 Merrill Field,_20-535 Merrill Field,448,847,82,30,9,6,44,534,314,266,9,13,268,5,489,747,111,48,4
0,_20-540,_20-540 Downtown Anchorage No. 1,_20-540 Downtown Anchorage No. 1,204,298,43,7,0,5,11,240,85,84,4,5,139,3,181,324,28,20,3
0,_20-545,_20-545 Downtown Anchorage No. 2,_20-545 Downtown Anchorage No. 2,199,456,37,14,0,0,10,291,119,68,3,0,210,3,202,436,29,22,3
0,_20-550,_20-550 Downtown Anchorage No. 3,_20-550 Downtown Anchorage No. 3,142,229,23,10,9,0,10,162,91,72,8,5,76,0,138,222,41,12,0
0,_20-555,_20-555 Downtown Anchorage No. 4,_20-555 Downtown Anchorage No. 4,281,579,73,16,5,3,40,410,207,138,11,3,200,5,325,531,75,38,0
0,_20-560,_20-560 Inlet View,_20-560 Inlet View,218,535,38,8,4,2,19,306,108,81,0,0,321,3,235,516,29,24,1
0,_20-565,_20-565 Weschester,_20-565 Weschester,145,369,20,10,3,1,13,220,71,68,1,3,185,2,158,345,24,16,1
0,_20-570,_20-570 Fairview,_20-570 Fairview,270,423,34,18,15,2,28,288,184,180,10,3,101,0,289,368,67,35,1
0,_21-600,_21-600 Turmagain No. 1,_21-600 Turmagain No. 1,426,916,71,16,4,0,27,655,157,151,3,0,484,0,497,853,51,37,3
0,_21-605,_21-605 Sand Lake No. 1,_21-605 Sand Lake No. 1,585,486,54,17,4,5,31,512,170,302,11,4,163,6,524,475,116,42,5
0,_21-610,_21-610 Sand Lake No. 2,_21-610 Sand Lake No. 2,458,418,76,17,4,3,30,467,149,212,12,4,138,0,446,395,90,43,2
0,_21-615,_21-615 Sand Lake No. 3,_21-615 Sand Lake No. 3,351,333,61,14,9,4,22,339,113,198,6,8,123,3,341,328,80,28,3
0,_21-620,_21-620 Lake Spenard,_21-620 Lake Spenard,454,442,44,17,6,7,28,446,132,230,4,7,153,3,460,388,81,33,5
0,_21-625,_21-625 Lake Hood,_21-625 Lake Hood,482,622,82,18,7,3,36,591,185,217,5,6,230,3,482,623,79,44,1
0,_21-630,_21-630 Turnagain No. 2,_21-630 Turnagain No. 2,281,347,49,17,4,1,11,244,124,179,4,0,137,5,259,329,78,22,5
0,_21-635,_21-635 Turnagain No. 3,_21-635 Turnagain No. 3,443,667,89,18,5,6,27,527,187,254,12,5,249,0,477,617,82,47,3
0,_22-640,_22-640 Dimond No. 1,_22-640 Dimond No. 1,705,448,69,32,5,6,41,590,146,375,13,7,157,4,634,436,156,40,7
0,_22-645,_22-645 Kincaid,_22-645 Kincaid,1149,845,109,11,6,9,62,1192,176,464,12,4,320,0,1162,799,146,47,0
0,_22-650,_22-650 Jewel Lake No. 1,_22-650 Jewel Lake No. 1,389,331,53,12,8,6,35,397,104,210,9,5,94,0,388,305,88,26,2
0,_22-655,_22-655 Jewel Lake No. 2,_22-655 Jewel Lake No. 2,451,359,52,17,11,8,24,395,141,268,10,0,97,0,410,355,100,27,4
0,_22-660,_22-660 Campbell Lake,_22-660 Campbell Lake,724,662,64,26,8,5,37,763,147,356,10,6,220,0,762,581,111,33,2
0,_22-665,_22-665 Sand Lake No. 4,_22-665 Sand Lake No. 4,508,404,61,19,5,4,35,473,147,245,8,9,145,3,490,400,95,26,1
0,_22-670,_22-670 Sand Lake No. 5,_22-670 Sand Lake No. 5,278,226,38,4,4,2,11,271,59,139,7,0,85,1,294,185,58,14,1
0,_23-735,_23-735 Northwood,_23-735 Northwood,255,250,31,10,6,2,13,248,82,139,6,2,80,3,260,208,60,19,3
0,_23-740,_23-740 Arctic,_23-740 Arctic,475,438,67,16,15,4,34,420,157,245,12,6,186,3,454,451,70,32,7
0,_23-745,_23-745 Midtown No. 3,_23-745 Midtown No. 3,268,265,47,9,7,6,18,244,91,171,7,4,84,2,281,244,60,12,3
0,_23-750,_23-750 Taku,_23-750 Taku,539,421,85,23,14,9,29,440,162,312,9,10,156,3,521,395,128,38,2
0,_23-755,_23-755 Campbell Creek No. 1,_23-755 Campbell Creek No. 1,434,362,52,19,4,5,10,413,90,221,16,8,113,1,411,327,74,34,5
0,_23-760,_23-760 Campbell Creek No. 2,_23-760 Campbell Creek No. 2,348,339,36,11,4,2,10,323,92,183,10,4,124,0,310,306,82,26,1
0,_23-765,_23-765 Campbell Creek No. 3,_23-765 Campbell Creek No. 3,560,494,62,10,2,1,33,507,164,268,4,8,183,3,516,472,113,26,3
0,_23-770,_23-770 Dimond No. 2,_23-770 Dimond No. 2,367,329,44,10,17,2,5,347,98,214,15,2,74,3,346,268,91,39,2
0,_24-700,_24-700 Huffman No. 1,_24-700 Huffman No. 1,605,372,61,28,7,2,24,479,130,343,10,6,116,0,601,358,81,29,3
0,_24-705,_24-705 Huffman No. 2,_24-705 Huffman No. 2,479,362,71,16,6,3,24,450,117,257,8,4,109,4,439,371,100,20,9
0,_24-710,_24-710 Klatt,_24-710 Klatt,730,563,91,16,9,4,37,749,141,359,8,4,175,0,789,514,92,28,0
0,_24-715,_24-715 Southport,_24-715 Southport,597,569,60,8,6,3,39,663,127,282,8,2,178,8,648,491,87,26,7
0,_24-720,_24-720 Ocean View No. 1,_24-720 Ocean View No. 1,602,409,77,20,13,3,22,527,116,333,7,12,140,3,590,390,122,24,2
0,_24-725,_24-725 Ocean View No. 2,_24-725 Ocean View No. 2,734,546,98,11,7,2,30,763,119,286,13,6,228,1,715,551,98,34,4
0,_24-730,_24-730 Bayshore,_24-730 Bayshore,963,764,116,19,10,3,57,1002,198,449,11,3,255,3,1017,673,154,50,6
0,_25-840,_25-840 East Dowling No. 1,_25-840 East Dowling No. 1,168,155,24,7,4,0,15,154,56,109,7,0,34,0,170,118,53,10,0
0,_25-845,_25-845 Elmore No. 1,_25-845 Elmore No. 1,793,715,95,27,10,5,49,766,226,388,9,10,260,7,773,677,148,46,8
0,_25-850,_25-850 Abbott No. 1,_25-850 Abbott No. 1,628,694,87,16,5,6,30,684,142,301,7,5,299,0,651,656,91,27,4
0,_25-855,_25-855 Lore No. 1,_25-855 Lore No. 1,663,468,82,16,12,2,30,509,152,423,7,6,141,6,641,438,126,28,9
0,_25-860,_25-860 Lore No. 2,_25-860 Lore No. 2,519,427,84,15,11,5,22,487,146,263,12,4,146,4,509,405,82,42,3
0,_25-865,_25-865 Abbott No. 2,_25-865 Abbott No. 2,457,369,58,12,7,4,25,418,114,260,4,7,111,0,453,364,69,21,3
0,_25-870,_25-870 East Dowling No. 2,_25-870 East Dowling No. 2,588,555,91,28,18,9,22,539,181,342,15,6,198,1,560,530,135,44,4
0,_26-800,_26-800 Independence Park No. 1,_26-800 Independence Park No. 1,623,532,80,26,14,4,36,581,148,373,14,10,157,4,615,486,133,41,3
0,_26-805,_26-805 O'Malley No. 1,_26-805 O'Malley No. 1,597,439,60,19,9,0,25,583,101,260,6,5,184,2,639,405,59,27,2
0,_26-810,_26-810 Huffman No. 3,_26-810 Huffman No. 3,628,336,57,14,6,4,21,522,104,312,5,0,104,0,658,286,67,19,4
0,_26-815,_26-815 Huffman No. 4,_26-815 Huffman No. 4,793,516,87,11,5,1,45,752,120,365,10,0,190,3,808,494,92,28,3
0,_26-820,_26-820 O'Malley No. 2,_26-820 O'Malley No. 2,794,705,89,7,6,5,51,841,156,335,9,8,290,3,849,642,101,31,3
0,_26-825,_26-825 Independence Park No. 2,_26-825 Independence Park No. 2,531,384,64,14,9,8,33,432,166,317,7,0,94,4,502,375,94,33,4
0,_26-830,_26-830 Elmore No. 2,_26-830 Elmore No. 2,347,265,37,6,10,1,17,324,80,166,0,5,104,3,369,249,43,11,3
0,_26-835,_26-835 O'Malley No. 3,_26-835 O'Malley No. 3,236,203,62,11,6,3,20,226,81,147,5,8,59,3,241,204,61,20,1
0,_27-900,_27-900 Cheney Lake,_27-900 Cheney Lake,736,656,91,16,9,3,35,587,245,418,14,8,256,3,748,644,101,28,2
0,_27-905,_27-905 Muldoon No. 3,_27-905 Muldoon No. 3,456,338,51,18,7,8,24,379,127,242,6,10,121,2,449,317,83,29,2
0,_27-910,_27-910 Muldoon No. 4,_27-910 Muldoon No. 4,627,508,66,26,9,4,28,506,223,370,9,11,123,4,576,490,120,44,9
0,_27-915,_27-915 Chugach Foothills No. 1,_27-915 Chugach Foothills No. 1,372,290,56,7,3,3,25,325,135,206,5,3,64,3,347,288,76,22,3
0,_27-920,_27-920 Chugach Foothills No. 2,_27-920 Chugach Foothills No. 2,520,586,62,25,11,7,37,560,196,265,4,6,196,0,558,541,86,40,2
0,_27-925,_27-925 Scenic Park,_27-925 Scenic Park,495,363,49,14,9,9,33,452,111,255,2,3,132,1,479,353,93,31,0
0,_27-930,_27-930 Baxter,_27-930 Baxter,764,824,94,27,14,4,42,758,228,428,10,10,305,2,752,763,166,37,7
0,_27-935,_27-935 Stuckagain Heights,_27-935 Stuckagain Heights,116,171,20,6,4,0,13,130,45,62,0,2,89,0,134,174,15,5,0
0,_28-105,_28-105 Rabbit Creek No. 1,_28-105 Rabbit Creek No. 1,613,477,80,9,7,3,42,656,91,254,5,6,211,5,625,472,93,25,2
0,_28-110,_28-110 Rabbit Creek No. 2,_28-110 Rabbit Creek No. 2,982,744,123,18,14,5,50,908,152,509,7,3,341,4,987,743,146,30,3
0,_28-115,_28-115 Huffman No. 6,_28-115 Huffman No. 6,709,389,84,10,10,4,54,713,81,288,8,9,152,0,765,384,69,18,5
0,_28-120,_28-120 Huffman No. 7,_28-120 Huffman No. 7,715,492,67,20,4,4,19,660,108,313,5,4,221,2,698,502,84,20,0
0,_28-125,_28-125 Bear Valley,_28-125 Bear Valley,389,425,57,9,6,0,21,390,107,190,3,0,199,1,408,400,51,15,5
0,_28-130,_28-130 Indian,_28-130 Indian,96,92,12,5,1,2,5,65,39,66,1,0,41,0,90,92,20,5,0
0,_28-135,_28-135 Girdwood,_28-135 Girdwood,282,809,87,43,8,4,47,537,220,181,7,5,318,0,319,759,140,33,0
0,_28-140,_28-140 Golden View,_28-140 Golden View,1043,780,113,17,7,4,55,1079,142,422,6,6,347,0,1102,736,101,39,4
0,_28-145,_28-145 O'Malley No. 4,_28-145 O'Malley No. 4,595,551,73,12,4,3,34,580,104,312,5,0,268,2,602,536,94,21,3
0,_29-100,_29-100 BEAR CREEK,_29-100 BEAR CREEK,517,379,61,19,7,9,38,404,146,302,8,7,145,2,461,391,111,27,3
0,_29-110,_29-110 COOPER LANDING,_29-110 COOPER LANDING,118,80,21,6,4,0,7,88,23,76,2,3,36,0,110,76,24,14,0
0,_29-115,_29-115 FUNNY RIVER NO. 1,_29-115 FUNNY RIVER NO. 1,463,106,26,9,6,2,11,219,49,268,11,8,53,2,338,150,94,25,0
0,_29-120,_29-120 HOPE,_29-120 HOPE,38,61,7,4,2,2,11,56,19,25,2,3,20,1,49,59,9,5,0
0,_29-130,_29-130 MACKEY LAKE,_29-130 MACKEY LAKE,570,161,45,10,7,0,26,336,48,321,10,6,75,3,480,176,107,17,7
0,_29-140,_29-140 MOOSE PASS,_29-140 MOOSE PASS,88,99,13,5,6,0,8,75,26,56,3,0,54,0,71,106,24,9,2
0,_29-150,_29-150 NIKISKI,_29-150 NIKISKI,947,179,47,13,14,3,32,385,57,619,19,6,115,4,696,255,199,38,7
0,_29-160,_29-160 SALAMATOF,_29-160 SALAMATOF,1078,169,64,13,10,7,20,468,86,633,12,7,115,4,802,237,220,47,6
0,_29-170,_29-170 SEWARD/LOWELL POINT,_29-170 SEWARD/LOWELL POINT,448,496,83,32,11,0,24,487,178,213,8,7,192,0,441,491,102,27,6
0,_29-180,_29-180 STERLING NO. 1,_29-180 STERLING NO. 1,997,186,48,9,7,6,35,517,44,590,8,4,92,2,817,225,146,40,7
0,_29-190,_29-190 STERLING NO. 2,_29-190 STERLING NO. 2,1086,195,49,17,11,5,17,448,61,717,6,2,118,1,843,268,160,46,3
0,_30-200,_30-200 CENTRAL,_30-200 CENTRAL,952,217,44,12,9,4,24,454,49,596,12,8,116,4,754,269,141,45,4
0,_30-210,_30-210 K BEACH,_30-210 K BEACH,1337,358,96,21,13,5,36,784,87,754,13,10,176,4,1128,415,217,35,7
0,_30-220,_30-220 KENAI NO. 1,_30-220 KENAI NO. 1,957,328,84,28,18,4,31,542,109,560,22,12,170,5,746,372,205,59,10
0,_30-230,_30-230 KENAI NO. 2,_30-230 KENAI NO. 2,528,181,54,12,9,2,20,300,67,315,8,4,94,1,425,219,104,28,5
0,_30-240,_30-240 KENAI NO. 3,_30-240 KENAI NO. 3,560,191,68,10,12,5,17,356,53,330,6,2,106,0,468,215,131,29,2
0,_30-250,_30-250 SOLDOTNA,_30-250 SOLDOTNA,1862,550,157,46,26,8,67,1079,185,1000,21,14,351,5,1489,710,309,102,6
0,_31-300,_31-300 ANCHOR POINT,_31-300 ANCHOR POINT,845,249,50,28,22,7,21,380,101,527,14,10,156,4,639,316,167,44,13
0,_31-310,_31-310 DIAMOND RIDGE,_31-310 DIAMOND RIDGE,284,392,39,29,5,0,11,231,97,180,0,2,228,0,239,403,73,15,0
0,_31-320,_31-320 FOX RIVER,_31-320 FOX RIVER,216,112,8,15,0,3,10,97,59,116,0,0,80,0,143,143,40,15,3
0,_31-340,_31-340 FUNNY RIVER NO. 2,_31-340 FUNNY RIVER NO. 2,785,183,63,14,13,3,30,376,57,458,8,9,147,3,618,245,141,38,4
0,_31-350,_31-350 HOMER NO. 1,_31-350 HOMER NO. 1,814,724,98,66,15,4,48,649,191,467,9,8,409,0,776,727,168,43,0
0,_31-360,_31-360 HOMER NO. 2,_31-360 HOMER NO. 2,603,572,79,46,18,6,27,470,164,357,8,7,313,2,550,556,145,45,5
0,_31-370,_31-370 KACHEMAK/FRITZ CREEK,_31-370 KACHEMAK/FRITZ CREEK,466,632,59,27,5,4,28,386,129,277,6,3,387,0,417,613,111,26,3
0,_31-380,_31-380 KASILOF,_31-380 KASILOF,1032,407,67,17,21,2,24,483,114,634,18,3,282,3,769,444,237,67,6
0,_31-390,_31-390 NINILCHIK,_31-390 NINILCHIK,574,213,38,11,5,3,13,293,68,337,10,4,125,0,421,267,113,30,0
0,_32-800,_32-800 CHINIAK,_32-800 CHINIAK,52,30,0,8,4,3,0,44,9,25,3,0,13,0,52,21,16,6,0
0,_32-805,_32-805 CORDOVA,_32-805 CORDOVA,535,465,95,53,13,3,31,637,127,237,3,0,164,0,519,474,135,30,2
0,_32-810,_32-810 FLATS,_32-810 FLATS,594,283,74,17,6,0,31,437,83,254,10,10,158,6,481,290,128,29,6
0,_32-815,_32-815 KODIAK ISLAND SOUTH,_32-815 KODIAK ISLAND SOUTH,40,21,9,4,3,0,0,36,12,13,5,3,7,0,47,13,6,5,0
0,_32-820,_32-820 KODIAK NO. 1,_32-820 KODIAK NO. 1,524,411,66,25,7,4,16,448,126,233,11,5,184,0,490,361,95,30,4
0,_32-825,_32-825 KODIAK NO. 2,_32-825 KODIAK NO. 2,407,424,57,16,17,7,10,422,97,239,6,11,134,2,447,318,95,26,2
0,_32-830,_32-830 MISSION ROAD,_32-830 MISSION ROAD,1235,602,148,30,16,8,59,933,150,587,18,18,312,1,1092,632,220,43,4
0,_32-835,_32-835 OLD HARBOR,_32-835 OLD HARBOR,17,30,7,0,4,3,0,42,5,7,1,0,6,0,37,15,3,5,2
0,_32-840,_32-840 OUZINKIE,_32-840 OUZINKIE,20,29,15,6,0,0,6,38,9,18,2,0,11,0,45,22,8,3,0
0,_32-845,_32-845 PORT LIONS,_32-845 PORT LIONS,61,24,3,4,1,0,4,46,9,31,2,0,10,0,54,25,12,3,1
0,_32-847,_32-847 SELDOVIA/KACHEMAK BAY,_32-847 SELDOVIA/KACHEMAK BAY,145,120,15,3,2,2,5,91,41,73,7,2,72,0,123,119,30,8,0
0,_32-850,_32-850 TATITLEK,_32-850 TATITLEK,10,26,5,0,5,2,3,37,5,10,0,3,0,0,37,9,6,4,0
0,_32-855,_32-855 TYONEK,_32-855 TYONEK,16,119,7,5,5,8,15,91,33,32,0,0,15,0,72,83,7,11,0
0,_32-860,_32-860 YAKUTAT,_32-860 YAKUTAT,109,128,19,7,0,0,10,123,38,63,2,2,39,0,133,110,16,7,0
0,_33-500,_33-500 DOUGLAS,_33-500 DOUGLAS,257,792,66,37,11,2,27,442,268,158,3,4,292,3,314,711,94,32,2
0,_33-505,_33-505 GUSTAVUS,_33-505 GUSTAVUS,96,214,14,20,6,6,5,97,113,53,3,0,85,0,89,212,29,14,0
0,_33-510,_33-510 JUNEAU NO. 1,_33-510 JUNEAU NO. 1,361,974,69,43,6,4,33,592,342,185,5,8,323,0,406,893,108,24,5
0,_33-515,_33-515 JUNEAU NO. 2,_33-515 JUNEAU NO. 2,249,1345,62,33,9,2,30,478,436,185,8,5,590,3,285,1286,96,20,4
0,_33-520,_33-520 JUNEAU NO. 3,_33-520 JUNEAU NO. 3,208,413,49,16,8,0,20,309,142,84,2,2,159,0,231,386,47,21,2
0,_33-525,_33-525 LEMON CREEK,_33-525 LEMON CREEK,479,526,66,29,17,7,38,525,200,264,6,6,124,2,470,471,133,29,6
0,_33-530,_33-530 NORTH DOUGLAS,_33-530 NORTH DOUGLAS,266,698,78,19,4,0,27,433,258,129,2,0,246,0,306,668,63,25,0
0,_33-540,_33-540 SKAGWAY,_33-540 SKAGWAY,199,357,51,34,8,4,37,261,174,88,4,2,149,0,224,336,88,21,0
0,_33-545,_33-545 HAINES NO. 1,_33-545 HAINES NO. 1,529,568,47,67,26,6,42,516,185,248,8,7,309,3,535,551,122,42,2
0,_33-550,_33-550 HAINES NO. 2,_33-550 HAINES NO. 2,82,66,6,9,4,0,11,67,42,31,2,0,33,0,80,71,14,8,0
0,_33-555,_33-555 KLUKWAN,_33-555 KLUKWAN,7,38,5,0,0,1,4,38,11,4,0,0,7,0,28,20,8,0,0
0,_34-400,_34-400 AUKE BAY,_34-400 AUKE BAY,528,658,70,37,4,6,30,564,200,259,11,0,271,0,553,610,105,22,3
0,_34-410,_34-410 JUNEAU AIRPORT,_34-410 JUNEAU AIRPORT,468,413,71,30,17,0,23,505,186,194,5,0,112,0,459,410,99,19,0
0,_34-420,_34-420 LYNN CANAL,_34-420 LYNN CANAL,324,567,45,21,10,6,28,392,193,149,10,6,232,0,341,550,56,16,4
0,_34-430,_34-430 MENDENHALL VALLEY NO. 1,_34-430 MENDENHALL VALLEY NO. 1,534,611,86,33,15,6,37,570,247,294,4,9,171,3,541,570,114,44,4
0,_34-440,_34-440 MENDENHALL VALLEY NO. 2,_34-440 MENDENHALL VALLEY NO. 2,670,598,107,43,20,15,61,702,234,362,9,5,180,5,688,572,171,42,4
0,_34-450,_34-450 MENDENHALL VALLEY NO. 3,_34-450 MENDENHALL VALLEY NO. 3,611,590,103,24,15,4,37,624,191,381,12,0,155,0,597,542,150,40,6
0,_34-460,_34-460 MENDENHALL VALLEY NO. 4,_34-460 MENDENHALL VALLEY NO. 4,821,790,127,41,18,9,57,889,249,421,9,15,252,0,833,721,200,43,11
0,_35-700,_35-700 ANGOON,_35-700 ANGOON,34,135,22,6,10,3,10,117,37,42,4,0,20,0,110,84,14,9,0
0,_35-705,_35-705 CRAIG,_35-705 CRAIG,327,188,28,15,9,7,24,286,91,141,12,3,48,4,278,200,70,24,5
0,_35-720,_35-720 HOONAH,_35-720 HOONAH,170,170,20,9,17,6,14,182,60,109,6,4,38,2,187,146,52,13,0
0,_35-730,_35-730 KAKE,_35-730 KAKE,86,101,14,9,14,10,0,126,31,50,6,0,22,0,109,78,29,10,0
0,_35-735,_35-735 KASAAN,_35-735 KASAAN,10,6,9,2,2,0,2,14,4,9,2,0,2,0,12,9,6,4,0
0,_35-740,_35-740 KLAWOCK,_35-740 KLAWOCK,179,143,15,23,12,0,11,208,44,95,10,2,21,0,192,125,40,13,3
0,_35-745,_35-745 NORTH PRINCE OF WALES,_35-745 NORTH PRINCE OF WALES,166,94,21,15,12,0,8,139,73,74,6,5,14,0,167,100,27,5,5
0,_35-750,_35-750 PELICAN/ELFIN COVE,_35-750 PELICAN/ELFIN COVE,65,33,5,4,2,0,0,61,12,19,2,0,13,0,54,25,15,6,3
0,_35-755,_35-755 PETERSBURG/KUPREANOF,_35-755 PETERSBURG/KUPREANOF,919,599,90,58,15,9,51,929,208,332,9,13,213,4,821,578,194,69,8
0,_35-760,_35-760 PORT ALEXANDER,_35-760 PORT ALEXANDER,23,15,0,5,0,0,0,17,9,8,1,0,5,0,16,14,8,2,0
0,_35-765,_35-765 SITKA NO. 1,_35-765 SITKA NO. 1,968,993,104,60,25,12,56,1014,365,498,13,13,267,0,990,897,198,67,0
0,_35-770,_35-770 SITKA NO. 2,_35-770 SITKA NO. 2,824,1195,97,57,21,10,57,972,425,408,10,9,389,4,879,1059,187,48,4
0,_35-775,_35-775 TENAKEE SPRINGS,_35-775 TENAKEE SPRINGS,44,46,14,5,3,0,0,32,25,22,0,0,32,0,35,55,13,7,0
0,_35-780,_35-780 THORNE BAY,_35-780 THORNE BAY,292,48,11,11,6,6,17,160,31,141,7,3,29,7,232,62,54,20,5
0,_36-600,_36-600 KETCHIKAN NO. 1,_36-600 KETCHIKAN NO. 1,451,449,103,26,13,5,24,489,134,192,21,8,186,0,474,391,103,44,5
0,_36-610,_36-610 KETCHIKAN NO. 2,_36-610 KETCHIKAN NO. 2,617,525,112,23,19,5,50,720,164,250,8,8,167,2,688,414,134,55,6
0,_36-620,_36-620 KETCHIKAN NO. 3,_36-620 KETCHIKAN NO. 3,568,241,82,21,16,5,20,526,96,204,14,7,77,1,538,242,97,31,2
0,_36-640,_36-640 NORTH TONGASS NO. 1,_36-640 NORTH TONGASS NO. 1,398,139,28,20,4,0,6,298,38,165,4,9,56,0,339,137,64,20,3
0,_36-650,_36-650 NORTH TONGASS NO. 2,_36-650 NORTH TONGASS NO. 2,753,282,87,15,3,3,15,570,88,347,7,4,117,0,682,276,127,22,3
0,_36-660,_36-660 SAXMAN,_36-660 SAXMAN,55,71,15,7,9,1,4,100,18,18,4,0,16,1,84,44,16,12,0
0,_36-670,_36-670 SOUTH TONGASS,_36-670 SOUTH TONGASS,656,358,70,19,5,3,41,579,87,288,4,4,148,2,614,330,114,37,1
0,_36-675,_36-675 HYDABURG,_36-675 HYDABURG,19,84,3,7,3,1,3,48,30,26,0,0,10,1,45,55,8,5,0
0,_36-680,_36-680 METLAKATLA,_36-680 METLAKATLA,175,260,33,16,28,10,24,338,58,109,9,4,25,1,337,145,34,18,1
0,_36-690,_36-690 WRANGELL,_36-690 WRANGELL,769,293,53,20,10,4,19,676,94,283,7,5,79,1,734,272,99,25,5
0,_37-300,_37-300 ANVIK,_37-300 ANVIK,8,25,0,4,5,0,4,23,6,6,0,0,10,0,25,12,5,0,0
0,_37-302,_37-302 GRAYLING,_37-302 GRAYLING,18,29,12,0,5,2,3,38,6,18,2,1,7,0,49,15,4,3,0
0,_37-304,_37-304 HOLY CROSS,_37-304 HOLY CROSS,14,51,6,2,3,0,4,48,8,18,0,0,4,0,44,24,5,3,2
0,_37-306,_37-306 MCGRATH,_37-306 MCGRATH,85,50,17,0,0,2,0,81,13,38,0,3,17,0,96,38,14,4,0
0,_37-308,_37-308 NIKOLAI,_37-308 NIKOLAI,15,23,7,0,3,0,4,29,10,8,0,0,7,0,23,23,4,3,0
0,_37-310,_37-310 SHAGELUK,_37-310 SHAGELUK,2,16,0,0,0,0,0,13,2,2,0,0,2,0,10,6,3,0,0
0,_37-312,_37-312 TAKOTNA,_37-312 TAKOTNA,9,4,5,0,0,0,0,10,0,6,0,0,3,0,7,6,5,0,0
0,_37-700,_37-700 AKUTAN,_37-700 AKUTAN,29,79,6,3,2,1,6,67,33,12,3,2,7,0,63,52,7,3,0
0,_37-702,_37-702 ALEKNAGIK,_37-702 ALEKNAGIK,38,31,3,2,2,0,4,49,9,15,0,0,11,0,52,22,5,3,0
0,_37-704,_37-704 ALEUTIANS NO. 1,_37-704 ALEUTIANS NO. 1,32,45,0,0,0,0,10,57,22,11,0,0,0,0,44,31,5,3,0
0,_37-706,_37-706 ALEUTIANS NO. 2 (Unalaska),_37-706 ALEUTIANS NO. 2 (Unalaska),332,509,35,13,13,2,28,481,177,156,9,2,66,3,397,386,65,29,3
0,_37-708,_37-708 CHIGNIK,_37-708 CHIGNIK,42,27,0,0,5,3,5,51,7,9,4,0,13,0,46,25,12,0,0
0,_37-710,_37-710 CLARK'S POINT,_37-710 CLARK'S POINT,4,12,0,0,0,0,2,13,0,4,0,0,2,0,14,2,2,2,0
0,_37-712,_37-712 COLD BAY,_37-712 COLD BAY,36,4,3,2,3,0,2,18,7,13,3,2,4,0,28,9,8,2,0
0,_37-714,_37-714 DILLINGHAM,_37-714 DILLINGHAM,361,503,57,13,8,4,14,434,135,217,12,5,113,3,417,416,63,20,3
0,_37-716,_37-716 EGEGIK,_37-716 EGEGIK,22,10,6,0,4,1,0,27,0,9,0,0,5,0,29,17,0,0,0
0,_37-718,_37-718 EKWOK,_37-718 EKWOK,20,21,0,0,2,0,2,28,3,10,0,0,3,0,25,16,0,2,0
0,_37-720,_37-720 KING COVE,_37-720 KING COVE,94,35,6,5,3,1,0,114,6,19,2,1,2,0,108,19,8,4,0
0,_37-722,_37-722 KING SALMON,_37-722 KING SALMON,147,39,10,2,0,3,0,129,19,38,0,2,8,0,115,46,28,4,0
0,_37-724,_37-724 KOLIGANEK,_37-724 KOLIGANEK,34,23,4,4,0,0,3,45,6,14,0,0,4,0,46,24,0,0,0
0,_37-726,_37-726 LAKE ILIAMNA NO. 1,_37-726 LAKE ILIAMNA NO. 1,58,50,8,3,3,0,6,81,6,26,3,0,8,0,71,46,7,0,0
0,_37-728,_37-728 LAKE ILIAMNA NO. 2,_37-728 LAKE ILIAMNA NO. 2,21,40,24,2,3,3,2,64,7,20,2,1,5,0,63,23,10,3,0
0,_37-730,_37-730 LEVELOCK,_37-730 LEVELOCK,9,20,8,4,2,0,6,26,5,6,0,0,6,1,28,13,2,0,0
0,_37-732,_37-732 MANOKOTAK,_37-732 MANOKOTAK,55,70,7,5,5,0,6,100,9,25,1,1,9,0,108,27,6,3,0
0,_37-734,_37-734 NAKNEK,_37-734 NAKNEK,122,93,15,3,4,1,2,156,17,47,1,1,16,0,151,64,21,3,0
0,_37-736,_37-736 NEW STUYAHOK,_37-736 NEW STUYAHOK,22,134,12,3,15,0,9,129,20,39,1,0,5,0,123,58,7,2,1
0,_37-738,_37-738 NONDALTON,_37-738 NONDALTON,26,119,5,4,11,1,14,105,17,30,0,3,23,0,89,66,16,9,0
0,_37-740,_37-740 PEDRO BAY,_37-740 PEDRO BAY,17,5,3,1,1,2,1,16,2,13,0,0,0,1,20,9,3,0,0
0,_37-742,_37-742 PORT HEIDEN,_37-742 PORT HEIDEN,25,10,4,2,2,0,2,27,3,13,0,0,2,0,28,9,4,1,0
0,_37-744,_37-744 SAND POINT,_37-744 SAND POINT,123,63,14,2,5,3,5,160,18,23,0,1,8,0,154,38,13,2,0
0,_37-746,_37-746 SLEETMUTE,_37-746 SLEETMUTE,10,41,3,3,3,0,0,29,5,19,0,0,4,0,29,15,7,2,0
0,_37-748,_37-748 SOUTH NAKNEK,_37-748 SOUTH NAKNEK,11,13,4,0,0,1,0,21,2,5,0,0,2,0,18,3,5,1,0
0,_37-750,_37-750 ST. GEORGE ISLAND,_37-750 ST. GEORGE ISLAND,10,17,0,0,0,0,0,14,3,6,0,0,2,0,16,9,0,0,0
0,_37-752,_37-752 ST. PAUL ISLAND,_37-752 ST. PAUL ISLAND,18,102,2,1,1,1,9,95,7,17,3,0,7,0,86,38,7,3,0
0,_37-754,_37-754 TOGIAK,_37-754 TOGIAK,70,114,16,9,5,3,4,151,6,51,2,0,4,1,163,36,14,4,1
0,_38-800,_38-800 AKIACHAK,_38-800 AKIACHAK,37,66,10,6,15,5,9,56,19,54,2,0,15,0,75,56,6,3,2
0,_38-802,_38-802 AKIAK,_38-802 AKIAK,19,52,8,3,23,1,8,36,19,42,4,1,12,0,40,63,3,7,2
0,_38-804,_38-804 ANIAK,_38-804 ANIAK,54,98,4,3,7,0,7,94,20,33,2,3,18,0,89,67,11,6,0
0,_38-806,_38-806 ATMAUTLUAK,_38-806 ATMAUTLUAK,7,42,5,7,8,0,7,34,12,16,1,0,9,0,25,39,4,3,0
0,_38-808,_38-808 BETHEL NO. 1,_38-808 BETHEL NO. 1,263,443,40,17,26,3,43,438,84,170,7,5,108,0,374,364,59,12,2
0,_38-810,_38-810 BETHEL NO. 2,_38-810 BETHEL NO. 2,264,532,44,19,14,3,24,474,119,155,4,3,124,2,408,419,45,11,2
0,_38-812,_38-812 CHEFORNAK,_38-812 CHEFORNAK,13,72,9,49,11,4,19,93,16,43,1,2,17,0,70,79,14,8,0
0,_38-814,_38-814 CHUATHBALUK,_38-814 CHUATHBALUK,10,12,5,0,5,0,5,21,5,10,0,0,0,0,22,12,0,0,0
0,_38-816,_38-816 CROOKED CREEK,_38-816 CROOKED CREEK,3,22,2,0,3,0,0,14,4,8,1,0,2,0,14,11,0,1,0
0,_38-818,_38-818 EEK,_38-818 EEK,26,54,4,0,8,0,8,47,10,34,1,0,5,0,52,39,5,0,0
0,_38-820,_38-820 GOODNEWS BAY,_38-820 GOODNEWS BAY,18,52,11,3,7,1,8,60,8,16,1,2,10,0,48,40,3,5,0
0,_38-822,_38-822 KASIGLUK,_38-822 KASIGLUK,15,80,4,3,8,0,7,66,19,23,3,0,5,0,61,41,9,4,0
0,_38-824,_38-824 KIPNUK,_38-824 KIPNUK,31,84,7,10,14,2,16,66,27,47,1,0,15,2,67,75,10,5,1
0,_38-826,_38-826 KONGIGANAK,_38-826 KONGIGANAK,37,41,4,0,10,1,10,47,13,36,0,0,5,0,48,43,5,4,0
0,_38-828,_38-828 KWETHLUK,_38-828 KWETHLUK,20,107,16,7,13,4,10,82,27,32,2,2,21,0,64,94,5,5,1
0,_38-830,_38-830 KWIGILLINGOK,_38-830 KWIGILLINGOK,26,42,3,2,6,0,10,49,16,18,0,0,3,1,45,39,4,1,0
0,_38-832,_38-832 LOWER KALSKAG,_38-832 LOWER KALSKAG,6,45,10,9,12,1,6,53,8,19,1,1,2,1,47,30,6,2,0
0,_38-834,_38-834 MARSHALL,_38-834 MARSHALL,24,54,7,3,5,0,19,65,11,30,0,1,6,0,62,44,5,1,0
0,_38-836,_38-836 MEKORYUK,_38-836 MEKORYUK,17,48,11,6,6,0,5,60,10,14,0,1,6,1,56,28,3,4,0
0,_38-838,_38-838 NAPAKIAK,_38-838 NAPAKIAK,33,67,2,2,1,0,8,65,6,34,0,0,5,0,43,67,2,0,0
0,_38-840,_38-840 NAPASKIAK,_38-840 NAPASKIAK,17,61,5,3,8,1,12,57,27,20,1,0,3,0,42,57,8,2,0
0,_38-842,_38-842 NEWTOK,_38-842 NEWTOK,8,82,5,17,7,1,6,77,13,27,2,0,6,1,57,57,8,5,0
0,_38-844,_38-844 NIGHTMUTE,_38-844 NIGHTMUTE,7,50,6,10,6,0,5,42,15,19,3,0,5,0,43,31,4,4,1
0,_38-846,_38-846 NUNAPITCHUK,_38-846 NUNAPITCHUK,22,57,9,3,12,0,4,59,15,27,1,2,5,0,55,42,6,5,0
0,_38-848,_38-848 QUINHAGAK,_38-848 QUINHAGAK,43,88,8,4,10,2,7,87,21,42,1,0,10,0,71,75,12,3,0
0,_38-850,_38-850 RUSSIAN MISSION,_38-850 RUSSIAN MISSION,23,35,13,3,21,2,6,62,5,30,1,0,8,1,63,39,2,1,0
0,_38-852,_38-852 TOKSOOK BAY,_38-852 TOKSOOK BAY,31,135,4,55,6,1,14,116,34,52,7,3,32,0,82,140,12,7,3
0,_38-854,_38-854 TULUKSAK,_38-854 TULUKSAK,14,62,3,3,16,2,8,58,12,28,1,0,7,0,68,27,5,6,0
0,_38-856,_38-856 TUNTUTULIAK,_38-856 TUNTUTULIAK,18,72,8,1,10,0,10,73,11,26,0,0,9,0,54,53,6,1,0
0,_38-858,_38-858 TUNUNAK,_38-858 TUNUNAK,11,78,2,14,8,2,8,67,24,24,3,2,6,0,50,65,3,6,0
0,_38-860,_38-860 UPPER KALSKAG,_38-860 UPPER KALSKAG,26,29,4,1,4,0,3,46,2,18,0,0,2,0,48,14,2,2,0
0,_39-314,_39-314 GALENA,_39-314 GALENA,77,111,15,4,5,4,13,149,22,31,0,1,13,0,127,59,14,10,0
0,_39-316,_39-316 HUSLIA,_39-316 HUSLIA,15,77,3,3,10,0,9,55,10,26,0,1,20,0,58,38,11,3,2
0,_39-318,_39-318 KALTAG,_39-318 KALTAG,8,47,5,0,3,0,4,46,7,6,0,0,5,2,40,17,3,3,0
0,_39-320,_39-320 KOYUKUK,_39-320 KOYUKUK,5,40,9,0,6,0,0,42,6,6,0,0,4,0,29,24,4,0,0
0,_39-322,_39-322 NULATO,_39-322 NULATO,17,60,5,3,7,3,7,71,10,14,2,0,5,0,67,26,6,0,0
0,_39-324,_39-324 RUBY,_39-324 RUBY,13,44,4,0,5,0,4,37,5,14,0,0,12,0,37,23,3,3,0
0,_39-900,_39-900 ALAKANUK,_39-900 ALAKANUK,25,83,9,8,9,3,13,90,14,21,1,2,15,0,90,40,6,7,0
0,_39-902,_39-902 BREVIG MISSION,_39-902 BREVIG MISSION,22,76,7,2,12,5,7,79,6,36,1,0,5,0,82,34,5,6,0
0,_39-904,_39-904 CHEVAK,_39-904 CHEVAK,44,150,7,4,12,0,15,134,25,43,4,0,12,0,124,79,12,4,1
0,_39-906,_39-906 DIOMEDE,_39-906 DIOMEDE,7,11,0,0,3,0,0,13,0,5,0,0,0,0,11,7,0,0,0
0,_39-908,_39-908 ELIM,_39-908 ELIM,30,46,11,0,8,1,17,52,10,38,1,2,6,0,60,41,6,2,1
0,_39-910,_39-910 EMMONAK,_39-910 EMMONAK,50,113,6,4,23,0,14,139,18,36,0,2,13,0,125,68,6,7,0
0,_39-912,_39-912 GAMBELL,_39-912 GAMBELL,26,129,12,3,8,1,7,110,19,40,1,3,12,0,112,56,8,7,0
0,_39-914,_39-914 GOLOVIN,_39-914 GOLOVIN,12,35,2,0,0,2,17,44,6,13,0,0,5,0,40,20,3,2,0
0,_39-916,_39-916 HOOPER BAY,_39-916 HOOPER BAY,56,158,4,8,12,2,15,141,29,47,3,0,7,0,168,65,9,5,0
0,_39-918,_39-918 KOTLIK,_39-918 KOTLIK,20,75,3,1,6,2,9,75,10,28,1,2,0,0,81,27,4,1,0
0,_39-920,_39-920 KOYUK,_39-920 KOYUK,23,62,1,1,2,1,4,69,12,18,0,1,6,0,60,38,5,1,0
0,_39-922,_39-922 MOUNTAIN VILLAGE,_39-922 MOUNTAIN VILLAGE,39,121,4,7,15,4,11,147,12,21,0,0,15,0,117,62,4,7,0
0,_39-924,_39-924 NOME NO. 1,_39-924 NOME NO. 1,239,273,42,5,10,0,16,335,58,150,3,5,30,0,300,237,32,8,1
0,_39-926,_39-926 NOME NO. 2,_39-926 NOME NO. 2,327,356,45,20,13,0,48,425,87,188,3,3,83,4,385,307,76,15,5
0,_39-928,_39-928 NUNAM IQUA,_39-928 NUNAM IQUA,6,20,4,0,3,0,5,0,0,8,2,0,27,0,22,15,1,0,0
0,_39-930,_39-930 PILOT STATION,_39-930 PILOT STATION,17,104,11,2,21,1,7,100,14,37,4,2,8,1,104,51,5,4,0
0,_39-932,_39-932 SAVOONGA,_39-932 SAVOONGA,25,176,7,0,33,3,14,131,23,85,2,1,11,0,151,89,5,7,0
0,_39-934,_39-934 SCAMMON BAY,_39-934 SCAMMON BAY,34,108,0,0,3,0,5,101,12,36,0,0,9,0,92,54,7,3,0
0,_39-936,_39-936 SHAKTOOLIK,_39-936 SHAKTOOLIK,30,54,3,0,6,3,3,59,10,21,0,0,6,0,71,21,2,4,0
0,_39-938,_39-938 SHISHMAREF,_39-938 SHISHMAREF,28,137,4,1,15,2,24,137,14,49,2,0,7,2,113,80,8,7,2
0,_39-940,_39-940 ST. MARY'S,_39-940 ST. MARY'S,23,112,9,1,14,0,15,101,21,41,1,1,11,1,96,70,6,3,0
0,_39-942,_39-942 ST. MICHAEL,_39-942 ST. MICHAEL,28,44,6,2,7,0,2,49,5,31,0,0,3,0,57,29,0,3,0
0,_39-944,_39-944 STEBBINS,_39-944 STEBBINS,15,63,9,0,13,2,19,48,7,63,0,2,3,0,82,30,5,4,0
0,_39-946,_39-946 TELLER,_39-946 TELLER,18,37,2,5,2,0,13,46,7,16,1,0,6,0,36,36,3,2,0
0,_39-948,_39-948 UNALAKLEET,_39-948 UNALAKLEET,102,163,23,3,9,0,23,214,16,68,3,0,14,1,204,101,8,2,3
0,_39-950,_39-950 WALES,_39-950 WALES,5,21,1,13,2,0,4,24,6,9,0,0,7,0,21,20,2,3,0
0,_39-952,_39-952 WHITE MOUNTAIN,_39-952 WHITE MOUNTAIN,19,38,4,1,4,0,10,47,9,14,0,0,6,1,39,34,2,2,0
0,_40-002,_40-002 AMBLER,_40-002 AMBLER,13,70,8,4,8,3,4,51,18,25,0,1,10,0,55,40,10,0,0
0,_40-004,_40-004 ANAKTUVUK PASS,_40-004 ANAKTUVUK PASS,33,94,15,7,10,0,9,71,22,47,4,2,13,0,91,56,10,7,0
0,_40-006,_40-006 ATQASUK,_40-006 ATQASUK,18,36,6,2,6,2,5,39,4,21,2,1,4,0,41,18,7,4,0
0,_40-008,_40-008 BARROW,_40-008 BARROW,161,232,12,10,9,6,23,258,47,79,6,0,50,0,238,154,26,14,6
0,_40-010,_40-010 BROWERVILLE,_40-010 BROWERVILLE,380,476,32,22,33,6,47,589,96,150,11,2,112,6,569,307,56,20,11
0,_40-012,_40-012 BUCKLAND,_40-012 BUCKLAND,26,74,10,8,10,1,17,94,16,26,3,0,7,0,86,37,12,7,0
0,_40-014,_40-014 DEERING,_40-014 DEERING,5,35,0,4,5,2,5,29,7,15,0,0,5,0,32,17,5,2,0
0,_40-016,_40-016 KAKTOVIK,_40-016 KAKTOVIK,33,32,4,5,11,1,4,52,9,13,1,0,12,0,46,26,11,3,0
0,_40-018,_40-018 KIANA,_40-018 KIANA,40,72,6,0,7,0,12,76,18,20,2,1,13,2,85,40,6,2,0
0,_40-020,_40-020 KIVALINA,_40-020 KIVALINA,23,63,5,0,18,2,18,69,16,30,2,0,10,0,84,36,8,1,0
0,_40-022,_40-022 KOBUK,_40-022 KOBUK,6,18,5,0,12,1,7,21,4,21,0,0,4,0,35,9,6,0,0
0,_40-024,_40-024 KOTZEBUE,_40-024 KOTZEBUE,299,474,47,21,32,7,41,520,83,208,11,2,75,2,489,355,39,17,2
0,_40-026,_40-026 NOATAK,_40-026 NOATAK,40,75,13,1,17,2,11,90,14,41,2,0,13,0,102,42,12,4,0
0,_40-028,_40-028 NOORVIK,_40-028 NOORVIK,44,83,10,2,15,1,10,95,17,37,0,3,6,1,98,46,11,3,1
0,_40-030,_40-030 NUIQSUT,_40-030 NUIQSUT,29,38,9,2,13,1,24,59,13,37,0,2,12,0,73,33,8,4,1
0,_40-032,_40-032 POINT HOPE,_40-032 POINT HOPE,46,105,9,0,8,0,3,98,19,39,0,1,10,0,98,52,9,6,0
0,_40-034,_40-034 POINT LAY,_40-034 POINT LAY,18,30,3,4,17,0,10,42,10,24,0,0,7,0,48,21,5,2,2
0,_40-036,_40-036 SELAWIK,_40-036 SELAWIK,42,89,6,0,5,2,7,73,12,55,3,0,4,0,99,41,6,1,0
0,_40-038,_40-038 SHUNGNAK,_40-038 SHUNGNAK,10,69,1,0,5,0,5,58,13,16,0,1,0,0,54,31,2,0,0
0,_40-040,_40-040 WAINWRIGHT,_40-040 WAINWRIGHT,73,59,3,1,15,3,12,92,4,52,1,0,15,0,111,35,14,2,1
0,_40-326,_40-326 ALLAKAKET,_40-326 ALLAKAKET,9,64,5,0,1,0,0,60,10,13,0,0,2,0,43,34,2,1,0
0,_40-328,_40-328 BETTLES,_40-328 BETTLES,22,22,0,0,0,0,5,13,9,15,0,0,8,0,27,12,8,0,0
0,_40-330,_40-330 HUGHES,_40-330 HUGHES,7,31,4,0,8,2,3,35,7,12,0,0,0,0,34,13,2,4,0
